id,category,url,title,image,ingredients,steps,steps_text,text,all_text
resep-24955519,ayam,https://cookpad.com/id/resep/24955519,Egg Chicken Roll,https://img-global.cpcdn.com/recipes/f8ec21222df33b4e/1200x630cq80/photo.jpg,"['1 butir telur', '1 butir kuning telur', '60 gr tepung terigu', '15 gr maizena rose brand', '1/2 sdm garam', '1/2 sdm kaldu jamur', '1/4 sdm gula pasir', '3 tetes pewarna kuning', '15 ml minyak', '180 ml air', '300 gr paha ayam fillet', '1 butir putih telur', '3 siung bawang putih (iris, goreng)', '1 siung bawang merah (iris, goreng)', '1 sdm saori', '1 sdm minyak wijen', '1 sdm kecap asin', '1/2 sdm garam', '1/2 sdm lada bubuk', '1/2 sdm kaldu jamur', '1/2 sdm gula pasir', '1/2 sdm bubuk pala (bubuk ngohiong)', '1 sdm tepung tapioka', '1 sdm maizena Rose brand', '40 ml air es', '1 sdm tepung terigu', 'Secukupnya air']","[{'text': 'Siapkan semua bahan. Bahan kulit, bahan isian dan bahan perekat.', 'images': ['https://img-global.cpcdn.com/steps/1284d8b1c429fa1a/400x400cq80/photo.jpg', 'https://img-global.cpcdn.com/steps/70dca270356b9399/400x400cq80/photo.jpg']}, {'text': 'Kocok telur dan semua bahan, kecuali tepung terigu, maizena dan air. Selanjutnya masukkan terigu, maizena dan air sedikit demi sedikit sampai kental dan tidak ada yg bergerinjil.', 'images': ['https://img-global.cpcdn.com/steps/5376bf51c4924303/400x400cq80/photo.jpg', 'https://img-global.cpcdn.com/steps/3ed5e5b1643124c2/400x400cq80/photo.jpg', 'https://img-global.cpcdn.com/steps/c07df2f25d3d8d89/400x400cq80/photo.jpg']}, {'text': 'Tuang air sampai habis (Adonan memang encer). Kalau perlu disaring agar hasilnya mulus. Sisihkan sebentar.', 'images': ['https://img-global.cpcdn.com/steps/4394565cf80de70b/400x400cq80/photo.jpg', 'https://img-global.cpcdn.com/steps/5404c2b55a53c454/400x400cq80/photo.jpg']}, {'text': 'Sambil menggoreng bawang, potong kecil paha ayam fillet agar gampang di chopper.', 'images': ['https://img-global.cpcdn.com/steps/5da5e78999af86a8/400x400cq80/photo.jpg', 'https://img-global.cpcdn.com/steps/3b0c2180b62cc3b5/400x400cq80/photo.jpg']}, {'text': 'Masukkan semua bahan isian ke dalam chopper. Chopper hingga halus.', 'images': ['https://img-global.cpcdn.com/steps/d631f59ef13a909c/400x400cq80/photo.jpg', 'https://img-global.cpcdn.com/steps/2e4f37b0be1f821b/400x400cq80/photo.jpg', 'https://img-global.cpcdn.com/steps/1b8f231137accb3a/400x400cq80/photo.jpg']}, {'text': 'Panaskan Teflon yang telah dioles minyak. Setelah panas tuangkan 1 sendok adonan kulit sambil diputar agar merata.', 'images': ['https://img-global.cpcdn.com/steps/68ac5bb88bb4d37a/400x400cq80/photo.jpg']}, {'text': 'Setelah pinggirannya mengering dan lepas sendiri dari Teflon, angkat dan beri isian. Gulung yang rapat seperti menggulung risol. Dan beri adonan perekat diujung nya agar tertutup rapat.', 'images': ['https://img-global.cpcdn.com/steps/b4ddf2d1b5bd33d8/400x400cq80/photo.jpg', 'https://img-global.cpcdn.com/steps/bd6d0ad65e94facc/400x400cq80/photo.jpg']}, {'text': 'Oles kukusan dengan minyak. Panaskan kukusan hingga air mendidih lalu masukkan eggroll. Tutup kukusan dialasi dengan serbet. Kukus selama 15-20 menit.', 'images': ['https://img-global.cpcdn.com/steps/39a75e6d24d7af11/400x400cq80/photo.jpg', 'https://img-global.cpcdn.com/steps/e8adba4293ae0379/400x400cq80/photo.jpg', 'https://img-global.cpcdn.com/steps/ba1e2b8f9747b47c/400x400cq80/photo.jpg']}, {'text': 'Iris serong dan goreng hingga kecoklatan. Sajikan selagi hangat', 'images': ['https://img-global.cpcdn.com/steps/6b33aabef84e3689/400x400cq80/photo.jpg', 'https://img-global.cpcdn.com/steps/0c7b086875ac0680/400x400cq80/photo.jpg']}, {'text': 'Jika ingin disimpan, letak di wadah tertutup dan simpan di freezer. (Tahan 3 bulan di freezer)', 'images': ['https://img-global.cpcdn.com/steps/385b00d573769efc/400x400cq80/photo.jpg']}]","Siapkan semua bahan. Bahan kulit, bahan isian dan bahan perekat., Kocok telur dan semua bahan, kecuali tepung terigu, maizena dan air. Selanjutnya masukkan terigu, maizena dan air sedikit demi sedikit sampai kental dan tidak ada yg bergerinjil., Tuang air sampai habis (Adonan memang encer). Kalau perlu disaring agar hasilnya mulus. Sisihkan sebentar., Sambil menggoreng bawang, potong kecil paha ayam fillet agar gampang di chopper., Masukkan semua bahan isian ke dalam chopper. Chopper hingga halus., Panaskan Teflon yang telah dioles minyak. Setelah panas tuangkan 1 sendok adonan kulit sambil diputar agar merata., Setelah pinggirannya mengering dan lepas sendiri dari Teflon, angkat dan beri isian. Gulung yang rapat seperti menggulung risol. Dan beri adonan perekat diujung nya agar tertutup rapat., Oles kukusan dengan minyak. Panaskan kukusan hingga air mendidih lalu masukkan eggroll. Tutup kukusan dialasi dengan serbet. Kukus selama 15-20 menit., Iris serong dan goreng hingga kecoklatan. Sajikan selagi hangat, Jika ingin disimpan, letak di wadah tertutup dan simpan di freezer. (Tahan 3 bulan di freezer)","telur, kuning telur, tepung terigu, maizena rose brand, garam, kaldu jamur, gula pasir, tetes pewarna kuning, minyak, air, paha ayam fillet, putih telur, bawang putih iris goreng, bawang merah iris goreng, saori, minyak wijen, kecap asin, garam, lada bubuk, kaldu jamur, gula pasir, bubuk pala bubuk ngohiong, tepung tapioka, maizena rose brand, air es, tepung terigu, air","ayam Egg Chicken Roll Bahan telur, kuning telur, tepung terigu, maizena rose brand, garam, kaldu jamur, gula pasir, tetes pewarna kuning, minyak, air, paha ayam fillet, putih telur, bawang putih iris goreng, bawang merah iris goreng, saori, minyak wijen, kecap asin, garam, lada bubuk, kaldu jamur, gula pasir, bubuk pala bubuk ngohiong, tepung tapioka, maizena rose brand, air es, tepung terigu, air Langkah-Langkah Siapkan semua bahan. Bahan kulit, bahan isian dan bahan perekat., Kocok telur dan semua bahan, kecuali tepung terigu, maizena dan air. Selanjutnya masukkan terigu, maizena dan air sedikit demi sedikit sampai kental dan tidak ada yg bergerinjil., Tuang air sampai habis (Adonan memang encer). Kalau perlu disaring agar hasilnya mulus. Sisihkan sebentar., Sambil menggoreng bawang, potong kecil paha ayam fillet agar gampang di chopper., Masukkan semua bahan isian ke dalam chopper. Chopper hingga halus., Panaskan Teflon yang telah dioles minyak. Setelah panas tuangkan 1 sendok adonan kulit sambil diputar agar merata., Setelah pinggirannya mengering dan lepas sendiri dari Teflon, angkat dan beri isian. Gulung yang rapat seperti menggulung risol. Dan beri adonan perekat diujung nya agar tertutup rapat., Oles kukusan dengan minyak. Panaskan kukusan hingga air mendidih lalu masukkan eggroll. Tutup kukusan dialasi dengan serbet. Kukus selama 15-20 menit., Iris serong dan goreng hingga kecoklatan. Sajikan selagi hangat, Jika ingin disimpan, letak di wadah tertutup dan simpan di freezer. (Tahan 3 bulan di freezer)"
resep-24983411,ayam,https://cookpad.com/id/resep/24983411,Ayam Panggang Madu Ketumbar,https://img-global.cpcdn.com/recipes/87e2dd042a7fdb3e/1200x630cq80/photo.jpg,"['500-600 gr Ayam, potong2', '50 gr minyak untuk menumis', '12 gr Kaldu Ayam (1sdt)', '15 ml kecap asin', '15 ml saus tiram', '25 ml kecap manis', '25 ml madu', '15 gr jahe parut (2 ruas jari)', '1 batang serai (18 gr)', '40 gr bawang merah', '30 gr bawang putih', '50 gr kemiri', '5 gr ketumbar bubuk', '2 gr daun salam (2 lembar)', '2 gr lada bubuk', '2 gr garam (1/4 sdt)', '2 gr minyak wijen', '300 ml air']","[{'text': 'Panaskan minyak, masukkan bawang merah dan bawang putih yang sudah dihaluskan, tumis sampai harum.Masukkan daun salam, jahe parut. Serai iris.', 'images': ['https://img-global.cpcdn.com/steps/a28431ab5a6bc905/400x400cq80/photo.jpg']}, {'text': 'Masukkan Ayam yang telah dicuci bersih kedalam tumisan bumbu,tambahkan ketumbar bubuk, garam,lada, aduk rata.', 'images': ['https://img-global.cpcdn.com/steps/2ed18c9f175654a8/400x400cq80/photo.jpg', 'https://img-global.cpcdn.com/steps/f0ab91cfd4368309/400x400cq80/photo.jpg', 'https://img-global.cpcdn.com/steps/b6811281eb25828c/400x400cq80/photo.jpg']}, {'text': 'Tambahkan,Lada, kaldu bubuk, garam,ketumbar, kecap manis, kecap Asin, saus tiram, minyak wijen, aduk rata.', 'images': ['https://img-global.cpcdn.com/steps/267653fe40053321/400x400cq80/photo.jpg', 'https://img-global.cpcdn.com/steps/c3415066f30b09dd/400x400cq80/photo.jpg', 'https://img-global.cpcdn.com/steps/3fae0843900accbe/400x400cq80/photo.jpg']}, {'text': 'Masak kurang lebih 20 menit/hingga air menyusut, kemudian tambahkan madu.', 'images': ['https://img-global.cpcdn.com/steps/e5b69b6626503014/400x400cq80/photo.jpg', 'https://img-global.cpcdn.com/steps/f08e80c5fdcb0dc3/400x400cq80/photo.jpg', 'https://img-global.cpcdn.com/steps/26bbb8524073d1fd/400x400cq80/photo.jpg']}, {'text': 'Masak hingga keluar minyak dan matang ( bagian bawah ayam kecoklatan.', 'images': ['https://img-global.cpcdn.com/steps/005502f3e5da73d5/400x400cq80/photo.jpg', 'https://img-global.cpcdn.com/steps/613bbf3166ae6ec0/400x400cq80/photo.jpg']}]","Panaskan minyak, masukkan bawang merah dan bawang putih yang sudah dihaluskan, tumis sampai harum.Masukkan daun salam, jahe parut. Serai iris., Masukkan Ayam yang telah dicuci bersih kedalam tumisan bumbu,tambahkan ketumbar bubuk, garam,lada, aduk rata., Tambahkan,Lada, kaldu bubuk, garam,ketumbar, kecap manis, kecap Asin, saus tiram, minyak wijen, aduk rata., Masak kurang lebih 20 menit/hingga air menyusut, kemudian tambahkan madu., Masak hingga keluar minyak dan matang ( bagian bawah ayam kecoklatan.","ayam, minyak, kaldu ayam, kecap asin, saus tiram, kecap manis, madu, jahe jari, serai, bawang merah, bawang putih, kemiri, ketumbar bubuk, daun salam, lada bubuk, garam, minyak wijen, air","ayam Ayam Panggang Madu Ketumbar Bahan ayam, minyak, kaldu ayam, kecap asin, saus tiram, kecap manis, madu, jahe jari, serai, bawang merah, bawang putih, kemiri, ketumbar bubuk, daun salam, lada bubuk, garam, minyak wijen, air Langkah-Langkah Panaskan minyak, masukkan bawang merah dan bawang putih yang sudah dihaluskan, tumis sampai harum.Masukkan daun salam, jahe parut. Serai iris., Masukkan Ayam yang telah dicuci bersih kedalam tumisan bumbu,tambahkan ketumbar bubuk, garam,lada, aduk rata., Tambahkan,Lada, kaldu bubuk, garam,ketumbar, kecap manis, kecap Asin, saus tiram, minyak wijen, aduk rata., Masak kurang lebih 20 menit/hingga air menyusut, kemudian tambahkan madu., Masak hingga keluar minyak dan matang ( bagian bawah ayam kecoklatan."
resep-24975670,ayam,https://cookpad.com/id/resep/24975670,Ayam Asam Manis Pedas,https://img-global.cpcdn.com/recipes/07575109e9154146/1200x630cq80/photo.jpg,"['secukupnya Paha ayam dan 2 potong daging ayam ukuran kecil', '2 buah Jeruk nipis', 'secukupnya Garam', '2 sdm Minyak goreng u/ dibalur ke daging ayam sebelum dipanggang', 'secukupnya Minyak goreng', '1 buah Bawang bombay iris', '3 siung Bawang putih iris', 'secukupnya Saus tomat', 'secukupnya Saus cabai', '2 bungkus Saus tiram (difoto 1 bungkus, aslinya aku pakai 2 bungkus agar rasanya lebih mantul)', 'secukupnya Kecap manis (aku pakai produk kecap Sedapp)', 'secukupnya Air bersih', 'secukupnya Buah nenas dipotong kecil', 'secukupnya Cabai merah diiris serong', 'secukupnya Cabai hijau diiris serong', '1 batang Daun bawang diiris tipis (lupa dipakai )']","[{'text': 'Siapkan daging ayam. Pesiang, cuci bersih, tiriskan, marinasi menggunakan air perasan jeruk nipis dan garam. Setelah itu, tusuk daging ayam secara menyeluruh menggunakan garpu agar bumbu meresap sampai ke dalam, bilas lalu tiriskan (bisa juga diiris-iris. Sesuaikan dengan selera masing-masing).', 'images': ['https://img-global.cpcdn.com/steps/f9f46982e54370fc/400x400cq80/photo.jpg', 'https://img-global.cpcdn.com/steps/ef4c4ba8ee6ae75e/400x400cq80/photo.jpg', 'https://img-global.cpcdn.com/steps/627303d8641f6f2c/400x400cq80/photo.jpg']}, {'text': 'Baluri daging ayam dengan 2 sdm minyak goreng secara merata. Taruh ke dalam loyang, masukkan ke dalam oven, panggang ayam menggunakan suhu atas bawah 150° c selama 30 menit. Nb : Boleh digoreng, direbus maupun dikukus. Sesuaikan dengan selera masing-masing.', 'images': ['https://img-global.cpcdn.com/steps/311974a6ed9851d8/400x400cq80/photo.jpg', 'https://img-global.cpcdn.com/steps/c7c93f91567b6646/400x400cq80/photo.jpg']}, {'text': 'Siapkan buah nenas, pesiang (kupas kulit, buang matanya dan potong), cuci bersih, tiriskan.', 'images': ['https://img-global.cpcdn.com/steps/35c93fbc85cec3e0/400x400cq80/photo.jpg', 'https://img-global.cpcdn.com/steps/1224d885b0f9a9b6/400x400cq80/photo.jpg']}, {'text': 'Siapkan bahan pelengkap lainnya. Pesiang bahan, cuci bersih dan tiriskan.', 'images': ['https://img-global.cpcdn.com/steps/24ab999327207e3c/400x400cq80/photo.jpg', 'https://img-global.cpcdn.com/steps/b1848a30fc9a91fc/400x400cq80/photo.jpg', 'https://img-global.cpcdn.com/steps/c35ca728c1a04fca/400x400cq80/photo.jpg']}, {'text': 'Berikutnya, masak kuah asam manis. Panaskan minyak. Masukkan bawang bombay dan bawang putih. Tumis hingga layu, harum dan berwarna kuning keemasan.', 'images': ['https://img-global.cpcdn.com/steps/2c00633241fa67ee/400x400cq80/photo.jpg', 'https://img-global.cpcdn.com/steps/7c795851eda89403/400x400cq80/photo.jpg']}, {'text': 'Masukkan saus tomat, saus cabai, air, kecap manis, nenas, cabai merah, cabai hijau dan saus tiram. Aduk-aduk.', 'images': ['https://img-global.cpcdn.com/steps/47801fa11ae47990/400x400cq80/photo.jpg', 'https://img-global.cpcdn.com/steps/510b36806627cde7/400x400cq80/photo.jpg', 'https://img-global.cpcdn.com/steps/cc55820819e5f04c/400x400cq80/photo.jpg']}, {'text': 'Masukkan ayam panggang 1/2 matang ke dalam wajan.', 'images': ['https://img-global.cpcdn.com/steps/5b8ff2beab26ea31/400x400cq80/photo.jpg', 'https://img-global.cpcdn.com/steps/8cef44839008a5e9/400x400cq80/photo.jpg']}, {'text': 'Aduk sampai merata. Masak hingga matang. Koreksi rasa. Jika sudah pas, matikan kompor. Pindahkan ayam pedas manis asam ke dalam piring.', 'images': ['https://img-global.cpcdn.com/steps/bf9331544a24df21/400x400cq80/photo.jpg', 'https://img-global.cpcdn.com/steps/3c6c5fe14788fac1/400x400cq80/photo.jpg']}, {'text': 'Ayam pedas manis asam yang enakk parrahh siap dinikmati sepenuh hati', 'images': ['https://img-global.cpcdn.com/steps/38fda4b1251048cc/400x400cq80/photo.jpg', 'https://img-global.cpcdn.com/steps/2da5a19ece027880/400x400cq80/photo.jpg', 'https://img-global.cpcdn.com/steps/2bfc93dcf4c560c5/400x400cq80/photo.jpg']}]","Siapkan daging ayam. Pesiang, cuci bersih, tiriskan, marinasi menggunakan air perasan jeruk nipis dan garam. Setelah itu, tusuk daging ayam secara menyeluruh menggunakan garpu agar bumbu meresap sampai ke dalam, bilas lalu tiriskan (bisa juga diiris-iris. Sesuaikan dengan selera masing-masing)., Baluri daging ayam dengan 2 sdm minyak goreng secara merata. Taruh ke dalam loyang, masukkan ke dalam oven, panggang ayam menggunakan suhu atas bawah 150° c selama 30 menit. Nb : Boleh digoreng, direbus maupun dikukus. Sesuaikan dengan selera masing-masing., Siapkan buah nenas, pesiang (kupas kulit, buang matanya dan potong), cuci bersih, tiriskan., Siapkan bahan pelengkap lainnya. Pesiang bahan, cuci bersih dan tiriskan., Berikutnya, masak kuah asam manis. Panaskan minyak. Masukkan bawang bombay dan bawang putih. Tumis hingga layu, harum dan berwarna kuning keemasan., Masukkan saus tomat, saus cabai, air, kecap manis, nenas, cabai merah, cabai hijau dan saus tiram. Aduk-aduk., Masukkan ayam panggang 1/2 matang ke dalam wajan., Aduk sampai merata. Masak hingga matang. Koreksi rasa. Jika sudah pas, matikan kompor. Pindahkan ayam pedas manis asam ke dalam piring., Ayam pedas manis asam yang enakk parrahh siap dinikmati sepenuh hati","paha ayam daging ayam, jeruk nipis, garam, minyak goreng, minyak goreng, bawang bombay iris, bawang putih iris, saus tomat, saus cabai, saus tiram difoto aslinya aku pakai agar rasanya lebih mantul, kecap manis, air bersih, nenas, cabai merah, cabai hijau, daun bawang","ayam Ayam Asam Manis Pedas Bahan paha ayam daging ayam, jeruk nipis, garam, minyak goreng, minyak goreng, bawang bombay iris, bawang putih iris, saus tomat, saus cabai, saus tiram difoto aslinya aku pakai agar rasanya lebih mantul, kecap manis, air bersih, nenas, cabai merah, cabai hijau, daun bawang Langkah-Langkah Siapkan daging ayam. Pesiang, cuci bersih, tiriskan, marinasi menggunakan air perasan jeruk nipis dan garam. Setelah itu, tusuk daging ayam secara menyeluruh menggunakan garpu agar bumbu meresap sampai ke dalam, bilas lalu tiriskan (bisa juga diiris-iris. Sesuaikan dengan selera masing-masing)., Baluri daging ayam dengan 2 sdm minyak goreng secara merata. Taruh ke dalam loyang, masukkan ke dalam oven, panggang ayam menggunakan suhu atas bawah 150° c selama 30 menit. Nb : Boleh digoreng, direbus maupun dikukus. Sesuaikan dengan selera masing-masing., Siapkan buah nenas, pesiang (kupas kulit, buang matanya dan potong), cuci bersih, tiriskan., Siapkan bahan pelengkap lainnya. Pesiang bahan, cuci bersih dan tiriskan., Berikutnya, masak kuah asam manis. Panaskan minyak. Masukkan bawang bombay dan bawang putih. Tumis hingga layu, harum dan berwarna kuning keemasan., Masukkan saus tomat, saus cabai, air, kecap manis, nenas, cabai merah, cabai hijau dan saus tiram. Aduk-aduk., Masukkan ayam panggang 1/2 matang ke dalam wajan., Aduk sampai merata. Masak hingga matang. Koreksi rasa. Jika sudah pas, matikan kompor. Pindahkan ayam pedas manis asam ke dalam piring., Ayam pedas manis asam yang enakk parrahh siap dinikmati sepenuh hati"
resep-24983731,ayam,https://cookpad.com/id/resep/24983731,Ayam panggang teflon,https://img-global.cpcdn.com/recipes/ab8f2174a1814a39/1200x630cq80/photo.jpg,"['1 kg ayam negri (dipotong 10)', '1 buah jeruk nipis', 'Secukupnya air', '1/2 bungkus kecil asam jawa', '2 sdm saus tiram', 'Secukupnya kecap manis', 'Sedikit gula merah', 'Secukupnya garam', '2 buah kemiri', 'Secukupnya penyedap rasa', '7 buah bawang merah', '3 buah bawang putih', '1 sdt lada bubuk/lada bijian', '1/2 sdm ketumbar bijian/bubuk', '1 sdm madu', 'Secukupnya minyak goreng', '5 cm jahe']","[{'text': 'Cuci bersih ayam pada air mengalir, kemudian lumuri dengan air perasan jeruk nipis & sedikit garam, diamkan selama ± 3 menit. Setelah 3 menit, cuci bersih kembali & rebus sebentar ayam selama ± 15 menit dengan secukupnya air. Jika sudah 15 menit, angkat & tiriskan ayam. Sisihkan.', 'images': ['https://img-global.cpcdn.com/steps/b4977f3ab2290633/400x400cq80/photo.jpg', 'https://img-global.cpcdn.com/steps/fd67db4b821cd3fc/400x400cq80/photo.jpg']}, {'text': 'Kupas kulit bawang merah, bawang putih & juga jahe. Cuci bersih bawang merah, bawang putih, jahe & juga kemiri. Setelah itu haluskan : bawang merah, bawang putih, lada, ketumbar, kemiri, jahe & beri sedikit air/minyak goreng.', 'images': ['https://img-global.cpcdn.com/steps/b170664abde46248/400x400cq80/photo.jpg', 'https://img-global.cpcdn.com/steps/6b06b14162be1173/400x400cq80/photo.jpg', 'https://img-global.cpcdn.com/steps/37f6ebf653bb06c6/400x400cq80/photo.jpg']}, {'text': 'Panaskan minyak goreng, tumis bumbu yang sudah dihaluskan tadi sampai harum, kemudian masukkan ayam kedalamnya & aduk rata, setelah itu masukkan air secukupnya (kira - kira 1 liter air/disesuaikan dengan selera ya) kedalamnya. Beri saus tiram, penyedap rasa, garam, kecap manis, 1/2 bungkus kecil asam Jawa & sedikit gula merah. Aduk rata & koreksi rasa, masak sampai air menyusut 1/2. Jika sudah menyusut 1/2 masukkan madu, aduk rata & masak sampai air menyusut yg diinginkan', 'images': ['https://img-global.cpcdn.com/steps/aa571f217cc7bb36/400x400cq80/photo.jpg', 'https://img-global.cpcdn.com/steps/7dd7e84d3b1722e9/400x400cq80/photo.jpg']}, {'text': 'Jika air sudah menyusut yang diinginkan,matikan api kompor & tuang kedalam wadah bersih/mangkok/piring. Kalau mau dimakan, bisa dipanggang terlebih dahulu menggunakan teflon. Sajikan dengan lalapan & juga sambel. Selamat mencoba. (Ayam yang berada didalam wadah bisa dimasukkan kedalam freezer & tutup rapat, bisa dijadikan sebagai Frozen food juga).', 'images': ['https://img-global.cpcdn.com/steps/dfb37c086e42d70e/400x400cq80/photo.jpg']}]","Cuci bersih ayam pada air mengalir, kemudian lumuri dengan air perasan jeruk nipis & sedikit garam, diamkan selama ± 3 menit. Setelah 3 menit, cuci bersih kembali & rebus sebentar ayam selama ± 15 menit dengan secukupnya air. Jika sudah 15 menit, angkat & tiriskan ayam. Sisihkan., Kupas kulit bawang merah, bawang putih & juga jahe. Cuci bersih bawang merah, bawang putih, jahe & juga kemiri. Setelah itu haluskan : bawang merah, bawang putih, lada, ketumbar, kemiri, jahe & beri sedikit air/minyak goreng., Panaskan minyak goreng, tumis bumbu yang sudah dihaluskan tadi sampai harum, kemudian masukkan ayam kedalamnya & aduk rata, setelah itu masukkan air secukupnya (kira - kira 1 liter air/disesuaikan dengan selera ya) kedalamnya. Beri saus tiram, penyedap rasa, garam, kecap manis, 1/2 bungkus kecil asam Jawa & sedikit gula merah. Aduk rata & koreksi rasa, masak sampai air menyusut 1/2. Jika sudah menyusut 1/2 masukkan madu, aduk rata & masak sampai air menyusut yg diinginkan, Jika air sudah menyusut yang diinginkan,matikan api kompor & tuang kedalam wadah bersih/mangkok/piring. Kalau mau dimakan, bisa dipanggang terlebih dahulu menggunakan teflon. Sajikan dengan lalapan & juga sambel. Selamat mencoba. (Ayam yang berada didalam wadah bisa dimasukkan kedalam freezer & tutup rapat, bisa dijadikan sebagai Frozen food juga).","ayam negri, jeruk nipis, air, asam jawa, saus tiram, kecap manis, gula merah, garam, kemiri, rasa, bawang merah, bawang putih, lada bubuklada bijian, ketumbar bijianbubuk, madu, minyak goreng, jahe","ayam Ayam panggang teflon Bahan ayam negri, jeruk nipis, air, asam jawa, saus tiram, kecap manis, gula merah, garam, kemiri, rasa, bawang merah, bawang putih, lada bubuklada bijian, ketumbar bijianbubuk, madu, minyak goreng, jahe Langkah-Langkah Cuci bersih ayam pada air mengalir, kemudian lumuri dengan air perasan jeruk nipis & sedikit garam, diamkan selama ± 3 menit. Setelah 3 menit, cuci bersih kembali & rebus sebentar ayam selama ± 15 menit dengan secukupnya air. Jika sudah 15 menit, angkat & tiriskan ayam. Sisihkan., Kupas kulit bawang merah, bawang putih & juga jahe. Cuci bersih bawang merah, bawang putih, jahe & juga kemiri. Setelah itu haluskan : bawang merah, bawang putih, lada, ketumbar, kemiri, jahe & beri sedikit air/minyak goreng., Panaskan minyak goreng, tumis bumbu yang sudah dihaluskan tadi sampai harum, kemudian masukkan ayam kedalamnya & aduk rata, setelah itu masukkan air secukupnya (kira - kira 1 liter air/disesuaikan dengan selera ya) kedalamnya. Beri saus tiram, penyedap rasa, garam, kecap manis, 1/2 bungkus kecil asam Jawa & sedikit gula merah. Aduk rata & koreksi rasa, masak sampai air menyusut 1/2. Jika sudah menyusut 1/2 masukkan madu, aduk rata & masak sampai air menyusut yg diinginkan, Jika air sudah menyusut yang diinginkan,matikan api kompor & tuang kedalam wadah bersih/mangkok/piring. Kalau mau dimakan, bisa dipanggang terlebih dahulu menggunakan teflon. Sajikan dengan lalapan & juga sambel. Selamat mencoba. (Ayam yang berada didalam wadah bisa dimasukkan kedalam freezer & tutup rapat, bisa dijadikan sebagai Frozen food juga)."
resep-24975281,ayam,https://cookpad.com/id/resep/24975281,Chicken Spicy Wings,https://img-global.cpcdn.com/recipes/e9ff08c914514ff4/1200x630cq80/photo.jpg,"['2 kg sayap ayam', 'Secukupnya minyak untuk menggoreng', '2 sachet saus tiram', '2 sachet bawang putih bubuk', '1 sachet lada bubuk', '1 sdm garam', '1 sdm penyedap/ micin', '4 sdm saus tomat', '8 sdm saus sambal', '3 sdm bubuk paprika', '2 sdm cabe bubuk (saya pakai bon cabe level 10)', '5 sdm palm sugar', '2 sdm minyak wijen']","[{'text': 'Cuci bersih sayap ayam, potong jadi 2. Di wadah terpisah, campurkan semua bahan bumbu kemudian koreksi rasa.', 'images': ['https://img-global.cpcdn.com/steps/b4134d94a293390d/400x400cq80/photo.jpg', 'https://img-global.cpcdn.com/steps/427664c8415f7f3c/400x400cq80/photo.jpg', 'https://img-global.cpcdn.com/steps/4e7411a6fb21ec17/400x400cq80/photo.jpg']}, {'text': 'Jika rasa saus dirasa sudah pas, campur jadi 1 dengan ayam kemudian aduk rata. Marinasi 45 menit. Setelah dimarinasi, masak ayam selama 40 menit (api sedang-besar) sambil sesekali diaduk kemudian masak hingga air habis dan bumbu menempel pada ayam. Ayam bisa langsung digoreng/ disimpan untuk stock frozen food (pastikan dulu ayam dingin sebelum dipindah wadah dan disimpan di freezer).', 'images': ['https://img-global.cpcdn.com/steps/1c6277022c7da313/400x400cq80/photo.jpg', 'https://img-global.cpcdn.com/steps/bc29243ed6ac5684/400x400cq80/photo.jpg', 'https://img-global.cpcdn.com/steps/7cc88c7f802391c2/400x400cq80/photo.jpg']}, {'text': 'Panaskan secukupnya minyak untuk menggoreng ayam, gunakan api kecil-sedang, goreng ayam hingga matang. Sajikan ayam. Selamat mencoba.', 'images': ['https://img-global.cpcdn.com/steps/ff74c38244e4c6c1/400x400cq80/photo.jpg', 'https://img-global.cpcdn.com/steps/cfbdd5da1202d1e6/400x400cq80/photo.jpg', 'https://img-global.cpcdn.com/steps/70e2cfb4c83e52fa/400x400cq80/photo.jpg']}]","Cuci bersih sayap ayam, potong jadi 2. Di wadah terpisah, campurkan semua bahan bumbu kemudian koreksi rasa., Jika rasa saus dirasa sudah pas, campur jadi 1 dengan ayam kemudian aduk rata. Marinasi 45 menit. Setelah dimarinasi, masak ayam selama 40 menit (api sedang-besar) sambil sesekali diaduk kemudian masak hingga air habis dan bumbu menempel pada ayam. Ayam bisa langsung digoreng/ disimpan untuk stock frozen food (pastikan dulu ayam dingin sebelum dipindah wadah dan disimpan di freezer)., Panaskan secukupnya minyak untuk menggoreng ayam, gunakan api kecil-sedang, goreng ayam hingga matang. Sajikan ayam. Selamat mencoba.","sayap ayam, minyak, saus tiram, bawang putih bubuk, lada bubuk, garam, micin, saus tomat, saus sambal, bubuk paprika, cabe bubuk, palm sugar, minyak wijen","ayam Chicken Spicy Wings Bahan sayap ayam, minyak, saus tiram, bawang putih bubuk, lada bubuk, garam, micin, saus tomat, saus sambal, bubuk paprika, cabe bubuk, palm sugar, minyak wijen Langkah-Langkah Cuci bersih sayap ayam, potong jadi 2. Di wadah terpisah, campurkan semua bahan bumbu kemudian koreksi rasa., Jika rasa saus dirasa sudah pas, campur jadi 1 dengan ayam kemudian aduk rata. Marinasi 45 menit. Setelah dimarinasi, masak ayam selama 40 menit (api sedang-besar) sambil sesekali diaduk kemudian masak hingga air habis dan bumbu menempel pada ayam. Ayam bisa langsung digoreng/ disimpan untuk stock frozen food (pastikan dulu ayam dingin sebelum dipindah wadah dan disimpan di freezer)., Panaskan secukupnya minyak untuk menggoreng ayam, gunakan api kecil-sedang, goreng ayam hingga matang. Sajikan ayam. Selamat mencoba."
resep-24978641,ayam,https://cookpad.com/id/resep/24978641,Ayam Goreng Ketumbar,https://img-global.cpcdn.com/recipes/7e9128bd5d2052f2/1200x630cq80/photo.jpg,"['1 ekor ayam (700 gram), potong sesuai selera', '5 sdm maizena', '500 ml minyak untuk menggoreng', '50 ml susu uht', '1 sdm air lemon/jeruk nipis/cuka', '2 sdm ketumbar butir', '5 butir bawang merah', '10 siung bawang putih', '3 lembar daun jeruk', '1 ruas kunyit', '1 ruas jahe', '5 butir kemiri goreng', '2 sdt kaldu jamur', '1 1/4 sdm garam', '25 ml air']","[{'text': 'Campur susu uht putih dan cuka, aduk rata. Diamkan ± 10 menit. Bersihkan ayam. Potongan jangan terlalu besar. Masukkan campuran susu uht dan air lemon/jeruk nipis/cuka.', 'images': ['https://img-global.cpcdn.com/steps/8b8acb7b3476dac8/400x400cq80/photo.jpg', 'https://img-global.cpcdn.com/steps/eb27ffb27ac3bf24/400x400cq80/photo.jpg']}, {'text': 'Chopper/ulek bumbu yang dihaluskan (jika ulek, tidak perlu memakai 25 ml air).', 'images': ['https://img-global.cpcdn.com/steps/542961413b7140ad/400x400cq80/photo.jpg']}, {'text': 'Balurkan bumbu halus di ayam. Aduk hingga merata. Diamkan ayam minimal 1 jam, simpan dalam kulkas.', 'images': ['https://img-global.cpcdn.com/steps/c80c679be2f0070d/400x400cq80/photo.jpg', 'https://img-global.cpcdn.com/steps/b16b9b89a6d3c9b1/400x400cq80/photo.jpg']}, {'text': 'Keluarkan ayam dari kulkas. Panaskan minyak goreng dalam wajan. Balurkan ayam dengan maizena, campur hingga merata.', 'images': ['https://img-global.cpcdn.com/steps/9faecbc370d390ae/400x400cq80/photo.jpg', 'https://img-global.cpcdn.com/steps/16c725d2a570f7e7/400x400cq80/photo.jpg']}, {'text': 'Goreng ayam dengan api sedang hingga matang. Angkat, tiriskan. Hidangkan ayam dengan sambal.', 'images': ['https://img-global.cpcdn.com/steps/092bd6b405ceffae/400x400cq80/photo.jpg', 'https://img-global.cpcdn.com/steps/fb890d175020d2b7/400x400cq80/photo.jpg']}]","Campur susu uht putih dan cuka, aduk rata. Diamkan ± 10 menit. Bersihkan ayam. Potongan jangan terlalu besar. Masukkan campuran susu uht dan air lemon/jeruk nipis/cuka., Chopper/ulek bumbu yang dihaluskan (jika ulek, tidak perlu memakai 25 ml air)., Balurkan bumbu halus di ayam. Aduk hingga merata. Diamkan ayam minimal 1 jam, simpan dalam kulkas., Keluarkan ayam dari kulkas. Panaskan minyak goreng dalam wajan. Balurkan ayam dengan maizena, campur hingga merata., Goreng ayam dengan api sedang hingga matang. Angkat, tiriskan. Hidangkan ayam dengan sambal.","ayam, maizena, minyak, susu uht, air lemonjeruk nipiscuka, ketumbar, bawang merah, bawang putih, daun jeruk, kunyit, jahe, kemiri goreng, kaldu jamur, garam, air","ayam Ayam Goreng Ketumbar Bahan ayam, maizena, minyak, susu uht, air lemonjeruk nipiscuka, ketumbar, bawang merah, bawang putih, daun jeruk, kunyit, jahe, kemiri goreng, kaldu jamur, garam, air Langkah-Langkah Campur susu uht putih dan cuka, aduk rata. Diamkan ± 10 menit. Bersihkan ayam. Potongan jangan terlalu besar. Masukkan campuran susu uht dan air lemon/jeruk nipis/cuka., Chopper/ulek bumbu yang dihaluskan (jika ulek, tidak perlu memakai 25 ml air)., Balurkan bumbu halus di ayam. Aduk hingga merata. Diamkan ayam minimal 1 jam, simpan dalam kulkas., Keluarkan ayam dari kulkas. Panaskan minyak goreng dalam wajan. Balurkan ayam dengan maizena, campur hingga merata., Goreng ayam dengan api sedang hingga matang. Angkat, tiriskan. Hidangkan ayam dengan sambal."
resep-24978217,ayam,https://cookpad.com/id/resep/24978217,Ayam Goreng Mentega,https://img-global.cpcdn.com/recipes/770cdbf8eac07fe3/1200x630cq80/photo.jpg,"['1/2 ekor ayam', '1 bh jeruk nipis', '1 sdm kecap asin', '2 sdm maizena Rose Brand', '1/2 sdt merica bubuk', '1/2 sdt garam', '3 siung bawang putih, geprek', '1/2 bh bawang bombai', '4 sdm Margarin Rose Brand', '3 sdm kecap inggris', '1 sdm saus tiram', '2 sdm kecap manis', '1 sdt Gula Pasir Rose Brand', '50 ml air', 'Secukupnya Minyak Goreng Rose Brand']","[{'text': 'Cuci bersih ayam, masukkan tepung Maizena Rose Brand dan bumbu lainnya, aduk rata. Tutup pakai plastik wrap, istirahatkan selama 30 menit.', 'images': ['https://img-global.cpcdn.com/steps/db0111e5135864f3/400x400cq80/photo.jpg', 'https://img-global.cpcdn.com/steps/7336da62fcdd3eb7/400x400cq80/photo.jpg', 'https://img-global.cpcdn.com/steps/593b505b9105aeba/400x400cq80/photo.jpg']}, {'text': 'Panaskan minyak goreng Rose Brand, goreng ayam pakai minyak panas hingga matang.', 'images': ['https://img-global.cpcdn.com/steps/72ab1c91ac58a1fa/400x400cq80/photo.jpg', 'https://img-global.cpcdn.com/steps/9622e4698b4e10c0/400x400cq80/photo.jpg', 'https://img-global.cpcdn.com/steps/f4537f670df53f31/400x400cq80/photo.jpg']}, {'text': 'Tumis bawang putih dengan minyak goreng Rose Brand hingga gold, masukkan margarin Rose Brand dan masukkan bawang bombai, masak hingga layu', 'images': ['https://img-global.cpcdn.com/steps/2539d8ebe986e03e/400x400cq80/photo.jpg', 'https://img-global.cpcdn.com/steps/8642bff7dd95d946/400x400cq80/photo.jpg', 'https://img-global.cpcdn.com/steps/660496960893b64c/400x400cq80/photo.jpg']}, {'text': 'Masukkan gula pasir Rose Brand dan semua bumbu, aduk rata, masukkan ayam dan air, masak hingga kental', 'images': ['https://img-global.cpcdn.com/steps/7b02187156cc40ac/400x400cq80/photo.jpg', 'https://img-global.cpcdn.com/steps/8c2d4c8e2ca1c6a4/400x400cq80/photo.jpg', 'https://img-global.cpcdn.com/steps/6eccb06b84125e19/400x400cq80/photo.jpg']}, {'text': 'Sajikan', 'images': ['https://img-global.cpcdn.com/steps/9a0504fff008b771/400x400cq80/photo.jpg', 'https://img-global.cpcdn.com/steps/16d44af9614b786d/400x400cq80/photo.jpg']}]","Cuci bersih ayam, masukkan tepung Maizena Rose Brand dan bumbu lainnya, aduk rata. Tutup pakai plastik wrap, istirahatkan selama 30 menit., Panaskan minyak goreng Rose Brand, goreng ayam pakai minyak panas hingga matang., Tumis bawang putih dengan minyak goreng Rose Brand hingga gold, masukkan margarin Rose Brand dan masukkan bawang bombai, masak hingga layu, Masukkan gula pasir Rose Brand dan semua bumbu, aduk rata, masukkan ayam dan air, masak hingga kental, Sajikan","ayam, jeruk nipis, kecap asin, maizena rose brand, merica bubuk, garam, bawang putih, bawang bombai, margarin rose brand, kecap inggris, saus tiram, kecap manis, gula pasir rose brand, air, minyak goreng rose brand","ayam Ayam Goreng Mentega Bahan ayam, jeruk nipis, kecap asin, maizena rose brand, merica bubuk, garam, bawang putih, bawang bombai, margarin rose brand, kecap inggris, saus tiram, kecap manis, gula pasir rose brand, air, minyak goreng rose brand Langkah-Langkah Cuci bersih ayam, masukkan tepung Maizena Rose Brand dan bumbu lainnya, aduk rata. Tutup pakai plastik wrap, istirahatkan selama 30 menit., Panaskan minyak goreng Rose Brand, goreng ayam pakai minyak panas hingga matang., Tumis bawang putih dengan minyak goreng Rose Brand hingga gold, masukkan margarin Rose Brand dan masukkan bawang bombai, masak hingga layu, Masukkan gula pasir Rose Brand dan semua bumbu, aduk rata, masukkan ayam dan air, masak hingga kental, Sajikan"
resep-24984015,ayam,https://cookpad.com/id/resep/24984015,Ayam Suwir Pedas Daun Jeruk Kemangi,https://img-global.cpcdn.com/recipes/376e84a85d1a1c8c/1200x630cq80/photo.jpg,"['Kunyit', 'Jahe Se Klingking', '2 Buah Kemiri', '2 Gengggam daun Kemangi', '1 lembar daun Salam', '1 batang sereh', '3 lembar daun Jeruk', '500 Gr dada Ayam', '15 buah cabe Merah Keririting', '3 buah cabe Rawit Merah', '5 siung bawang Merah', '3 siung bawang Putih']","[{'text': 'Rebus Ayam 20 Menitan, Lalu di suwir', 'images': []}, {'text': 'Blender Bawang, Cabe, Kunyit & Jahe, Kemiru', 'images': []}, {'text': 'Tumis bahan yg sudah diblender, Masukan Sereh, Salam, Daun Jeruk', 'images': []}, {'text': 'Masukan Air Secukupnya, Masukan Gula, Garam, Lada.. Koreksi Rasa', 'images': []}, {'text': 'Masukan Ayam, aduk. lalu masukan Kemangi.', 'images': []}]","Rebus Ayam 20 Menitan, Lalu di suwir, Blender Bawang, Cabe, Kunyit & Jahe, Kemiru, Tumis bahan yg sudah diblender, Masukan Sereh, Salam, Daun Jeruk, Masukan Air Secukupnya, Masukan Gula, Garam, Lada.. Koreksi Rasa, Masukan Ayam, aduk. lalu masukan Kemangi.","kunyit, jahe, kemiri, gengggam daun kemangi, daun salam, sereh, daun jeruk, dada ayam, cabe merah keririting, cabe rawit merah, bawang merah, bawang putih","ayam Ayam Suwir Pedas Daun Jeruk Kemangi Bahan kunyit, jahe, kemiri, gengggam daun kemangi, daun salam, sereh, daun jeruk, dada ayam, cabe merah keririting, cabe rawit merah, bawang merah, bawang putih Langkah-Langkah Rebus Ayam 20 Menitan, Lalu di suwir, Blender Bawang, Cabe, Kunyit & Jahe, Kemiru, Tumis bahan yg sudah diblender, Masukan Sereh, Salam, Daun Jeruk, Masukan Air Secukupnya, Masukan Gula, Garam, Lada.. Koreksi Rasa, Masukan Ayam, aduk. lalu masukan Kemangi."
resep-24976041,ayam,https://cookpad.com/id/resep/24976041,Gongso ayam pedas manis,https://img-global.cpcdn.com/recipes/d437e26068dfe17b/1200x630cq80/photo.jpg,"['500 gr ayam sayap', '1 buah jahe', '3 lembar daun salam', '600 ml air (untuk merebus ayam)', 'secukupnya Garam', 'secukupnya Gula aren', 'secukupnya Kecap', 'secukupnya Penyedap rasa', 'secukupnya Minyak', '7 butir bawang merah', '3 butir bawang putih', '2 butir kemiri', '10 cabe merah keriting', '3 cabe setan', '1/2 ruas jahe', 'secukupnya Minyak']","[{'text': 'Cuci bersih ayam lalu rebus ayam dengan jahe dan daun salam, lalu sisihkan', 'images': ['https://img-global.cpcdn.com/steps/9196524c58694c53/400x400cq80/photo.jpg']}, {'text': 'Tuang semua bumbu halus ke dalam sedikit minyak, masak hingga bumbu setengah matang, lalu masukkan ayam yg sudah direbus tadi, masukkan garam, gula, penyedap rasa, kecap, lalu aduk2 dan tambahkan sedikit air, masak hingga air menyusut dan siap dihidangkan', 'images': ['https://img-global.cpcdn.com/steps/a5105b854684bdfc/400x400cq80/photo.jpg']}]","Cuci bersih ayam lalu rebus ayam dengan jahe dan daun salam, lalu sisihkan, Tuang semua bumbu halus ke dalam sedikit minyak, masak hingga bumbu setengah matang, lalu masukkan ayam yg sudah direbus tadi, masukkan garam, gula, penyedap rasa, kecap, lalu aduk2 dan tambahkan sedikit air, masak hingga air menyusut dan siap dihidangkan","ayam sayap, jahe, daun salam, air, garam, gula aren, kecap, rasa, minyak, bawang merah, bawang putih, kemiri, cabe merah keriting, cabe setan, jahe, minyak","ayam Gongso ayam pedas manis Bahan ayam sayap, jahe, daun salam, air, garam, gula aren, kecap, rasa, minyak, bawang merah, bawang putih, kemiri, cabe merah keriting, cabe setan, jahe, minyak Langkah-Langkah Cuci bersih ayam lalu rebus ayam dengan jahe dan daun salam, lalu sisihkan, Tuang semua bumbu halus ke dalam sedikit minyak, masak hingga bumbu setengah matang, lalu masukkan ayam yg sudah direbus tadi, masukkan garam, gula, penyedap rasa, kecap, lalu aduk2 dan tambahkan sedikit air, masak hingga air menyusut dan siap dihidangkan"
resep-24984009,ayam,https://cookpad.com/id/resep/24984009,Tumis Ayam Pedas Daun Jeruk,https://img-global.cpcdn.com/recipes/57487e026ddddfe2/1200x630cq80/photo.jpg,"['250 gr Dada Ayam Potong Dadu (Bersihkan Dgn Jeruk Nipis &amp; Garam(', '5 buah Cabe Merah Kriting,', '3 buah Rawit Merah,', '5 buah Cabe Hijau Kriting', '5 Lembar Daun Jeruk (Iris Tipis Memanjang)', '3 siung Bawang Merah', '3 siung Bawang Putih', 'Saori Saos Tiram', 'Garam', 'Gula', 'Lada']","[{'text': 'Rebus Ayam, kurang lebih 15-20 menit', 'images': []}, {'text': 'Cincang kecil2 perbawangan & percabaian', 'images': []}, {'text': 'Tumis Bawang, Masukan Daun Jeruk, Masukan Cabai', 'images': []}, {'text': 'Masukan Gula, Garam, Lada', 'images': []}, {'text': 'Masukan Ayam & Saori. Koreksi Rasa', 'images': []}]","Rebus Ayam, kurang lebih 15-20 menit, Cincang kecil2 perbawangan & percabaian, Tumis Bawang, Masukan Daun Jeruk, Masukan Cabai, Masukan Gula, Garam, Lada, Masukan Ayam & Saori. Koreksi Rasa","dada ayam dadu bersihkan dgn jeruk nipis garam, cabe merah kriting, rawit merah, cabe hijau kriting, daun jeruk, bawang merah, bawang putih, saori saos tiram, garam, gula, lada","ayam Tumis Ayam Pedas Daun Jeruk Bahan dada ayam dadu bersihkan dgn jeruk nipis garam, cabe merah kriting, rawit merah, cabe hijau kriting, daun jeruk, bawang merah, bawang putih, saori saos tiram, garam, gula, lada Langkah-Langkah Rebus Ayam, kurang lebih 15-20 menit, Cincang kecil2 perbawangan & percabaian, Tumis Bawang, Masukan Daun Jeruk, Masukan Cabai, Masukan Gula, Garam, Lada, Masukan Ayam & Saori. Koreksi Rasa"
resep-24976347,daging sapi,https://cookpad.com/id/resep/24976347,Lapis Daging Surabaya Empuk dan Gurih,https://img-global.cpcdn.com/recipes/95303d4a398836ce/1200x630cq80/photo.jpg,"['1/2 kg Daging Sapi Has Dalam', '4 sdm Minyak', '500 ml Air Matang', '1 buah Tomat Merah, cincang', '100 ml Kecap Manis', '2 sdm Bawang Merah Goreng', 'BUMBU AROMATIK (tambahan saya) :', '1 btg Sereh, potong empat bagian', '1 ruas Laos/Lengkuas', '3 lmbr Daun Salam', 'BUMBU DIHALUSKAN/MARINASI :', '8 siung Bawang Putih', '5 siung Bawang Merah', '5 butir Kemiri', '2 buah Cabe Merah Keriting (me;Tanjung&amp;Keriting)', '1/2 sdt Pala Bubuk', '1/2 sdt Merica Bubuk', '1 sdt Gula Pasir', '1 sdt Garam']","[{'text': 'Bismillah,,, siapkan seluruh bahan dan peralatan yang akan digunakan, haluskan bumbu (baiknya diuleg, tp karna mau cepat saya blender aj )', 'images': ['https://img-global.cpcdn.com/steps/acd6a3a4a32ef430/400x400cq80/photo.jpg', 'https://img-global.cpcdn.com/steps/9a84984ddd511257/400x400cq80/photo.jpg', 'https://img-global.cpcdn.com/steps/100726b31165e00c/400x400cq80/photo.jpg']}, {'text': 'Bersihkan daging, potong iris tipis melintang serat, lalu lumuri secara merata dengan bumbu yang sudah dihaluskan.', 'images': ['https://img-global.cpcdn.com/steps/86be2e79a7abb482/400x400cq80/photo.jpg', 'https://img-global.cpcdn.com/steps/ee7e6c7623a2e0fe/400x400cq80/photo.jpg', 'https://img-global.cpcdn.com/steps/a6e40fb1ab85854f/400x400cq80/photo.jpg']}, {'text': 'Marinasi daging selama min 30 menit (me;semalaman dalam kulkas biar makin menyerap bumbunya)', 'images': ['https://img-global.cpcdn.com/steps/50cf68023a7354aa/400x400cq80/photo.jpg', 'https://img-global.cpcdn.com/steps/e0508affb6ce1f61/400x400cq80/photo.jpg', 'https://img-global.cpcdn.com/steps/08446ec41347bc4b/400x400cq80/photo.jpg']}, {'text': 'Panaskan minyak, masukkan bumbu aromatik dalam pan lalu tuang daging berbumbu hasil marinasi, masak hingga daging berubah warna.', 'images': ['https://img-global.cpcdn.com/steps/9bd879c3a41b0006/400x400cq80/photo.jpg', 'https://img-global.cpcdn.com/steps/558cd2fbb2e1ebf5/400x400cq80/photo.jpg']}, {'text': 'Lanjut masukkan tomat cincang, air dan kecap manis, aduk rata lalu masak dengan api kecil hingga daging lunak (me;slow cook jd agak lama) Jangan lupa tes rasa ya.', 'images': ['https://img-global.cpcdn.com/steps/a3b70285398b6e27/400x400cq80/photo.jpg', 'https://img-global.cpcdn.com/steps/300679c171c7a17b/400x400cq80/photo.jpg', 'https://img-global.cpcdn.com/steps/692a20bf6d80517a/400x400cq80/photo.jpg']}, {'text': 'Setelah matang dan kuah mengental Sajikan dalam wadah, taburi secukupnya dengan bawang goreng. Selamat mencoba dan menikmati ya ', 'images': ['https://img-global.cpcdn.com/steps/c0d7afe4f860b5df/400x400cq80/photo.jpg', 'https://img-global.cpcdn.com/steps/a28724e9c4e6d9e6/400x400cq80/photo.jpg', 'https://img-global.cpcdn.com/steps/34d2a57782680bff/400x400cq80/photo.jpg']}]","Bismillah,,, siapkan seluruh bahan dan peralatan yang akan digunakan, haluskan bumbu (baiknya diuleg, tp karna mau cepat saya blender aj ), Bersihkan daging, potong iris tipis melintang serat, lalu lumuri secara merata dengan bumbu yang sudah dihaluskan., Marinasi daging selama min 30 menit (me;semalaman dalam kulkas biar makin menyerap bumbunya), Panaskan minyak, masukkan bumbu aromatik dalam pan lalu tuang daging berbumbu hasil marinasi, masak hingga daging berubah warna., Lanjut masukkan tomat cincang, air dan kecap manis, aduk rata lalu masak dengan api kecil hingga daging lunak (me;slow cook jd agak lama) Jangan lupa tes rasa ya., Setelah matang dan kuah mengental Sajikan dalam wadah, taburi secukupnya dengan bawang goreng. Selamat mencoba dan menikmati ya","daging sapi, minyak, air matang, tomat merah cincang, kecap manis, bawang merah goreng, bumbu aromatik, sereh empat bagian, laoslengkuas, daun salam, bumbu dihaluskanmarinasi, bawang putih, bawang merah, kemiri, cabe merah keriting ;tanjungkeriting, pala bubuk, merica bubuk, gula pasir, garam","daging sapi Lapis Daging Surabaya Empuk dan Gurih Bahan daging sapi, minyak, air matang, tomat merah cincang, kecap manis, bawang merah goreng, bumbu aromatik, sereh empat bagian, laoslengkuas, daun salam, bumbu dihaluskanmarinasi, bawang putih, bawang merah, kemiri, cabe merah keriting ;tanjungkeriting, pala bubuk, merica bubuk, gula pasir, garam Langkah-Langkah Bismillah,,, siapkan seluruh bahan dan peralatan yang akan digunakan, haluskan bumbu (baiknya diuleg, tp karna mau cepat saya blender aj ), Bersihkan daging, potong iris tipis melintang serat, lalu lumuri secara merata dengan bumbu yang sudah dihaluskan., Marinasi daging selama min 30 menit (me;semalaman dalam kulkas biar makin menyerap bumbunya), Panaskan minyak, masukkan bumbu aromatik dalam pan lalu tuang daging berbumbu hasil marinasi, masak hingga daging berubah warna., Lanjut masukkan tomat cincang, air dan kecap manis, aduk rata lalu masak dengan api kecil hingga daging lunak (me;slow cook jd agak lama) Jangan lupa tes rasa ya., Setelah matang dan kuah mengental Sajikan dalam wadah, taburi secukupnya dengan bawang goreng. Selamat mencoba dan menikmati ya"
resep-24983951,daging sapi,https://cookpad.com/id/resep/24983951,Kalio Daging khas Minang,https://img-global.cpcdn.com/recipes/1008c1af59374830/1200x630cq80/photo.jpg,"['1 kg daging sapi', '100 gr cabe giling', '1500 ml santan (2 butir kelapa)', ' Bumbu halus :', '15 butir bawang merah', '8 siung bawang putih', '15 gr jahe', ' Bumbu Rempah :', '1 sdm ketumbar bubuk', '5 buah cengkeh', '3 buah kapulaga', '1/2 sdt pala bubuk', '3 cm kayumanis', '1 buah bunga lawang', '1 buah cabe jawa', ' Bumbu aromatik :', '20 gr lengkuas', '2 batang serai', '1 lembar daun kunyit', '5 lembar daun jeruk', ' Seasoning :', '1/2 sdm garam', '2 sdt kaldu bubuk', '1 sdt gula pasir']","[{'text': 'Haluskan bumbu halus. Campur semua bumbu didalam wajan. Lalu tambahkan santan.', 'images': ['https://img-global.cpcdn.com/steps/f741ea18c5076e6d/400x400cq80/photo.jpg', 'https://img-global.cpcdn.com/steps/66547a79c946340d/400x400cq80/photo.jpg']}, {'text': 'Masak santan hingga mendidih. Masukkan daging sapi.', 'images': ['https://img-global.cpcdn.com/steps/734f3fc8d4a80e18/400x400cq80/photo.jpg', 'https://img-global.cpcdn.com/steps/7dc38bc9ae023196/400x400cq80/photo.jpg']}, {'text': 'Masak terus hingga daging empuk dan berminyak. Tes rasa.', 'images': ['https://img-global.cpcdn.com/steps/0a2a44e6cb30264c/400x400cq80/photo.jpg', 'https://img-global.cpcdn.com/steps/72d4070ab3aab862/400x400cq80/photo.jpg']}, {'text': 'Sajikan.', 'images': ['https://img-global.cpcdn.com/steps/66a22d841f394b74/400x400cq80/photo.jpg']}]","Haluskan bumbu halus. Campur semua bumbu didalam wajan. Lalu tambahkan santan., Masak santan hingga mendidih. Masukkan daging sapi., Masak terus hingga daging empuk dan berminyak. Tes rasa., Sajikan.","daging sapi, cabe, santan kelapa, bumbu, bawang merah, bawang putih, jahe, bumbu rempah, ketumbar bubuk, cengkeh, kapulaga, pala bubuk, kayumanis, bunga lawang, cabe jawa, bumbu aromatik, lengkuas, serai, daun kunyit, daun jeruk, seasoning, garam, kaldu bubuk, gula pasir","daging sapi Kalio Daging khas Minang Bahan daging sapi, cabe, santan kelapa, bumbu, bawang merah, bawang putih, jahe, bumbu rempah, ketumbar bubuk, cengkeh, kapulaga, pala bubuk, kayumanis, bunga lawang, cabe jawa, bumbu aromatik, lengkuas, serai, daun kunyit, daun jeruk, seasoning, garam, kaldu bubuk, gula pasir Langkah-Langkah Haluskan bumbu halus. Campur semua bumbu didalam wajan. Lalu tambahkan santan., Masak santan hingga mendidih. Masukkan daging sapi., Masak terus hingga daging empuk dan berminyak. Tes rasa., Sajikan."
resep-24973685,daging sapi,https://cookpad.com/id/resep/24973685,Soto Daging,https://img-global.cpcdn.com/recipes/5db4000a84dce2d5/1200x630cq80/photo.jpg,"['250 gr Daging Sapi', '800 ml Air', '4 siung Bawang Putih', '1 sachet Bumbu Soto Instan', '2 btg Seledri', 'Seiris Jahe, geprek', '2 btg Daun Bawang Pre', 'Secukupnya Merica, garam, gula, penyedap']","[{'text': 'Cuci bersih daging, potong 2-3 bag', 'images': []}, {'text': 'Didihkan air, masukkan daging, jahe geprek & daun sledri, rebus 5 menit, matikan kompor, tutup pancinya...', 'images': []}, {'text': 'Setelah 30 menit, nyalakan kembali apinya...', 'images': []}, {'text': 'Rajang bawang putih, tumis hingga harum.. masukkan bumbu instan & rajangan daun pre, tumis sebentar... Tuang dalam kuah', 'images': []}, {'text': 'Rebus kuah soto sampai mendidih, lalu setel alarm 10mnt... Rebus terus sambil potong tipis dagingnya (udah empuk loo)', 'images': []}, {'text': 'Koreksi rasa dng menambah garam, merica dkk...', 'images': []}]","Cuci bersih daging, potong 2-3 bag, Didihkan air, masukkan daging, jahe geprek & daun sledri, rebus 5 menit, matikan kompor, tutup pancinya..., Setelah 30 menit, nyalakan kembali apinya..., Rajang bawang putih, tumis hingga harum.. masukkan bumbu instan & rajangan daun pre, tumis sebentar... Tuang dalam kuah, Rebus kuah soto sampai mendidih, lalu setel alarm 10mnt... Rebus terus sambil potong tipis dagingnya (udah empuk loo), Koreksi rasa dng menambah garam, merica dkk...","daging sapi, air, bawang putih, bumbu soto instan, seledri, jahe, daun bawang pre, merica garam gula","daging sapi Soto Daging Bahan daging sapi, air, bawang putih, bumbu soto instan, seledri, jahe, daun bawang pre, merica garam gula Langkah-Langkah Cuci bersih daging, potong 2-3 bag, Didihkan air, masukkan daging, jahe geprek & daun sledri, rebus 5 menit, matikan kompor, tutup pancinya..., Setelah 30 menit, nyalakan kembali apinya..., Rajang bawang putih, tumis hingga harum.. masukkan bumbu instan & rajangan daun pre, tumis sebentar... Tuang dalam kuah, Rebus kuah soto sampai mendidih, lalu setel alarm 10mnt... Rebus terus sambil potong tipis dagingnya (udah empuk loo), Koreksi rasa dng menambah garam, merica dkk..."
resep-24983605,daging sapi,https://cookpad.com/id/resep/24983605,Gepuk Daging,https://img-global.cpcdn.com/recipes/f6285e57506d4cf9/1200x630cq80/photo.jpg,"['Secukupnya daging sapi (yang sudah direbus/di presto)', '65 ml santan kara', '2-3 butir kemiri', '10 bawang merah', '5 bawang putih', '1 sdt ketumbar bubuk', '1 sdt merica bubuk', 'secukupnya Laos/ 1 bks laos bubuk', '2 keping gula merah/secukupnya', '1 sdt garam', '1 sdt kaldu bubuk', 'secukupnya Asam jawa', 'secukupnya Air', '1 lembar daun salam', '1 batang serai']","[{'text': 'Potong daging yang sudah direbus sedang aja jangan terlalu tipis dan tebal dan digepuk/dipukul sebentar pakai cobek. Kemudian Sisihkan', 'images': []}, {'text': 'Haluskan bawang merah, bawang putih, laos/lengkuas (saya pakai laos bubuk), kemiri.', 'images': []}, {'text': 'Masukkan daging yg sudah dipotong di kompor, masukkan bumbu yang dihaluskan lalu tambahkan santan, garam, merica bubuk, asam jawa, kaldu, gula merah, ketumbar bubuk dan air secukupnya dan daun salam dan serai. Aduk merata dan biarkan direbus sampai airnya menyusut kalau sudah agak menyusut boleh dites rasa. Aduk merata', 'images': []}, {'text': 'Setelah matang bisa disajikan langsung atau boleh digoreng dulu baru disajikan', 'images': ['https://img-global.cpcdn.com/steps/c9c9453c52e19ffe/400x400cq80/photo.jpg', 'https://img-global.cpcdn.com/steps/9d9cf3c119b64f0e/400x400cq80/photo.jpg']}]","Potong daging yang sudah direbus sedang aja jangan terlalu tipis dan tebal dan digepuk/dipukul sebentar pakai cobek. Kemudian Sisihkan, Haluskan bawang merah, bawang putih, laos/lengkuas (saya pakai laos bubuk), kemiri., Masukkan daging yg sudah dipotong di kompor, masukkan bumbu yang dihaluskan lalu tambahkan santan, garam, merica bubuk, asam jawa, kaldu, gula merah, ketumbar bubuk dan air secukupnya dan daun salam dan serai. Aduk merata dan biarkan direbus sampai airnya menyusut kalau sudah agak menyusut boleh dites rasa. Aduk merata, Setelah matang bisa disajikan langsung atau boleh digoreng dulu baru disajikan","daging sapi, santan kara, kemiri, bawang merah, bawang putih, ketumbar bubuk, merica bubuk, laos laos bubuk, keping gula merahsecukupnya, garam, kaldu bubuk, asam jawa, air, daun salam, serai","daging sapi Gepuk Daging Bahan daging sapi, santan kara, kemiri, bawang merah, bawang putih, ketumbar bubuk, merica bubuk, laos laos bubuk, keping gula merahsecukupnya, garam, kaldu bubuk, asam jawa, air, daun salam, serai Langkah-Langkah Potong daging yang sudah direbus sedang aja jangan terlalu tipis dan tebal dan digepuk/dipukul sebentar pakai cobek. Kemudian Sisihkan, Haluskan bawang merah, bawang putih, laos/lengkuas (saya pakai laos bubuk), kemiri., Masukkan daging yg sudah dipotong di kompor, masukkan bumbu yang dihaluskan lalu tambahkan santan, garam, merica bubuk, asam jawa, kaldu, gula merah, ketumbar bubuk dan air secukupnya dan daun salam dan serai. Aduk merata dan biarkan direbus sampai airnya menyusut kalau sudah agak menyusut boleh dites rasa. Aduk merata, Setelah matang bisa disajikan langsung atau boleh digoreng dulu baru disajikan"
resep-24816201,daging sapi,https://cookpad.com/id/resep/24816201,Kalio daging khas Minangkabau,https://img-global.cpcdn.com/recipes/5cfea21613296cd6/1200x630cq80/photo.jpg,"['2 kg daging sapi tanpa lemak', '2 bungkus bumbu rendang siap beli', 'Bumbu halus tambahan', '5 siung bawang merah', '3 siung bawang putih', '3 butir kemiri', '1 ruas Lengkuas', '1 sdt garam', '2 sdm gula merah', '2 sdm cabe bubuk', 'Bumbu Cemplung', '3 lembar daun jeruk', '2 batang sereh geprek', '1 lembar daun kunyit', '2 lembar daun salam', 'Santan kental dari 3 kelapa']","[{'text': 'Tumis bawang dalam sedikit minyak, masukkan cabe bubuk, bumbu beli, dan bumbu halus. sebagian saya aduk dalam daging.. masukkan bumbu Cemplung dan aduk rata, lalu masukkan daging. Aduk aduk.', 'images': []}, {'text': 'Aduk hingga rata, lalu tambahkan santan kental, aduk agar santan tidak pecah. Masak hingga kuah nya nyusut dan kental', 'images': []}, {'text': 'Beri garam, gula merah. Tes rasa jangan lupa. Yang jelas pasti enak kalau masakan rendang ya...', 'images': ['https://img-global.cpcdn.com/steps/1c853511721e1099/400x400cq80/photo.jpg', 'https://img-global.cpcdn.com/steps/fd232983718c67bb/400x400cq80/photo.jpg']}, {'text': 'Selamat makan...', 'images': ['https://img-global.cpcdn.com/steps/2f48f6869a4a7195/400x400cq80/photo.jpg']}]","Tumis bawang dalam sedikit minyak, masukkan cabe bubuk, bumbu beli, dan bumbu halus. sebagian saya aduk dalam daging.. masukkan bumbu Cemplung dan aduk rata, lalu masukkan daging. Aduk aduk., Aduk hingga rata, lalu tambahkan santan kental, aduk agar santan tidak pecah. Masak hingga kuah nya nyusut dan kental, Beri garam, gula merah. Tes rasa jangan lupa. Yang jelas pasti enak kalau masakan rendang ya..., Selamat makan...","daging sapi, bumbu reng, bumbu tambahan, bawang merah, bawang putih, kemiri, lengkuas, garam, gula merah, cabe bubuk, bumbu cemplung, daun jeruk, sereh, daun kunyit, daun salam, santan kental dari kelapa","daging sapi Kalio daging khas Minangkabau Bahan daging sapi, bumbu reng, bumbu tambahan, bawang merah, bawang putih, kemiri, lengkuas, garam, gula merah, cabe bubuk, bumbu cemplung, daun jeruk, sereh, daun kunyit, daun salam, santan kental dari kelapa Langkah-Langkah Tumis bawang dalam sedikit minyak, masukkan cabe bubuk, bumbu beli, dan bumbu halus. sebagian saya aduk dalam daging.. masukkan bumbu Cemplung dan aduk rata, lalu masukkan daging. Aduk aduk., Aduk hingga rata, lalu tambahkan santan kental, aduk agar santan tidak pecah. Masak hingga kuah nya nyusut dan kental, Beri garam, gula merah. Tes rasa jangan lupa. Yang jelas pasti enak kalau masakan rendang ya..., Selamat makan..."
resep-24973558,ikan,https://cookpad.com/id/resep/24973558,Ikan goreng kecap,https://img-global.cpcdn.com/recipes/ef798bd8f2305841/1200x630cq80/photo.jpg,"['12 potong ikan masak', 'Sec minyak goreng', '5 buah cabe rawit merah dan hijau haluskan', '1 siung bawang putih iris/cincang', '5 sdm air minum', 'Sec kecap manis', '1/4 sdt garam halus']","[{'text': 'Siapkan bahan-bahannya.', 'images': ['https://img-global.cpcdn.com/steps/e01045d4e704a64c/400x400cq80/photo.jpg']}, {'text': 'Panaskan minyak goreng. Goreng ikan hingga matang balik ikanya goreng lagi. Angkat. Siapkan ikan goreng dan bumbunya (fotonya tidak muncul susah jaringan)', 'images': ['https://img-global.cpcdn.com/steps/4db5f0a1e86d4e62/400x400cq80/photo.jpg', 'https://img-global.cpcdn.com/steps/0d9213446e6d1a06/400x400cq80/photo.jpg']}, {'text': 'Panaskan sedikit minyak goreng. Tumis bumbu yang dihaluskan hingga harum masukkan 5 sdm air minum tambahkan garam halus,kecap manis aduk rata. Koreksi rasa. Setelah beberapa detik kecap mendidih. Masukkan ikan goreng ke dalam wajan aduk cepat agar ikan goreng menyatu dengan bumbu. Angkat dan sajikan', 'images': ['https://img-global.cpcdn.com/steps/e82cf4219edb33e4/400x400cq80/photo.jpg', 'https://img-global.cpcdn.com/steps/b160f3b5d7de1323/400x400cq80/photo.jpg', 'https://img-global.cpcdn.com/steps/7a6dbb6a63d3e7d7/400x400cq80/photo.jpg']}]","Siapkan bahan-bahannya., Panaskan minyak goreng. Goreng ikan hingga matang balik ikanya goreng lagi. Angkat. Siapkan ikan goreng dan bumbunya (fotonya tidak muncul susah jaringan), Panaskan sedikit minyak goreng. Tumis bumbu yang dihaluskan hingga harum masukkan 5 sdm air minum tambahkan garam halus,kecap manis aduk rata. Koreksi rasa. Setelah beberapa detik kecap mendidih. Masukkan ikan goreng ke dalam wajan aduk cepat agar ikan goreng menyatu dengan bumbu. Angkat dan sajikan","ikan masak, minyak goreng, cabe rawit merah hijau, bawang putih iriscincang, air minum, kecap manis, garam","ikan Ikan goreng kecap Bahan ikan masak, minyak goreng, cabe rawit merah hijau, bawang putih iriscincang, air minum, kecap manis, garam Langkah-Langkah Siapkan bahan-bahannya., Panaskan minyak goreng. Goreng ikan hingga matang balik ikanya goreng lagi. Angkat. Siapkan ikan goreng dan bumbunya (fotonya tidak muncul susah jaringan), Panaskan sedikit minyak goreng. Tumis bumbu yang dihaluskan hingga harum masukkan 5 sdm air minum tambahkan garam halus,kecap manis aduk rata. Koreksi rasa. Setelah beberapa detik kecap mendidih. Masukkan ikan goreng ke dalam wajan aduk cepat agar ikan goreng menyatu dengan bumbu. Angkat dan sajikan"
resep-24730348,ikan,https://cookpad.com/id/resep/24730348,Kuah Pedas Kepala Ikan Patin,https://img-global.cpcdn.com/recipes/22cdeafea3ab6b79/1200x630cq80/photo.jpg,"['1 kepala ikan patin potong dua (boleh ikan yang lain)', '1 buah timun', '3 buah tomat hijau', '1 batang serai', '1 lbr daun salam', 'Secukupnya air', 'Secukupnya garam gula penyedap', '5 siung bawang merah', '3 siung bawang putih', '1 ruas kunyit', '1/2 ruas jahe', '1/2 ruas kencur', '1 ruas lengkuas muda', '1/4 sdt lada', '1/2 sdt ketumbar', '1/4 sdt pala', '2 butir kemiri', '15 cabe rawit', '1/4 sdt terasi']","[{'text': 'Tumis bumbu halus hingga wangi, tambahkan serai dan daun salam tumis lagi sampai bumbu matang', 'images': ['https://img-global.cpcdn.com/steps/f849fb366148a621/400x400cq80/photo.jpg', 'https://img-global.cpcdn.com/steps/e01294865cf84ba7/400x400cq80/photo.jpg']}, {'text': 'Tuang air tunggu mendidih masukkan ikan yang sudah dibersihkan, ini lemak dan atinya saya masukin juga', 'images': ['https://img-global.cpcdn.com/steps/3da9b936ac16608b/400x400cq80/photo.jpg', 'https://img-global.cpcdn.com/steps/1596d2c961494767/400x400cq80/photo.jpg']}, {'text': 'Kemudian masukkan timun dan tomat hijau', 'images': ['https://img-global.cpcdn.com/steps/278db438a8ef63cf/400x400cq80/photo.jpg', 'https://img-global.cpcdn.com/steps/f4731a10668c4609/400x400cq80/photo.jpg']}, {'text': 'Tambahkan garam gula penyedap aduk rata, masak tidak perlu lama karena ikan cepat matang koreksi rasa', 'images': ['https://img-global.cpcdn.com/steps/66de9c529323d29e/400x400cq80/photo.jpg', 'https://img-global.cpcdn.com/steps/8fef9c00a13c755f/400x400cq80/photo.jpg']}]","Tumis bumbu halus hingga wangi, tambahkan serai dan daun salam tumis lagi sampai bumbu matang, Tuang air tunggu mendidih masukkan ikan yang sudah dibersihkan, ini lemak dan atinya saya masukin juga, Kemudian masukkan timun dan tomat hijau, Tambahkan garam gula penyedap aduk rata, masak tidak perlu lama karena ikan cepat matang koreksi rasa","kepala ikan patin, timun, tomat hijau, serai, daun salam, air, garam gula, bawang merah, bawang putih, kunyit, jahe, kencur, lengkuas muda, lada, ketumbar, pala, kemiri, cabe rawit, terasi","ikan Kuah Pedas Kepala Ikan Patin Bahan kepala ikan patin, timun, tomat hijau, serai, daun salam, air, garam gula, bawang merah, bawang putih, kunyit, jahe, kencur, lengkuas muda, lada, ketumbar, pala, kemiri, cabe rawit, terasi Langkah-Langkah Tumis bumbu halus hingga wangi, tambahkan serai dan daun salam tumis lagi sampai bumbu matang, Tuang air tunggu mendidih masukkan ikan yang sudah dibersihkan, ini lemak dan atinya saya masukin juga, Kemudian masukkan timun dan tomat hijau, Tambahkan garam gula penyedap aduk rata, masak tidak perlu lama karena ikan cepat matang koreksi rasa"
resep-23902397,ikan,https://cookpad.com/id/resep/23902397,Pampis Cakalang Asap,https://img-global.cpcdn.com/recipes/383fe9b12fe28630/1200x630cq80/photo.jpg,"['300 gr cakalang asap', '1 ikat kemangi', '1 buah tomat, potong dadu kecil', '1 sdt garam (secukupnya)', '1 sdt gula', '1/4 sdt merica bubuk', '1/4 sdt kaldu jamur bubuk:', '7 butir bawang merah', '5 buah cabe merah besar', '5 buah cabe rawit merah', '1 batang sereh bagian putihnya saja, iris halus', '1 ruas jari jahe, memarkan', '3 lembar daun jeruk, iris halus', '1 lembar daun pandan', '1 lembar daun kunyit']","[{'text': 'Suapkan bahan. Suwir-suwir ikan cakalang asap.', 'images': ['https://img-global.cpcdn.com/steps/ca0d56047370b6bf/400x400cq80/photo.jpg']}, {'text': 'Tumis bumbu cabe bawang sampai harum.', 'images': ['https://img-global.cpcdn.com/steps/9617bfab284c7e1f/400x400cq80/photo.jpg']}, {'text': 'Tambahkan rempah aromatik, masak hingga harum. Masukkan tomat aduk rata masak hingga matang.', 'images': ['https://img-global.cpcdn.com/steps/330c47aba8bd08bd/400x400cq80/photo.jpg']}, {'text': 'Masukkan suwiran cakalang, aduk rata, tambahkan garam, merica, gula, kaldu bubuk. Beri sedikit air. Tes rasa.', 'images': ['https://img-global.cpcdn.com/steps/0a226beba618b9bd/400x400cq80/photo.jpg']}, {'text': 'Tumis sampai air menyusut. Menjelang diangkat, masukkan kemangi. Aduk rata.', 'images': ['https://img-global.cpcdn.com/steps/cf8e99e4403be83a/400x400cq80/photo.jpg']}, {'text': 'Hidangkan bersama nasi hangat.', 'images': ['https://img-global.cpcdn.com/steps/70c0a0aa558dae11/400x400cq80/photo.jpg']}]","Suapkan bahan. Suwir-suwir ikan cakalang asap., Tumis bumbu cabe bawang sampai harum., Tambahkan rempah aromatik, masak hingga harum. Masukkan tomat aduk rata masak hingga matang., Masukkan suwiran cakalang, aduk rata, tambahkan garam, merica, gula, kaldu bubuk. Beri sedikit air. Tes rasa., Tumis sampai air menyusut. Menjelang diangkat, masukkan kemangi. Aduk rata., Hidangkan bersama nasi hangat.","cakalang asap, kemangi, tomat dadu kecil, garam, gula, merica bubuk, kaldu jamur bubuk, bawang merah, cabe merah besar, cabe rawit merah, sereh bagian putihnya saja iris, jari jahe, daun jeruk iris, daun pan, daun kunyit","ikan Pampis Cakalang Asap Bahan cakalang asap, kemangi, tomat dadu kecil, garam, gula, merica bubuk, kaldu jamur bubuk, bawang merah, cabe merah besar, cabe rawit merah, sereh bagian putihnya saja iris, jari jahe, daun jeruk iris, daun pan, daun kunyit Langkah-Langkah Suapkan bahan. Suwir-suwir ikan cakalang asap., Tumis bumbu cabe bawang sampai harum., Tambahkan rempah aromatik, masak hingga harum. Masukkan tomat aduk rata masak hingga matang., Masukkan suwiran cakalang, aduk rata, tambahkan garam, merica, gula, kaldu bubuk. Beri sedikit air. Tes rasa., Tumis sampai air menyusut. Menjelang diangkat, masukkan kemangi. Aduk rata., Hidangkan bersama nasi hangat."
resep-24984268,ikan,https://cookpad.com/id/resep/24984268,Ikan Kembung Pedas Ketumbar,https://img-global.cpcdn.com/recipes/c6b7a30c3f0dc3ea/1200x630cq80/photo.jpg,"['2 ekor Ikan Kembung', '1/3 sdm Bubuk Marinasi', '1 sdt Garam Himalaya', '1 sdt Kaldu Jamur murni', '1/2 sdt Merica bubuk (tambahan)', '1 sdt Gula pasir (me : Gula merah)', '300 ml Air', 'Minyak goreng', '4 butir Bawang Merah', '2 siung Bawang Putih', '1 sdt Ketumbar butiran', '2 buah Cabe Merah', '4 buah Cabe Rawit', 'Minyak sayur']","[{'text': 'Cuci bersih ikan, beri bumbu marinasi dan sedikit air, campur, diamkan ±10 menit, atau bisa beri garam dan perasan jeruk nipis Campur semua bahan bumbu halus, haluskan', 'images': ['https://img-global.cpcdn.com/steps/f25d488c7aa27719/400x400cq80/photo.jpg']}, {'text': 'Panaskan sedikit minyak, tuang bumbu halus, beri bumbu, tumis hingga tanak', 'images': ['https://img-global.cpcdn.com/steps/b37816563af96161/400x400cq80/photo.jpg', 'https://img-global.cpcdn.com/steps/189d01d1c2e1685f/400x400cq80/photo.jpg']}, {'text': 'Sajikan', 'images': ['https://img-global.cpcdn.com/steps/cff84b9201b71d02/400x400cq80/photo.jpg']}, {'text': 'Tuang air dan masukkan, masak hingga mendidih, setelah matang, balik sisi atas ke bawah, didihkan kembali, tunggu hingga air menyusut Tes rasa', 'images': ['https://img-global.cpcdn.com/steps/e2738971e2378c3c/400x400cq80/photo.jpg', 'https://img-global.cpcdn.com/steps/7257a9cda4b85c50/400x400cq80/photo.jpg']}]","Cuci bersih ikan, beri bumbu marinasi dan sedikit air, campur, diamkan ±10 menit, atau bisa beri garam dan perasan jeruk nipis Campur semua bahan bumbu halus, haluskan, Panaskan sedikit minyak, tuang bumbu halus, beri bumbu, tumis hingga tanak, Sajikan, Tuang air dan masukkan, masak hingga mendidih, setelah matang, balik sisi atas ke bawah, didihkan kembali, tunggu hingga air menyusut Tes rasa","ikan kembung, bubuk, garam himalaya, kaldu jamur murni, merica bubuk tambahan, gula pasir gula merah, air, minyak goreng, bawang merah, bawang putih, ketumbar butiran, cabe merah, cabe rawit, minyak sayur","ikan Ikan Kembung Pedas Ketumbar Bahan ikan kembung, bubuk, garam himalaya, kaldu jamur murni, merica bubuk tambahan, gula pasir gula merah, air, minyak goreng, bawang merah, bawang putih, ketumbar butiran, cabe merah, cabe rawit, minyak sayur Langkah-Langkah Cuci bersih ikan, beri bumbu marinasi dan sedikit air, campur, diamkan ±10 menit, atau bisa beri garam dan perasan jeruk nipis Campur semua bahan bumbu halus, haluskan, Panaskan sedikit minyak, tuang bumbu halus, beri bumbu, tumis hingga tanak, Sajikan, Tuang air dan masukkan, masak hingga mendidih, setelah matang, balik sisi atas ke bawah, didihkan kembali, tunggu hingga air menyusut Tes rasa"
resep-24963693,ikan,https://cookpad.com/id/resep/24963693,Pindang Ikan Tongkol Tumis Pedas,https://img-global.cpcdn.com/recipes/c3564b302713edd9/1200x630cq80/photo.jpg,"['1 kg Ikan Tongkol, saya pilih yang isi 2 ekor', '6 buah cabe rawit', '3 buah cabe keriting', '8 siung bawang merah', '8 siung bawang putih', '1 buah tomat', 'secukupnya daun salam', '2 sendok makan kecap manis', '2 sendok makan saos tiram', 'secukupnya garam', 'secukupnya gula merah', 'secukupnya kaldu jamur', '1 buah jeruk nipis']","[{'text': 'Bersihkan ikan, buang kepalanya, setelah itu lumuri dengan jeruk nipis dan garam', 'images': ['https://img-global.cpcdn.com/steps/4fd49a1e146478f5/400x400cq80/photo.jpg', 'https://img-global.cpcdn.com/steps/cb1cb4f2ec9af9fd/400x400cq80/photo.jpg']}, {'text': 'Pindang ikan dengan panci kukus, alasi dengan daun salam', 'images': ['https://img-global.cpcdn.com/steps/eed371f6f0aa6788/400x400cq80/photo.jpg', 'https://img-global.cpcdn.com/steps/f5f5c147516ee01c/400x400cq80/photo.jpg']}, {'text': 'Pindang ikan lebih kurang 30-45 menit', 'images': []}, {'text': 'Setelah ikan pindang jadi, sisihkan, dinginkan. Jangan langsung dibersihkan tulangnya, karena rawan hancur.', 'images': []}, {'text': 'Tumis cabe, bawang,tomat, daun salam.', 'images': ['https://img-global.cpcdn.com/steps/5a16515e90287c37/400x400cq80/photo.jpg']}, {'text': 'Setelah itu masukkan ikan pindang yang telah dibuang tulangnya & dalam bentuk potongan-potongan besar yang sudah digoreng lebih dulu', 'images': ['https://img-global.cpcdn.com/steps/5ee97bb32222d417/400x400cq80/photo.jpg']}, {'text': 'Masukkan kecap manis, saos tiram, garam, kaldu jamur, gula merah', 'images': ['https://img-global.cpcdn.com/steps/2c9077431ee2eae6/400x400cq80/photo.jpg']}, {'text': 'Koreksi rasa, sambil terus ditumis hingga ikan benar-benar matang dan bumbu meresap', 'images': ['https://img-global.cpcdn.com/steps/db44b70855510785/400x400cq80/photo.jpg']}]","Bersihkan ikan, buang kepalanya, setelah itu lumuri dengan jeruk nipis dan garam, Pindang ikan dengan panci kukus, alasi dengan daun salam, Pindang ikan lebih kurang 30-45 menit, Setelah ikan pindang jadi, sisihkan, dinginkan. Jangan langsung dibersihkan tulangnya, karena rawan hancur., Tumis cabe, bawang,tomat, daun salam., Setelah itu masukkan ikan pindang yang telah dibuang tulangnya & dalam bentuk potongan-potongan besar yang sudah digoreng lebih dulu, Masukkan kecap manis, saos tiram, garam, kaldu jamur, gula merah, Koreksi rasa, sambil terus ditumis hingga ikan benar-benar matang dan bumbu meresap","ikan tongkol, cabe rawit, cabe keriting, bawang merah, bawang putih, tomat, daun salam, kecap manis, saos tiram, garam, gula merah, kaldu jamur, jeruk nipis","ikan Pindang Ikan Tongkol Tumis Pedas Bahan ikan tongkol, cabe rawit, cabe keriting, bawang merah, bawang putih, tomat, daun salam, kecap manis, saos tiram, garam, gula merah, kaldu jamur, jeruk nipis Langkah-Langkah Bersihkan ikan, buang kepalanya, setelah itu lumuri dengan jeruk nipis dan garam, Pindang ikan dengan panci kukus, alasi dengan daun salam, Pindang ikan lebih kurang 30-45 menit, Setelah ikan pindang jadi, sisihkan, dinginkan. Jangan langsung dibersihkan tulangnya, karena rawan hancur., Tumis cabe, bawang,tomat, daun salam., Setelah itu masukkan ikan pindang yang telah dibuang tulangnya & dalam bentuk potongan-potongan besar yang sudah digoreng lebih dulu, Masukkan kecap manis, saos tiram, garam, kaldu jamur, gula merah, Koreksi rasa, sambil terus ditumis hingga ikan benar-benar matang dan bumbu meresap"
resep-24971719,udang,https://cookpad.com/id/resep/24971719,Udang Saos Padang,https://img-global.cpcdn.com/recipes/dc50c3775e47d2d2/1200x630cq80/photo.jpg,"['250 gram udang, buang kulitnya', '1 helai daun bawang, iris', '1/4 buah bawang bombai, iris', '1/2 buah tomat, iris', '3 helai daun jeruk, robek-robek', '2 sdm saus tomat', '1/2 sdt garam', '100 ml air', '1 sdm kaldu bubuk', '1 batang serai, geprek', 'Secukupnya minyak Rose Brand', '10 buah cabe merah (boleh + rawit kalau mau pedas)', '5 siung bawang merah', '2 buah bawang putih', '1 ruas jahe']","[{'text': 'Bersihkan udang. Marinasi sebentar.', 'images': ['https://img-global.cpcdn.com/steps/6897688d6071bc68/400x400cq80/photo.jpg']}, {'text': 'Tuang minyak Rose Brand secukupnya. Tumis bumbu halus, serai, bawang bombai, tomat & daun jeruk sampai harum & matang', 'images': ['https://img-global.cpcdn.com/steps/9bee9ffdb7db4e61/400x400cq80/photo.jpg', 'https://img-global.cpcdn.com/steps/211b0a06d324bf86/400x400cq80/photo.jpg']}, {'text': 'Masukkan udang, masak sampai berubah warna. Masukkan air & daun bawang. Tambahkan garam, saus tomat & kaldu bubuk. Masak hingga udang matang & bumbu meresap. Koreksi rasa', 'images': ['https://img-global.cpcdn.com/steps/83dcc7d53bc82775/400x400cq80/photo.jpg', 'https://img-global.cpcdn.com/steps/32a349ce2b2c034e/400x400cq80/photo.jpg']}, {'text': 'Siap dinikmati', 'images': ['https://img-global.cpcdn.com/steps/3f9a19ad72346cc0/400x400cq80/photo.jpg', 'https://img-global.cpcdn.com/steps/eb9d77b2bbae2629/400x400cq80/photo.jpg']}]","Bersihkan udang. Marinasi sebentar., Tuang minyak Rose Brand secukupnya. Tumis bumbu halus, serai, bawang bombai, tomat & daun jeruk sampai harum & matang, Masukkan udang, masak sampai berubah warna. Masukkan air & daun bawang. Tambahkan garam, saus tomat & kaldu bubuk. Masak hingga udang matang & bumbu meresap. Koreksi rasa, Siap dinikmati","daun bawang iris, bawang bombai iris, tomat iris, daun jeruk robekrobek, saus tomat, garam, air, kaldu bubuk, serai, minyak rose brand, cabe merah, bawang merah, bawang putih, jahe","udang Udang Saos Padang Bahan daun bawang iris, bawang bombai iris, tomat iris, daun jeruk robekrobek, saus tomat, garam, air, kaldu bubuk, serai, minyak rose brand, cabe merah, bawang merah, bawang putih, jahe Langkah-Langkah Bersihkan udang. Marinasi sebentar., Tuang minyak Rose Brand secukupnya. Tumis bumbu halus, serai, bawang bombai, tomat & daun jeruk sampai harum & matang, Masukkan udang, masak sampai berubah warna. Masukkan air & daun bawang. Tambahkan garam, saus tomat & kaldu bubuk. Masak hingga udang matang & bumbu meresap. Koreksi rasa, Siap dinikmati"
resep-13676196,udang,https://cookpad.com/id/resep/13676196,Ranjungan Udang Saus Padang,https://img-global.cpcdn.com/recipes/08eff48f50ef7130/1200x630cq80/photo.jpg,"['250 gr udang bago', '2 ranjungan ukuran sedang rebus 3-5 menit tambahkan 1 daun salam', '3 siung bawang putih', '5 bawang merah', '3 cabe merah keriting', '2 cabe hijau besar', '15 cabe rawit', '1/4 sdt pala bubuk', '2 ruas jahe', '5 daun jeruk', '1 batang serei geprek', '2 sdm saus tiram', '3 sdm saus sambal', '1 sdm saus tomat', 'Secukupnya gula, garam dan kaldu bubuk']","[{'text': 'Cuci bersih ranjugan dan udang. Kepala udang bisa direbus untuk kaldu ya. Rebus ranjungan selama 5 menit. Kemudian siapkan bahan lainnya', 'images': ['https://img-global.cpcdn.com/steps/03c9ba5e6dcaa0fb/400x400cq80/photo.jpg', 'https://img-global.cpcdn.com/steps/531ee45abf35cdf7/400x400cq80/photo.jpg']}, {'text': 'Tumis bumbu hingga harum dan matang baru masukan ranjungan yang sudah digeprak fungsinya supaya bumbu lebih mudah meresap. Kemudian tambahkan bawang daun', 'images': ['https://img-global.cpcdn.com/steps/6650e0966aec28da/400x400cq80/photo.jpg', 'https://img-global.cpcdn.com/steps/66c8926acc7d84cf/400x400cq80/photo.jpg']}, {'text': 'Masukan udang dan aduk rata. Koreksi rasa dan tunggu udang matang', 'images': []}, {'text': 'Sajikan yummmy', 'images': ['https://img-global.cpcdn.com/steps/1bc97031cdb08b47/400x400cq80/photo.jpg', 'https://img-global.cpcdn.com/steps/4efde63d0c22379a/400x400cq80/photo.jpg']}]","Cuci bersih ranjugan dan udang. Kepala udang bisa direbus untuk kaldu ya. Rebus ranjungan selama 5 menit. Kemudian siapkan bahan lainnya, Tumis bumbu hingga harum dan matang baru masukan ranjungan yang sudah digeprak fungsinya supaya bumbu lebih mudah meresap. Kemudian tambahkan bawang daun, Masukan udang dan aduk rata. Koreksi rasa dan tunggu udang matang, Sajikan yummmy","ug bago, ranjungan, bawang putih, bawang merah, cabe merah keriting, cabe hijau besar, cabe rawit, pala bubuk, jahe, daun jeruk, serei, saus tiram, saus sambal, saus tomat, gula garam kaldu bubuk","udang Ranjungan Udang Saus Padang Bahan ug bago, ranjungan, bawang putih, bawang merah, cabe merah keriting, cabe hijau besar, cabe rawit, pala bubuk, jahe, daun jeruk, serei, saus tiram, saus sambal, saus tomat, gula garam kaldu bubuk Langkah-Langkah Cuci bersih ranjugan dan udang. Kepala udang bisa direbus untuk kaldu ya. Rebus ranjungan selama 5 menit. Kemudian siapkan bahan lainnya, Tumis bumbu hingga harum dan matang baru masukan ranjungan yang sudah digeprak fungsinya supaya bumbu lebih mudah meresap. Kemudian tambahkan bawang daun, Masukan udang dan aduk rata. Koreksi rasa dan tunggu udang matang, Sajikan yummmy"
resep-24965543,udang,https://cookpad.com/id/resep/24965543,Udang Goreng Mentega,https://img-global.cpcdn.com/recipes/8344ae993d456518/1200x630cq80/photo.jpg,"['500 gram udang ukuran sedang', '2 sdm mentega', '1 buah bawang bombay, iris', '1 siung bawang putih, cincang halus', '2 batang daun bawang, potong', '1 sdm air perasan jeruk nipis', 'secukupnya Minyak goreng,', '100 ml air', '2 sdm saus tiram', '1 sdm Kecap Inggeris Asia Harum Sedap', '1 sdm kecap manis', '1/2 sdt garam', '1/2 sdt lada bubuk']","[{'text': 'Cuci udang hingga bersih.', 'images': []}, {'text': 'Panaskan minyak dengan api sedang. Goreng udang hingga matang dan kering. Angkat dan tiriskan. Sisihkan.', 'images': []}, {'text': 'Panaskan mentega. Lalu tumis bawang bombay dan bawang putih hingga harum.', 'images': []}, {'text': 'Masukkan satu persatu bahan bumbu dan tambahkan air. Kemudian aduk hingga merata dan masak hingga mendidih.', 'images': ['https://img-global.cpcdn.com/steps/076dc13457a6a281/400x400cq80/photo.jpg']}, {'text': 'Masukkan udang goreng. Aduk dan masak hingga bumbu meresap, lalu matikan api.', 'images': []}, {'text': 'Masukkan daun bawang dan air perasan jeruk nipis, lalu aduk hingga merata.', 'images': []}, {'text': 'Udang Goreng Mentega siap disajikan.', 'images': []}]","Cuci udang hingga bersih., Panaskan minyak dengan api sedang. Goreng udang hingga matang dan kering. Angkat dan tiriskan. Sisihkan., Panaskan mentega. Lalu tumis bawang bombay dan bawang putih hingga harum., Masukkan satu persatu bahan bumbu dan tambahkan air. Kemudian aduk hingga merata dan masak hingga mendidih., Masukkan udang goreng. Aduk dan masak hingga bumbu meresap, lalu matikan api., Masukkan daun bawang dan air perasan jeruk nipis, lalu aduk hingga merata., Udang Goreng Mentega siap disajikan.","mentega, bawang bombay iris, bawang putih cincang, daun bawang, air perasan jeruk nipis, minyak goreng, air, saus tiram, kecap inggeris asia harum sedap, kecap manis, garam, lada bubuk","udang Udang Goreng Mentega Bahan mentega, bawang bombay iris, bawang putih cincang, daun bawang, air perasan jeruk nipis, minyak goreng, air, saus tiram, kecap inggeris asia harum sedap, kecap manis, garam, lada bubuk Langkah-Langkah Cuci udang hingga bersih., Panaskan minyak dengan api sedang. Goreng udang hingga matang dan kering. Angkat dan tiriskan. Sisihkan., Panaskan mentega. Lalu tumis bawang bombay dan bawang putih hingga harum., Masukkan satu persatu bahan bumbu dan tambahkan air. Kemudian aduk hingga merata dan masak hingga mendidih., Masukkan udang goreng. Aduk dan masak hingga bumbu meresap, lalu matikan api., Masukkan daun bawang dan air perasan jeruk nipis, lalu aduk hingga merata., Udang Goreng Mentega siap disajikan."
resep-24979875,udang,https://cookpad.com/id/resep/24979875,Botok Udang Bakso,https://img-global.cpcdn.com/recipes/9bf680c0e94f07bc/1200x630cq80/photo.jpg,"['250 gr udang', '1 kotak tahu ukuran sedang, potong dadu kecil', '8 butir bakso, iris tipis-tipis', '1 ikat daun kemangi, ambil daunnya saja', '1 genggam petai cina', 'Segenggam cabe ijo ale, iris serong cabe ijonya', '1/2 butir kelapa, parut memanjang', '2 butir telur rebus, potong menjadi 8bagian per butir', '2 buah tomat, iris tipis-tipis', 'Sesuai selera cabe rawit utuh', '25 buah cabe rawit (sesuai selera)', '6 siung bawang merah', '4 siung bawang putih', '2 cm kencur', '2 lembar daun jeruk', '1 sdm ketumbar butiran', '1/2 sdt garam', '1 sdt kaldu bubuk ayam', '1 sdt penyedap', 'Secukupnya daun pisang', 'Secukupnya tusuk gigi']","[{'text': 'Siapkan semua bahan.', 'images': ['https://img-global.cpcdn.com/steps/556027bc6535872f/400x400cq80/photo.jpg']}, {'text': 'Haluskan bumbu halus, tambahkan semua bahan isian A. Aduk hingga tercampur rata.', 'images': ['https://img-global.cpcdn.com/steps/35b41cba7fe22f14/400x400cq80/photo.jpg']}, {'text': 'Ambil selembar daun pisang. Isi dengan campuran botok dan bumbu tadi, dan tambahkan bahan isian B. Lalu lipat dan sematkan tusuk gigi.', 'images': ['https://img-global.cpcdn.com/steps/a8c63a381d3e1b1c/400x400cq80/photo.jpg']}, {'text': 'Kukus selama 30 menit.', 'images': ['https://img-global.cpcdn.com/steps/4e087f013ad966d2/400x400cq80/photo.jpg']}, {'text': 'Setelah matang, sajikan bersama nasi hangat dan kerupuk. Nyaammmm selamat mencoba!', 'images': ['https://img-global.cpcdn.com/steps/455afe9934729c12/400x400cq80/photo.jpg']}]","Siapkan semua bahan., Haluskan bumbu halus, tambahkan semua bahan isian A. Aduk hingga tercampur rata., Ambil selembar daun pisang. Isi dengan campuran botok dan bumbu tadi, dan tambahkan bahan isian B. Lalu lipat dan sematkan tusuk gigi., Kukus selama 30 menit., Setelah matang, sajikan bersama nasi hangat dan kerupuk. Nyaammmm selamat mencoba!","tahu, bakso iris, daun kemangi, petai cina, cabe ijo, kelapa memanjang, telur rebus, tomat iris, cabe rawit utuh, cabe rawit, bawang merah, bawang putih, kencur, daun jeruk, ketumbar butiran, garam, kaldu bubuk ayam, daun pisang, tusuk gigi","udang Botok Udang Bakso Bahan tahu, bakso iris, daun kemangi, petai cina, cabe ijo, kelapa memanjang, telur rebus, tomat iris, cabe rawit utuh, cabe rawit, bawang merah, bawang putih, kencur, daun jeruk, ketumbar butiran, garam, kaldu bubuk ayam, daun pisang, tusuk gigi Langkah-Langkah Siapkan semua bahan., Haluskan bumbu halus, tambahkan semua bahan isian A. Aduk hingga tercampur rata., Ambil selembar daun pisang. Isi dengan campuran botok dan bumbu tadi, dan tambahkan bahan isian B. Lalu lipat dan sematkan tusuk gigi., Kukus selama 30 menit., Setelah matang, sajikan bersama nasi hangat dan kerupuk. Nyaammmm selamat mencoba!"
resep-24966502,udang,https://cookpad.com/id/resep/24966502,Tumis Udang Sederhana,https://img-global.cpcdn.com/recipes/2cf2ff77e3b2e868/1200x630cq80/photo.jpg,"['250 g Udang besar', '4 siung (cincang) Bawang merah', '2 siung (cincang) Bawang putih', '2 buah (cincang) Cabai merah besar', '3 buah (cincang) Cabai rawit', '1/4 sdt Lada bubuk', '1 sdm Saus tiram', '1 sdm Kecap asin', '1/2 sdt Gula', '1/4 sdt Penyedap', '1 batang (dipotong-potong) Daun bawang', '2 sdm Minyak goreng']","[{'text': 'Bersihkan udang, buang kepala dan kulit jika suka.', 'images': []}, {'text': 'Cincang bawang merah, bawang putih, cabai merah, dan cabai rawit. Potong-potong daun bawang.', 'images': []}, {'text': 'Panaskan minyak, tumis bawang merah dan bawang putih cincang hingga harum.', 'images': []}, {'text': 'Masukkan cabai merah dan cabai rawit cincang, tumis hingga layu.', 'images': []}, {'text': 'Tambahkan udang, aduk rata hingga berubah warna.', 'images': []}, {'text': 'Masukkan saus tiram, kecap asin, gula, lada, dan penyedap. Aduk rata.', 'images': []}, {'text': 'Masukkan daun bawang, aduk sebentar hingga layu.', 'images': []}, {'text': 'Masak hingga bumbu meresap dan udang matang. Angkat dan sajikan.', 'images': []}]","Bersihkan udang, buang kepala dan kulit jika suka., Cincang bawang merah, bawang putih, cabai merah, dan cabai rawit. Potong-potong daun bawang., Panaskan minyak, tumis bawang merah dan bawang putih cincang hingga harum., Masukkan cabai merah dan cabai rawit cincang, tumis hingga layu., Tambahkan udang, aduk rata hingga berubah warna., Masukkan saus tiram, kecap asin, gula, lada, dan penyedap. Aduk rata., Masukkan daun bawang, aduk sebentar hingga layu., Masak hingga bumbu meresap dan udang matang. Angkat dan sajikan.","ug besar, cincang bawang merah, cincang bawang putih, cincang cabai merah besar, cincang cabai rawit, lada bubuk, saus tiram, kecap asin, gula, dipotongpotong daun bawang, minyak goreng","udang Tumis Udang Sederhana Bahan ug besar, cincang bawang merah, cincang bawang putih, cincang cabai merah besar, cincang cabai rawit, lada bubuk, saus tiram, kecap asin, gula, dipotongpotong daun bawang, minyak goreng Langkah-Langkah Bersihkan udang, buang kepala dan kulit jika suka., Cincang bawang merah, bawang putih, cabai merah, dan cabai rawit. Potong-potong daun bawang., Panaskan minyak, tumis bawang merah dan bawang putih cincang hingga harum., Masukkan cabai merah dan cabai rawit cincang, tumis hingga layu., Tambahkan udang, aduk rata hingga berubah warna., Masukkan saus tiram, kecap asin, gula, lada, dan penyedap. Aduk rata., Masukkan daun bawang, aduk sebentar hingga layu., Masak hingga bumbu meresap dan udang matang. Angkat dan sajikan."
resep-24974381,cumi,https://cookpad.com/id/resep/24974381,Sambal Baby Cumi Homemade,https://img-global.cpcdn.com/recipes/da55a6c5e29af16f/1200x630cq80/photo.jpg,"['250 gr baby cumi biasa (bukan asin) ukuran 1cm-2cm', '5 lembar daun jeruk', '2 lembar daun salam', '2 bks terasi', '1 sdt garam', '1 sdt ajinomoto/penyedap rasa', '2 sdm gula', 'Secukupnya cabe merah besar/cabe keriting', '5 siung bawang putih', '10 siung bawang merah']","[{'text': 'Haluskan bawang putih, bawang merah, cabe merah besar/cabe keriting dan terasi.', 'images': ['https://img-global.cpcdn.com/steps/45b7e4b56c8dee76/400x400cq80/photo.jpg']}, {'text': 'Tumis bumbu yang sudah dihaluskan dengan minyak cukup banyak, masukkan daun salam dan daun jeruk. Aduk merata', 'images': []}, {'text': 'Aduk sampai bumbu matang dan tidak langu, masukkan baby cumi nya dan garam gula dan ajinomoto. Aduk merata dan tes rasa', 'images': []}, {'text': 'Hidangkan', 'images': ['https://img-global.cpcdn.com/steps/66f368a342d9c856/400x400cq80/photo.jpg', 'https://img-global.cpcdn.com/steps/0548c79d9357d8b1/400x400cq80/photo.jpg']}]","Haluskan bawang putih, bawang merah, cabe merah besar/cabe keriting dan terasi., Tumis bumbu yang sudah dihaluskan dengan minyak cukup banyak, masukkan daun salam dan daun jeruk. Aduk merata, Aduk sampai bumbu matang dan tidak langu, masukkan baby cumi nya dan garam gula dan ajinomoto. Aduk merata dan tes rasa, Hidangkan","baby cumi, daun jeruk, daun salam, terasi, garam, ajinomotopenyedap rasa, gula, cabe merah, bawang putih, bawang merah","cumi Sambal Baby Cumi Homemade Bahan baby cumi, daun jeruk, daun salam, terasi, garam, ajinomotopenyedap rasa, gula, cabe merah, bawang putih, bawang merah Langkah-Langkah Haluskan bawang putih, bawang merah, cabe merah besar/cabe keriting dan terasi., Tumis bumbu yang sudah dihaluskan dengan minyak cukup banyak, masukkan daun salam dan daun jeruk. Aduk merata, Aduk sampai bumbu matang dan tidak langu, masukkan baby cumi nya dan garam gula dan ajinomoto. Aduk merata dan tes rasa, Hidangkan"
resep-24978341,cumi,https://cookpad.com/id/resep/24978341,Cumi saos padang,https://img-global.cpcdn.com/recipes/b4ea136407acae0d/1200x630cq80/photo.jpg,"['500 gr cumi', '1/2 buah bawang Bombay', '1 buah jagung Manis', '200 ml air', '1 batang serai', '2 lembar daun Salam', '7 butir bawang merah', '5 siung bawang putih', '1 buah tomat', '10 buah cabe merah keriting', '2 buah kemiri', '3 sdm saos tomat', '3 sdm saos sambal', '1 sdm saos tiram', '1/2 sdt kaldu bubuk', '2 sdm gula', '1 sdt garam']","[{'text': 'Bersihkan cumi lalu rebus dalam air mendidih sebentar saja ± 3 menit,potong2 jagung lalu rebus/kukus', 'images': ['https://img-global.cpcdn.com/steps/b623737dffb7b03c/400x400cq80/photo.jpg']}, {'text': 'Tumis bumbu halus,serai Dan daun Salam hingga harum lalu masukan bawang Bombay aduk hingga lauu', 'images': ['https://img-global.cpcdn.com/steps/2b4c63bb4208101b/400x400cq80/photo.jpg', 'https://img-global.cpcdn.com/steps/5fc8ef2fcb499c10/400x400cq80/photo.jpg', 'https://img-global.cpcdn.com/steps/ce342c77f3216281/400x400cq80/photo.jpg']}, {'text': 'Tambahkan seasoning Dan air masak hingga mendidih kental', 'images': ['https://img-global.cpcdn.com/steps/dd11c5906d461fed/400x400cq80/photo.jpg', 'https://img-global.cpcdn.com/steps/aded3b4f947fd7f0/400x400cq80/photo.jpg']}, {'text': 'Masukan cumi Dan jagung aduk hingga bumbu tercampur rata lalu sajikan', 'images': ['https://img-global.cpcdn.com/steps/ece0bc07f364e9b8/400x400cq80/photo.jpg', 'https://img-global.cpcdn.com/steps/b032b91b4b91ebb7/400x400cq80/photo.jpg']}]","Bersihkan cumi lalu rebus dalam air mendidih sebentar saja ± 3 menit,potong2 jagung lalu rebus/kukus, Tumis bumbu halus,serai Dan daun Salam hingga harum lalu masukan bawang Bombay aduk hingga lauu, Tambahkan seasoning Dan air masak hingga mendidih kental, Masukan cumi Dan jagung aduk hingga bumbu tercampur rata lalu sajikan","cumi, bawang bombay, jagung manis, air, serai, daun salam, bawang merah, bawang putih, tomat, cabe merah keriting, kemiri, saos tomat, saos sambal, saos tiram, kaldu bubuk, gula, garam","cumi Cumi saos padang Bahan cumi, bawang bombay, jagung manis, air, serai, daun salam, bawang merah, bawang putih, tomat, cabe merah keriting, kemiri, saos tomat, saos sambal, saos tiram, kaldu bubuk, gula, garam Langkah-Langkah Bersihkan cumi lalu rebus dalam air mendidih sebentar saja ± 3 menit,potong2 jagung lalu rebus/kukus, Tumis bumbu halus,serai Dan daun Salam hingga harum lalu masukan bawang Bombay aduk hingga lauu, Tambahkan seasoning Dan air masak hingga mendidih kental, Masukan cumi Dan jagung aduk hingga bumbu tercampur rata lalu sajikan"
resep-24976090,cumi,https://cookpad.com/id/resep/24976090,Cumi laut pedas ala meldi,https://img-global.cpcdn.com/recipes/f46ffa5c871a0833/1200x630cq80/photo.jpg,"['500 gram cumi (buang tinta, mulut dan plastik cumi)', '500 ml Air (untuk merebus cumi)', '8 cabe hijau keriting', '8 cabe merah keriting', '5 cabe setan', '8 bawang merah', '4 bawang putih', 'Secukupnya garam', 'Secukupnya gula', 'Secukupnya penyedap rasa', 'Secukupnya saus tiram', 'Sedikit minyak']","[{'text': 'Rebus cumi yang sudah dibersihkan sebentar saja untuk mengurangi kadar air cumi saat dimasak', 'images': []}, {'text': 'Choper kasar bawang merah, bawang putih, cabe', 'images': []}, {'text': 'Panaskan minyak tumis bumbu yg sudab di chop kasar, tambahkan bumbu gula, garam, penyedap rasa, saus tiram', 'images': []}, {'text': 'Masukkan cumi yg sudah direbus td masak sebentar saja agar tidak alot, koreksi rasa dan siap disajikan', 'images': []}]","Rebus cumi yang sudah dibersihkan sebentar saja untuk mengurangi kadar air cumi saat dimasak, Choper kasar bawang merah, bawang putih, cabe, Panaskan minyak tumis bumbu yg sudab di chop kasar, tambahkan bumbu gula, garam, penyedap rasa, saus tiram, Masukkan cumi yg sudah direbus td masak sebentar saja agar tidak alot, koreksi rasa dan siap disajikan","cumi, air, cabe hijau keriting, cabe merah keriting, cabe setan, bawang merah, bawang putih, garam, gula, rasa, saus tiram, minyak","cumi Cumi laut pedas ala meldi Bahan cumi, air, cabe hijau keriting, cabe merah keriting, cabe setan, bawang merah, bawang putih, garam, gula, rasa, saus tiram, minyak Langkah-Langkah Rebus cumi yang sudah dibersihkan sebentar saja untuk mengurangi kadar air cumi saat dimasak, Choper kasar bawang merah, bawang putih, cabe, Panaskan minyak tumis bumbu yg sudab di chop kasar, tambahkan bumbu gula, garam, penyedap rasa, saus tiram, Masukkan cumi yg sudah direbus td masak sebentar saja agar tidak alot, koreksi rasa dan siap disajikan"
resep-24967229,cumi,https://cookpad.com/id/resep/24967229,Cumi Kuah Hitam Pedas Khas Tuban,https://img-global.cpcdn.com/recipes/b6f650b73c27b06f/1200x630cq80/photo.jpg,"['500 gr cumi2 ukuran sedang, bersihkan, tintanya biarkan', '1 buah tomat merah ukuran sedang', '4 butir bawang merah', '1 siung bawang putih', '1 jempol lengkuas', '1 btg pre kecil', '2 btg daun bunga bawang', '1 lembar daun salam, 1 lembar daun jeruk', '200 ml air', '1 sdm kecap manis', 'Secukupnya minyak goreng, kaldu jamur dan garam', 'Bumbu dihaluskan :', '1 siung bawang putih', '10 buah cabe rawit']","[{'text': 'Potong2 bahan2 yang sudah di cuci bersih, baput, bamer, tomat, daun pre, batang bunga bawang dan lengkuas. Siapkan juga bumbu yg sudah dihaluskan.', 'images': ['https://img-global.cpcdn.com/steps/2d646623c3096e39/400x400cq80/photo.jpg', 'https://img-global.cpcdn.com/steps/ce16c50f023f930e/400x400cq80/photo.jpg', 'https://img-global.cpcdn.com/steps/21e23dbf2fffdf7a/400x400cq80/photo.jpg']}, {'text': 'Tumis bawang putih dan bawang merah dengan sedikit minyak hingga layu, lalu masukkan cabe halus.', 'images': ['https://img-global.cpcdn.com/steps/eccde13289647e54/400x400cq80/photo.jpg', 'https://img-global.cpcdn.com/steps/4ea0461c552bfd96/400x400cq80/photo.jpg', 'https://img-global.cpcdn.com/steps/8f362d6ec067b1ed/400x400cq80/photo.jpg']}, {'text': 'Tumis hingga bumbu harum, lalu masukkan tomat, lengkuas, daun salam dan daun jeruk, masukkan juga cumi2 yang sudah dibersihkan.', 'images': ['https://img-global.cpcdn.com/steps/86a878d5b8b13398/400x400cq80/photo.jpg', 'https://img-global.cpcdn.com/steps/f4c58f2400ac131d/400x400cq80/photo.jpg', 'https://img-global.cpcdn.com/steps/81cb8ee5193a1767/400x400cq80/photo.jpg']}, {'text': 'Tambahkan 1 gelas air, kecap manis, garam dan kaldu jamur. Ukep hingga air mendidih, koreksi rasanya.', 'images': ['https://img-global.cpcdn.com/steps/157882488ec15074/400x400cq80/photo.jpg', 'https://img-global.cpcdn.com/steps/3631eb2c8c5989b1/400x400cq80/photo.jpg', 'https://img-global.cpcdn.com/steps/033d1198558c6e4a/400x400cq80/photo.jpg']}, {'text': 'Terakhir masukkan daun pre, setelah layu, angkat dan matikan apinya. Sajikan dengan nasi hangat, enak sekali rasanya.', 'images': ['https://img-global.cpcdn.com/steps/1f0c21c7eb2d5d4f/400x400cq80/photo.jpg', 'https://img-global.cpcdn.com/steps/4e2d488d3f46baa0/400x400cq80/photo.jpg', 'https://img-global.cpcdn.com/steps/a7b1f6d1253e8d4d/400x400cq80/photo.jpg']}]","Potong2 bahan2 yang sudah di cuci bersih, baput, bamer, tomat, daun pre, batang bunga bawang dan lengkuas. Siapkan juga bumbu yg sudah dihaluskan., Tumis bawang putih dan bawang merah dengan sedikit minyak hingga layu, lalu masukkan cabe halus., Tumis hingga bumbu harum, lalu masukkan tomat, lengkuas, daun salam dan daun jeruk, masukkan juga cumi2 yang sudah dibersihkan., Tambahkan 1 gelas air, kecap manis, garam dan kaldu jamur. Ukep hingga air mendidih, koreksi rasanya., Terakhir masukkan daun pre, setelah layu, angkat dan matikan apinya. Sajikan dengan nasi hangat, enak sekali rasanya.","cumi, tomat merah, bawang merah, bawang putih, jempol lengkuas, pre kecil, daun bunga bawang, daun salam daun jeruk, air, kecap manis, minyak goreng kaldu jamur garam, bumbu, bawang putih, cabe rawit","cumi Cumi Kuah Hitam Pedas Khas Tuban Bahan cumi, tomat merah, bawang merah, bawang putih, jempol lengkuas, pre kecil, daun bunga bawang, daun salam daun jeruk, air, kecap manis, minyak goreng kaldu jamur garam, bumbu, bawang putih, cabe rawit Langkah-Langkah Potong2 bahan2 yang sudah di cuci bersih, baput, bamer, tomat, daun pre, batang bunga bawang dan lengkuas. Siapkan juga bumbu yg sudah dihaluskan., Tumis bawang putih dan bawang merah dengan sedikit minyak hingga layu, lalu masukkan cabe halus., Tumis hingga bumbu harum, lalu masukkan tomat, lengkuas, daun salam dan daun jeruk, masukkan juga cumi2 yang sudah dibersihkan., Tambahkan 1 gelas air, kecap manis, garam dan kaldu jamur. Ukep hingga air mendidih, koreksi rasanya., Terakhir masukkan daun pre, setelah layu, angkat dan matikan apinya. Sajikan dengan nasi hangat, enak sekali rasanya."
resep-24965956,cumi,https://cookpad.com/id/resep/24965956,Gulai Cumi Bunting,https://img-global.cpcdn.com/recipes/a7d041aa92e2dc92/1200x630cq80/photo.jpg,"['1/2 kg cumi-cumi ukuran sedang, bersihkan isi perut dan kulit luarnya', '1 buah jeruk nipis, ambil airnya', '2 sdt garam/secukupnya', 'Bahan isian', '3 buah tahu putih', '1 batang daun bawang', '1/2 sdt lada bubuk', '1/2 sdt garam', '1/4 sdt kaldu bubuk', 'Bumbu halus', '10 cabe merah', '5 cabe rawit', '6 siung bawang merah', '4 siung bawang putih', '2 ruas jari kunyit', '1 ruas jari jahe', '2 buah kemiri', '1 sdt lada bubuk', '1/2 sdm ketumbar bubuk', 'Bahan lainnya', '200 gr kentang, potong memanjang', '200 ml air', '200 ml santan', '2 batang serai, geprek', '2 ruas jari lengkuas, geprek', '1 lembar daun salam', '5 lembar daun jeruk purut, sobek-sobek', 'Secukupnya minyak untuk menumis']","[{'text': 'Siapkan bahan-bahan. Cuci bersih cumi-cumi, kucuri air jeruk nipis, diamkan 5 menit. Setelah itu cuci kembali dan beri 2 sdt garam. Sisihkan.', 'images': ['https://img-global.cpcdn.com/steps/fe18bfbda1c94b54/400x400cq80/photo.jpg', 'https://img-global.cpcdn.com/steps/f18a4b622cbe8926/400x400cq80/photo.jpg']}, {'text': 'Haluskan tahu, campur dengan bahan-bahan lain. Masukkan isian tahu dalam perut cumi (jangan terlalu penuh) tutup dengan kepalanya lalu kunci dengan tusuk gigi.', 'images': ['https://img-global.cpcdn.com/steps/9204778ce1e7ca44/400x400cq80/photo.jpg', 'https://img-global.cpcdn.com/steps/d20c8f33d6dcbef1/400x400cq80/photo.jpg']}, {'text': 'Panaskan minyak secukupnya, tumis bumbu halus, serai, daun salam, lengkuas, dan daun jeruk purut sampai harum. Tuang air dan masukkan kentang, masak sampai kentang setengah empuk.', 'images': ['https://img-global.cpcdn.com/steps/bc9a3814f2b1faa4/400x400cq80/photo.jpg', 'https://img-global.cpcdn.com/steps/74b2bbee3961f817/400x400cq80/photo.jpg']}, {'text': 'Lalu tambahkan santan, cumi-cumi, aduk pelan saja agar isiannya tidak keluar.', 'images': ['https://img-global.cpcdn.com/steps/da811401c0168952/400x400cq80/photo.jpg', 'https://img-global.cpcdn.com/steps/591352f7f65ebe53/400x400cq80/photo.jpg', 'https://img-global.cpcdn.com/steps/cdea286655ec38c3/400x400cq80/photo.jpg']}, {'text': 'Masak sampai kentang empuk dan cumi matang, tes rasa.', 'images': ['https://img-global.cpcdn.com/steps/458d6e6762c0c2fb/400x400cq80/photo.jpg']}, {'text': 'Siap disajikan.', 'images': ['https://img-global.cpcdn.com/steps/575ea3b50596b12c/400x400cq80/photo.jpg']}]","Siapkan bahan-bahan. Cuci bersih cumi-cumi, kucuri air jeruk nipis, diamkan 5 menit. Setelah itu cuci kembali dan beri 2 sdt garam. Sisihkan., Haluskan tahu, campur dengan bahan-bahan lain. Masukkan isian tahu dalam perut cumi (jangan terlalu penuh) tutup dengan kepalanya lalu kunci dengan tusuk gigi., Panaskan minyak secukupnya, tumis bumbu halus, serai, daun salam, lengkuas, dan daun jeruk purut sampai harum. Tuang air dan masukkan kentang, masak sampai kentang setengah empuk., Lalu tambahkan santan, cumi-cumi, aduk pelan saja agar isiannya tidak keluar., Masak sampai kentang empuk dan cumi matang, tes rasa., Siap disajikan.","cumicumi, jeruk nipis, garamsecukupnya, bahan isian, tahu putih, daun bawang, lada bubuk, garam, kaldu bubuk, bumbu, cabe merah, cabe rawit, bawang merah, bawang putih, jari kunyit, jari jahe, kemiri, lada bubuk, ketumbar bubuk, bahan lainnya, kentang memanjang, air, santan, serai, jari lengkuas, daun salam, daun jeruk purut sobeksobek, minyak","cumi Gulai Cumi Bunting Bahan cumicumi, jeruk nipis, garamsecukupnya, bahan isian, tahu putih, daun bawang, lada bubuk, garam, kaldu bubuk, bumbu, cabe merah, cabe rawit, bawang merah, bawang putih, jari kunyit, jari jahe, kemiri, lada bubuk, ketumbar bubuk, bahan lainnya, kentang memanjang, air, santan, serai, jari lengkuas, daun salam, daun jeruk purut sobeksobek, minyak Langkah-Langkah Siapkan bahan-bahan. Cuci bersih cumi-cumi, kucuri air jeruk nipis, diamkan 5 menit. Setelah itu cuci kembali dan beri 2 sdt garam. Sisihkan., Haluskan tahu, campur dengan bahan-bahan lain. Masukkan isian tahu dalam perut cumi (jangan terlalu penuh) tutup dengan kepalanya lalu kunci dengan tusuk gigi., Panaskan minyak secukupnya, tumis bumbu halus, serai, daun salam, lengkuas, dan daun jeruk purut sampai harum. Tuang air dan masukkan kentang, masak sampai kentang setengah empuk., Lalu tambahkan santan, cumi-cumi, aduk pelan saja agar isiannya tidak keluar., Masak sampai kentang empuk dan cumi matang, tes rasa., Siap disajikan."
resep-24956564,tahu,https://cookpad.com/id/resep/24956564,Tahu Telor,https://img-global.cpcdn.com/recipes/d61fb261267e8cbc/1200x630cq80/photo.jpg,"['3 butir telur, kocok lepas', '1/2 kotak tahu putih besar (bebas pake tahu apa aja)', 'Secukupnya bumbu pecel atau gado2 instan (resep bumbu kacang dibawah kl mau bikin sendiri ya)', 'Secukupnya toge, rebus sebentar saja', 'Secukupnya potongan timun', 'Secukupnya bawang goreng untuk taburan']","[{'text': 'Kocok lepas telur, beri garam & lada. Panaskan minyak, tuang telur dan beri potongan tahu. Masak hingga matang bolak balik', 'images': []}, {'text': 'Penyajian; beri toge & potongam timun, siram dengan kuah kacang. Taburi bawang goreng', 'images': []}, {'text': 'Note: kalo kepengen bikin sendiri bumbu kacangnya, bisa lihat ref menu dibawah ya', 'images': []}, {'text': 'Semoga bermanfaat ya, selamat mencoba', 'images': []}]","Kocok lepas telur, beri garam & lada. Panaskan minyak, tuang telur dan beri potongan tahu. Masak hingga matang bolak balik, Penyajian; beri toge & potongam timun, siram dengan kuah kacang. Taburi bawang goreng, Note: kalo kepengen bikin sendiri bumbu kacangnya, bisa lihat ref menu dibawah ya, Semoga bermanfaat ya, selamat mencoba","telur, tahu putih, bumbu pecel, toge, potongan timun, bawang goreng","tahu Tahu Telor Bahan telur, tahu putih, bumbu pecel, toge, potongan timun, bawang goreng Langkah-Langkah Kocok lepas telur, beri garam & lada. Panaskan minyak, tuang telur dan beri potongan tahu. Masak hingga matang bolak balik, Penyajian; beri toge & potongam timun, siram dengan kuah kacang. Taburi bawang goreng, Note: kalo kepengen bikin sendiri bumbu kacangnya, bisa lihat ref menu dibawah ya, Semoga bermanfaat ya, selamat mencoba"
resep-24984371,tahu,https://cookpad.com/id/resep/24984371,Tahu Goreng Ketumbar,https://img-global.cpcdn.com/recipes/4a3046b6f39d0001/1200x630cq80/photo.jpg,"['4 bh Tahu Putih', '2 Siung Bawang Putih', '1 sdt Ketumbar', 'secukupnya Garam, Penyedap Rasa', 'secukupnya Air bersih', 'secukupnya Minyak Goreng']","[{'text': 'Cuci bersih Tahu kemudian potong jadi 4 bagian, sisihkan.', 'images': ['https://img-global.cpcdn.com/steps/d73403571c450f4f/400x400cq80/photo.jpg']}, {'text': 'Siapkan Ketumbar, Bawang Putih, Garam dan Penyedap Rasa haluskan.', 'images': ['https://img-global.cpcdn.com/steps/896030106aaa06d1/400x400cq80/photo.jpg', 'https://img-global.cpcdn.com/steps/a0412a0fbdbf3f76/400x400cq80/photo.jpg']}, {'text': 'Beri Air secukupnya, tuang dalam wadah berisi Tahu, ratakan lalu diamkan selama 10 Menit.', 'images': ['https://img-global.cpcdn.com/steps/c5c1a627380bc3c7/400x400cq80/photo.jpg', 'https://img-global.cpcdn.com/steps/4669495a160af5ea/400x400cq80/photo.jpg']}, {'text': 'Goreng dalam minyak panas api sedang sampai matang merata, angkat dan tiriskan.', 'images': ['https://img-global.cpcdn.com/steps/88e9babef3a95b8a/400x400cq80/photo.jpg', 'https://img-global.cpcdn.com/steps/3ca4e21a7295b1c4/400x400cq80/photo.jpg']}, {'text': 'Sajikan dengan Sambal Geprek', 'images': ['https://img-global.cpcdn.com/steps/afa55d52bcaf02c8/400x400cq80/photo.jpg', 'https://img-global.cpcdn.com/steps/89f310d5efae9714/400x400cq80/photo.jpg', 'https://img-global.cpcdn.com/steps/c103c13ddf31d89e/400x400cq80/photo.jpg']}]","Cuci bersih Tahu kemudian potong jadi 4 bagian, sisihkan., Siapkan Ketumbar, Bawang Putih, Garam dan Penyedap Rasa haluskan., Beri Air secukupnya, tuang dalam wadah berisi Tahu, ratakan lalu diamkan selama 10 Menit., Goreng dalam minyak panas api sedang sampai matang merata, angkat dan tiriskan., Sajikan dengan Sambal Geprek","tahu putih, bawang putih, ketumbar, garam rasa, air bersih, minyak goreng","tahu Tahu Goreng Ketumbar Bahan tahu putih, bawang putih, ketumbar, garam rasa, air bersih, minyak goreng Langkah-Langkah Cuci bersih Tahu kemudian potong jadi 4 bagian, sisihkan., Siapkan Ketumbar, Bawang Putih, Garam dan Penyedap Rasa haluskan., Beri Air secukupnya, tuang dalam wadah berisi Tahu, ratakan lalu diamkan selama 10 Menit., Goreng dalam minyak panas api sedang sampai matang merata, angkat dan tiriskan., Sajikan dengan Sambal Geprek"
resep-24969118,tahu,https://cookpad.com/id/resep/24969118,Tofu Egg Roll,https://img-global.cpcdn.com/recipes/442cbb8e5da1c871/1200x630cq80/photo.jpg,"['2 Tahu putih uk besar', '50 gr ayam (optional)', '1 butir telur', '1 sdm tepung terigu', '1 sdm maizena ROSE BRAND', '1 wortel ukuran kecil iris bulat swm', '1 daun bawang', '3 bawang putih haluskan', '3/4 sdt merica bubuk', '2 sdm saus tiram', '1 sdm minyak wijen', '1 sdm kecap asin', '1 sdt gula pasir', 'garam (bila perlu)', 'penyedap Asatu ROSE BRAND', 'Bahan Kulit', '1 butir telur', '1 kuning telur', '1/2 sdt garam', '1/4 sdt gula pasir rose brand', '1/2 sdt kaldu bubuk', '60 gr tepung terigu', '15 gr tepung maizena rose brand', '15 ml minyak goreng rose brand', '180 ml air', 'secukupnya pewarna kuning']","[{'text': 'Chopper semua bahan menjadi satu. Aku mengunakan tambahan penyedap Asatu dan tepung maizena dari ROSE BRAND. Sisihkan', 'images': ['https://img-global.cpcdn.com/steps/1b8ef3b226831006/400x400cq80/photo.jpg', 'https://img-global.cpcdn.com/steps/441e105f5d84a704/400x400cq80/photo.jpg', 'https://img-global.cpcdn.com/steps/af90a5b3e68b9fe8/400x400cq80/photo.jpg']}, {'text': 'Campur semua bahan kulit menjadi satu. Supaya cepat aku menggunakan chopper', 'images': ['https://img-global.cpcdn.com/steps/5b492309a57eecbb/400x400cq80/photo.jpg', 'https://img-global.cpcdn.com/steps/df6f4fd7d897b0b7/400x400cq80/photo.jpg', 'https://img-global.cpcdn.com/steps/a5e78226e9329fc1/400x400cq80/photo.jpg']}, {'text': 'Kemudian disaring, olesi teflon dengan minyak, dadar kulit', 'images': ['https://img-global.cpcdn.com/steps/138eba4cd20071ad/400x400cq80/photo.jpg', 'https://img-global.cpcdn.com/steps/9996e8c6dfa3d507/400x400cq80/photo.jpg', 'https://img-global.cpcdn.com/steps/ce86b85b3ce3651e/400x400cq80/photo.jpg']}, {'text': 'Beri isian tahu diatas kulit, lipat kemudian kukus', 'images': ['https://img-global.cpcdn.com/steps/886b52f7e7a1210c/400x400cq80/photo.jpg', 'https://img-global.cpcdn.com/steps/007804d63f8e9014/400x400cq80/photo.jpg', 'https://img-global.cpcdn.com/steps/7e1c2b1a2472b305/400x400cq80/photo.jpg']}, {'text': 'Jangan lupa ditutup. Kukus hingga matang', 'images': ['https://img-global.cpcdn.com/steps/120234bb570cf54c/400x400cq80/photo.jpg', 'https://img-global.cpcdn.com/steps/5d41626ffc77257a/400x400cq80/photo.jpg']}, {'text': 'Dipotong potong digoreng enak', 'images': ['https://img-global.cpcdn.com/steps/d9cfc9aad1251e8d/400x400cq80/photo.jpg', 'https://img-global.cpcdn.com/steps/67c0a155e5b6004f/400x400cq80/photo.jpg']}, {'text': 'Potong potong diberi saus cocolan juga enak', 'images': ['https://img-global.cpcdn.com/steps/9253325c6763af5b/400x400cq80/photo.jpg']}]","Chopper semua bahan menjadi satu. Aku mengunakan tambahan penyedap Asatu dan tepung maizena dari ROSE BRAND. Sisihkan, Campur semua bahan kulit menjadi satu. Supaya cepat aku menggunakan chopper, Kemudian disaring, olesi teflon dengan minyak, dadar kulit, Beri isian tahu diatas kulit, lipat kemudian kukus, Jangan lupa ditutup. Kukus hingga matang, Dipotong potong digoreng enak, Potong potong diberi saus cocolan juga enak","tahu putih, ayam, telur, tepung terigu, maizena rose brand, wortel iris swm, daun bawang, bawang putih, merica bubuk, saus tiram, minyak wijen, kecap asin, gula pasir, garam bila perlu, asatu rose brand, bahan kulit, telur, kuning telur, garam, gula pasir rose brand, kaldu bubuk, tepung terigu, tepung maizena rose brand, minyak goreng rose brand, air, pewarna kuning","tahu Tofu Egg Roll Bahan tahu putih, ayam, telur, tepung terigu, maizena rose brand, wortel iris swm, daun bawang, bawang putih, merica bubuk, saus tiram, minyak wijen, kecap asin, gula pasir, garam bila perlu, asatu rose brand, bahan kulit, telur, kuning telur, garam, gula pasir rose brand, kaldu bubuk, tepung terigu, tepung maizena rose brand, minyak goreng rose brand, air, pewarna kuning Langkah-Langkah Chopper semua bahan menjadi satu. Aku mengunakan tambahan penyedap Asatu dan tepung maizena dari ROSE BRAND. Sisihkan, Campur semua bahan kulit menjadi satu. Supaya cepat aku menggunakan chopper, Kemudian disaring, olesi teflon dengan minyak, dadar kulit, Beri isian tahu diatas kulit, lipat kemudian kukus, Jangan lupa ditutup. Kukus hingga matang, Dipotong potong digoreng enak, Potong potong diberi saus cocolan juga enak"
resep-24984423,tahu,https://cookpad.com/id/resep/24984423,Tahu Balado,https://img-global.cpcdn.com/recipes/30e010b2b0d1c798/1200x630cq80/photo.jpg,"['4 buah Tahu', '1 buah Tomat', '5 siung Bawang merah', '3 siung Bawang putih', '5 buah Cabe merah', '2 lembar Daun jeruk', '1/2 sdt Garam', '1/2 sdt Gula', '1 sdt Kecap manis', '1/4 sdt Penyedap rasa', 'secukupnya Minyak goreng']","[{'text': 'Marinasi tahu, lalu goreng setengah matang. Tiriskan.', 'images': []}, {'text': 'Haluskan tomat, bawang merah, bawang putih, dan cabe merah.', 'images': []}, {'text': 'Masukkan daun jeruk, Tumis bumbu halus hingga harum.', 'images': []}, {'text': 'Tambahkan garam, gula, kecap, dan penyedap rasa, aduk rata.', 'images': []}, {'text': 'Masukkan tahu, aduk rata dengan api kecil. Masak hingga minyak keluar dan bumbu meresap.', 'images': []}]","Marinasi tahu, lalu goreng setengah matang. Tiriskan., Haluskan tomat, bawang merah, bawang putih, dan cabe merah., Masukkan daun jeruk, Tumis bumbu halus hingga harum., Tambahkan garam, gula, kecap, dan penyedap rasa, aduk rata., Masukkan tahu, aduk rata dengan api kecil. Masak hingga minyak keluar dan bumbu meresap.","tahu, tomat, bawang merah, bawang putih, cabe merah, daun jeruk, garam, gula, kecap manis, rasa, minyak goreng","tahu Tahu Balado Bahan tahu, tomat, bawang merah, bawang putih, cabe merah, daun jeruk, garam, gula, kecap manis, rasa, minyak goreng Langkah-Langkah Marinasi tahu, lalu goreng setengah matang. Tiriskan., Haluskan tomat, bawang merah, bawang putih, dan cabe merah., Masukkan daun jeruk, Tumis bumbu halus hingga harum., Tambahkan garam, gula, kecap, dan penyedap rasa, aduk rata., Masukkan tahu, aduk rata dengan api kecil. Masak hingga minyak keluar dan bumbu meresap."
resep-24964585,tahu,https://cookpad.com/id/resep/24964585,Tahu Chili Padi,https://img-global.cpcdn.com/recipes/8422779373b4b42f/1200x630cq80/photo.jpg,"['12 kotak tahu putih', '100 gr cabe rawit', '5 siung bawang merah', '3 siung bawang putih', '1 sdm tepung terigu serba guna', '2 sdm tepung maizena rose brand', '1/2 sdt gula pasir rose brand', '1 sdt garam', '1 sdt kaldu bubuk', '1 sdm margarin rose brand']","[{'text': 'Siapkan bahan bahan', 'images': ['https://img-global.cpcdn.com/steps/c268db92227a6d9b/400x400cq80/photo.jpg', 'https://img-global.cpcdn.com/steps/55d601fe714968f7/400x400cq80/photo.jpg']}, {'text': 'Potong potong tahu tambahkan teping terigu dan maizena rose brand, garam dan kaldu bubuk', 'images': ['https://img-global.cpcdn.com/steps/b0fc4377c310376f/400x400cq80/photo.jpg', 'https://img-global.cpcdn.com/steps/ac3c2bafa355298a/400x400cq80/photo.jpg']}, {'text': 'Goreng hingga golden brown, kemudian tumis bawang dengan margarin rose brand suapya lebih gurih', 'images': ['https://img-global.cpcdn.com/steps/1222506c14fb9aaa/400x400cq80/photo.jpg', 'https://img-global.cpcdn.com/steps/43ae4ecc04c866a2/400x400cq80/photo.jpg', 'https://img-global.cpcdn.com/steps/11054dbaa8543d13/400x400cq80/photo.jpg']}, {'text': 'Koreksi rasa masukkan garam, gula pasir rose brand', 'images': ['https://img-global.cpcdn.com/steps/cb8832904a5b0582/400x400cq80/photo.jpg', 'https://img-global.cpcdn.com/steps/8ae0d949387aa255/400x400cq80/photo.jpg', 'https://img-global.cpcdn.com/steps/6910c0fc52c7c516/400x400cq80/photo.jpg']}, {'text': 'Masukkan tahu ke dalam cabe dan tahu Chili padi siap dihidangkan bersama nasi hangat', 'images': ['https://img-global.cpcdn.com/steps/e9b2e845280b7d55/400x400cq80/photo.jpg', 'https://img-global.cpcdn.com/steps/9793bc372871ea0c/400x400cq80/photo.jpg']}]","Siapkan bahan bahan, Potong potong tahu tambahkan teping terigu dan maizena rose brand, garam dan kaldu bubuk, Goreng hingga golden brown, kemudian tumis bawang dengan margarin rose brand suapya lebih gurih, Koreksi rasa masukkan garam, gula pasir rose brand, Masukkan tahu ke dalam cabe dan tahu Chili padi siap dihidangkan bersama nasi hangat","tahu putih, cabe rawit, bawang merah, bawang putih, tepung terigu serba guna, tepung maizena rose brand, gula pasir rose brand, garam, kaldu bubuk, margarin rose brand","tahu Tahu Chili Padi Bahan tahu putih, cabe rawit, bawang merah, bawang putih, tepung terigu serba guna, tepung maizena rose brand, gula pasir rose brand, garam, kaldu bubuk, margarin rose brand Langkah-Langkah Siapkan bahan bahan, Potong potong tahu tambahkan teping terigu dan maizena rose brand, garam dan kaldu bubuk, Goreng hingga golden brown, kemudian tumis bawang dengan margarin rose brand suapya lebih gurih, Koreksi rasa masukkan garam, gula pasir rose brand, Masukkan tahu ke dalam cabe dan tahu Chili padi siap dihidangkan bersama nasi hangat"
resep-24973708,tempe,https://cookpad.com/id/resep/24973708,Sambel lado kentang dan tempe iris cabe,https://img-global.cpcdn.com/recipes/35817851811ead28/1200x630cq80/photo.jpg,"['1 batang Tempe', '2 pcs Kentang', 'Cabe merah 1/2 ons (sesuai selera)', '4 pcs Bawang merah', '2 pcs Bawang putih', '1 butir tomat besar', 'secukupnya Minyak goreng garam dan gula', 'Cabe hijau 2 pcs + cabe merah 2pcs (di iris)']","[{'text': 'Blender bumbu', 'images': ['https://img-global.cpcdn.com/steps/fde15cc74a34051b/400x400cq80/photo.jpg']}, {'text': 'Iris cabe dan tumis sebentar', 'images': ['https://img-global.cpcdn.com/steps/0804221e84d17294/400x400cq80/photo.jpg', 'https://img-global.cpcdn.com/steps/e3fbc96cf1c44412/400x400cq80/photo.jpg']}, {'text': 'Masukkan bumbu cabai tumpis tumis sampai wangi tapi sebelumnya tempe dan kentang sudah digoreng terlebih dahulu ya setelah itu bumbu matang masuk kan garam dan gula secukupnya tes rasa', 'images': ['https://img-global.cpcdn.com/steps/9da31a3885c870fe/400x400cq80/photo.jpg', 'https://img-global.cpcdn.com/steps/6e0fd48fb6158306/400x400cq80/photo.jpg']}, {'text': 'Setelah itu masuk kan tempe dan kentang', 'images': []}, {'text': 'Selamat mencoba', 'images': []}]","Blender bumbu, Iris cabe dan tumis sebentar, Masukkan bumbu cabai tumpis tumis sampai wangi tapi sebelumnya tempe dan kentang sudah digoreng terlebih dahulu ya setelah itu bumbu matang masuk kan garam dan gula secukupnya tes rasa, Setelah itu masuk kan tempe dan kentang, Selamat mencoba","tempe, kentang, cabe merah ons, bawang merah, bawang putih, tomat besar, minyak goreng garam gula, cabe hijau cabe merah di iris","tempe Sambel lado kentang dan tempe iris cabe Bahan tempe, kentang, cabe merah ons, bawang merah, bawang putih, tomat besar, minyak goreng garam gula, cabe hijau cabe merah di iris Langkah-Langkah Blender bumbu, Iris cabe dan tumis sebentar, Masukkan bumbu cabai tumpis tumis sampai wangi tapi sebelumnya tempe dan kentang sudah digoreng terlebih dahulu ya setelah itu bumbu matang masuk kan garam dan gula secukupnya tes rasa, Setelah itu masuk kan tempe dan kentang, Selamat mencoba"
resep-24966104,tempe,https://cookpad.com/id/resep/24966104,Kering Tempe Kacang Teri,https://img-global.cpcdn.com/recipes/7d33d2dd6e305855/1200x630cq80/photo.jpg,"['2 papan tempe', 'secukupnya teri', 'secukupnya kacang tanah', 'Bawang merah', 'Bawang putih', 'Merica', 'Daun jeruk', 'Gula merah', 'Garam', 'Penyedap rasa']","[{'text': 'Potong tipi - tipis tempe,kemudian goreng sampai kering. Sisihkan.', 'images': ['https://img-global.cpcdn.com/steps/67564258500d0313/400x400cq80/photo.jpg']}, {'text': 'Goreng kacang tanah sampai matang.', 'images': ['https://img-global.cpcdn.com/steps/50ff32a8707759ca/400x400cq80/photo.jpg']}, {'text': 'Goreng teri,sampai kering.', 'images': ['https://img-global.cpcdn.com/steps/c83e1e1c70db50d7/400x400cq80/photo.jpg']}, {'text': 'Tumis bumbu halus sampai wangi, tambahkan air secukupnya. Masukkan daun jeruk, gula merah, garam dan penyedap rasa. Masak sampai gula larut dan air sedikit menyusut. Koreksi rasanya.', 'images': []}, {'text': 'Masukkan tempe, kacang tanah dan teri yang sudah di goreng. Aduk rata dengan api kecil. Aduk sampai bumbu tercampur rata dan kering.', 'images': []}, {'text': 'Simpan dalam wadah tertutup.', 'images': []}]","Potong tipi - tipis tempe,kemudian goreng sampai kering. Sisihkan., Goreng kacang tanah sampai matang., Goreng teri,sampai kering., Tumis bumbu halus sampai wangi, tambahkan air secukupnya. Masukkan daun jeruk, gula merah, garam dan penyedap rasa. Masak sampai gula larut dan air sedikit menyusut. Koreksi rasanya., Masukkan tempe, kacang tanah dan teri yang sudah di goreng. Aduk rata dengan api kecil. Aduk sampai bumbu tercampur rata dan kering., Simpan dalam wadah tertutup.","papan tempe, teri, kacang tanah, bawang merah, bawang putih, merica, daun jeruk, gula merah, garam, rasa","tempe Kering Tempe Kacang Teri Bahan papan tempe, teri, kacang tanah, bawang merah, bawang putih, merica, daun jeruk, gula merah, garam, rasa Langkah-Langkah Potong tipi - tipis tempe,kemudian goreng sampai kering. Sisihkan., Goreng kacang tanah sampai matang., Goreng teri,sampai kering., Tumis bumbu halus sampai wangi, tambahkan air secukupnya. Masukkan daun jeruk, gula merah, garam dan penyedap rasa. Masak sampai gula larut dan air sedikit menyusut. Koreksi rasanya., Masukkan tempe, kacang tanah dan teri yang sudah di goreng. Aduk rata dengan api kecil. Aduk sampai bumbu tercampur rata dan kering., Simpan dalam wadah tertutup."
resep-24959989,tempe,https://cookpad.com/id/resep/24959989,Tempe bacem basah,https://img-global.cpcdn.com/recipes/6eb7c5b0ede18d65/1200x630cq80/photo.jpg,"['3 bungkus tempe', '1 1/2 butir gula merah', '3 butir bawang putih', '6 butir bawang merah', 'secukupnya ketumbar', '5 biji kemiri', '2 lembar daun salam', 'garam', 'kaldu bubuk', '4 mata asam jawa']","[{'text': 'Iris tempe ± 1 cm,goreng dan sisihkan', 'images': ['https://img-global.cpcdn.com/steps/1e04606910ceba3d/400x400cq80/photo.jpg']}, {'text': 'Blender/haluskan ketumbar,kemiri,bawang putih,bawang merah,tambahkan air sedikit untuk memudahkan memblender', 'images': ['https://img-global.cpcdn.com/steps/3d49c13603adc750/400x400cq80/photo.jpg']}, {'text': 'Tumis bumbu yang sudah d blender sampai wangi,masukkan daun salam,aduk sebentar', 'images': []}, {'text': 'Masukkan air agak banyak(agar tempe terendam)asam jawa,gula merah,garam dan kaldu bubuk', 'images': []}, {'text': 'Setelah mendidih masukkan tempe yang telah d goreng tadi', 'images': []}, {'text': 'Tutup wajan masak dengan api sedang,sambil sekali -kali d aduk', 'images': []}, {'text': 'Biarkan sampai air menyusut,dan mengeluarkan minyak,ngga usah d goreng lagi ya', 'images': []}, {'text': 'Cicipi dan hidangkan', 'images': []}]","Iris tempe ± 1 cm,goreng dan sisihkan, Blender/haluskan ketumbar,kemiri,bawang putih,bawang merah,tambahkan air sedikit untuk memudahkan memblender, Tumis bumbu yang sudah d blender sampai wangi,masukkan daun salam,aduk sebentar, Masukkan air agak banyak(agar tempe terendam)asam jawa,gula merah,garam dan kaldu bubuk, Setelah mendidih masukkan tempe yang telah d goreng tadi, Tutup wajan masak dengan api sedang,sambil sekali -kali d aduk, Biarkan sampai air menyusut,dan mengeluarkan minyak,ngga usah d goreng lagi ya, Cicipi dan hidangkan","tempe, gula merah, bawang putih, bawang merah, ketumbar, biji kemiri, daun salam, garam, kaldu bubuk, mata asam jawa","tempe Tempe bacem basah Bahan tempe, gula merah, bawang putih, bawang merah, ketumbar, biji kemiri, daun salam, garam, kaldu bubuk, mata asam jawa Langkah-Langkah Iris tempe ± 1 cm,goreng dan sisihkan, Blender/haluskan ketumbar,kemiri,bawang putih,bawang merah,tambahkan air sedikit untuk memudahkan memblender, Tumis bumbu yang sudah d blender sampai wangi,masukkan daun salam,aduk sebentar, Masukkan air agak banyak(agar tempe terendam)asam jawa,gula merah,garam dan kaldu bubuk, Setelah mendidih masukkan tempe yang telah d goreng tadi, Tutup wajan masak dengan api sedang,sambil sekali -kali d aduk, Biarkan sampai air menyusut,dan mengeluarkan minyak,ngga usah d goreng lagi ya, Cicipi dan hidangkan"
resep-24983854,tempe,https://cookpad.com/id/resep/24983854,Jangan lombok tempe,https://img-global.cpcdn.com/recipes/b0492ca98eda9cf3/1200x630cq80/photo.jpg,"['1/2 Papan Tempe Semangit potong sesuai selera', '6 bh Cabe Merah', '6 bh Cabe Hijau', '10 bh Cabe Rawit', '2 bh Tomat', '3 bh Bawang Merah', '3 bh Bawang Putih', '1 bh kemiri', '1/2 sdt Garam', '1/2 sdt Lada', '1/2 sdt Micin', '1 Bks royco', 'Sejumput ketumbar', '1 sdt ebi', '5 SDM Minyak goreng', '1 gelas air', '1 bh santan + air 1 gelas', '2 lembar daun salam &amp; lengkuas']","[{'text': 'Haluskan Bawang Merah, Bawang Putih, garam,kemiri,lada & ketumbar', 'images': []}, {'text': 'Iris Cabe Merah,cabe hijau', 'images': []}, {'text': 'Panaskan minyak dalam wajan,tumis bumbu halus hingga harum,masukkan ebi,Irisan cabe, irisan tomat,daun salam & lengkuas lalu tambahkan air', 'images': []}, {'text': 'Setelah air mendidih, masukkan tempe, tunggu hingga air agak menyusut. Masukkan santan,Cabe rawit utuh & terakhir tambahkan penyedap rasa + micin. Koreksi rasa...', 'images': []}, {'text': 'Siap dihidangkan', 'images': ['https://img-global.cpcdn.com/steps/c48d0421ee33a3a9/400x400cq80/photo.jpg']}]","Haluskan Bawang Merah, Bawang Putih, garam,kemiri,lada & ketumbar, Iris Cabe Merah,cabe hijau, Panaskan minyak dalam wajan,tumis bumbu halus hingga harum,masukkan ebi,Irisan cabe, irisan tomat,daun salam & lengkuas lalu tambahkan air, Setelah air mendidih, masukkan tempe, tunggu hingga air agak menyusut. Masukkan santan,Cabe rawit utuh & terakhir tambahkan penyedap rasa + micin. Koreksi rasa..., Siap dihidangkan","papan tempe semangit, cabe merah, cabe hijau, cabe rawit, tomat, bawang merah, bawang putih, kemiri, garam, lada, micin, royco, ketumbar, ebi, minyak goreng, air, santan air, daun salam lengkuas","tempe Jangan lombok tempe Bahan papan tempe semangit, cabe merah, cabe hijau, cabe rawit, tomat, bawang merah, bawang putih, kemiri, garam, lada, micin, royco, ketumbar, ebi, minyak goreng, air, santan air, daun salam lengkuas Langkah-Langkah Haluskan Bawang Merah, Bawang Putih, garam,kemiri,lada & ketumbar, Iris Cabe Merah,cabe hijau, Panaskan minyak dalam wajan,tumis bumbu halus hingga harum,masukkan ebi,Irisan cabe, irisan tomat,daun salam & lengkuas lalu tambahkan air, Setelah air mendidih, masukkan tempe, tunggu hingga air agak menyusut. Masukkan santan,Cabe rawit utuh & terakhir tambahkan penyedap rasa + micin. Koreksi rasa..., Siap dihidangkan"
resep-24958576,tempe,https://cookpad.com/id/resep/24958576,Tempe orek versi sat set,https://img-global.cpcdn.com/recipes/2978cab72b71d150/1200x630cq80/photo.jpg,"['2 papan tempe iris tipis korek api', '10 Bawang merah iris tipis', '3 Bawang putih iris tipis', 'secukupnya Cabe merah iris', '2 bulat Gula merah hancurkan/iris', '3 sdm kecap manis', '2 sdm air asam jawa', 'Secukupnya lada', 'secukupnya Garam', '4 daun jeruk', '1 lembar daun salam', '2 sdm Air']","[{'text': 'Goreng bamet, baput dan cabe merah smp kuning keemasan. Angkat sisihkan.', 'images': ['https://img-global.cpcdn.com/steps/14143aa1f6047a9e/400x400cq80/photo.jpg']}, {'text': 'Goreng tempe smp garing. Sishkan', 'images': ['https://img-global.cpcdn.com/steps/bb3fc6575cfad38d/400x400cq80/photo.jpg']}, {'text': 'Masukkan gula merah, air, daun jeruk, daun salam (api sedang).Apabila sudah mendidih tambahkan air asam jawa, kecap manis, lada dan garam. Masak sampai airmya sudah menguap ya...Tes rasa. Matikan api', 'images': ['https://img-global.cpcdn.com/steps/95aebb581883bdb4/400x400cq80/photo.jpg', 'https://img-global.cpcdn.com/steps/763ae90fe157beee/400x400cq80/photo.jpg']}, {'text': 'Masukkan tempe, bamer, baput dan cabe yg sudah digoreng ke dalam larutan gula merah. Aduk rata. Siap disantap', 'images': ['https://img-global.cpcdn.com/steps/0b1bddd070f87ac4/400x400cq80/photo.jpg', 'https://img-global.cpcdn.com/steps/d01cf8fae7f747c3/400x400cq80/photo.jpg']}]","Goreng bamet, baput dan cabe merah smp kuning keemasan. Angkat sisihkan., Goreng tempe smp garing. Sishkan, Masukkan gula merah, air, daun jeruk, daun salam (api sedang).Apabila sudah mendidih tambahkan air asam jawa, kecap manis, lada dan garam. Masak sampai airmya sudah menguap ya...Tes rasa. Matikan api, Masukkan tempe, bamer, baput dan cabe yg sudah digoreng ke dalam larutan gula merah. Aduk rata. Siap disantap","papan tempe iris korek api, bawang merah iris, bawang putih iris, cabe merah iris, gula merah, kecap manis, air asam jawa, lada, garam, daun jeruk, daun salam, air","tempe Tempe orek versi sat set Bahan papan tempe iris korek api, bawang merah iris, bawang putih iris, cabe merah iris, gula merah, kecap manis, air asam jawa, lada, garam, daun jeruk, daun salam, air Langkah-Langkah Goreng bamet, baput dan cabe merah smp kuning keemasan. Angkat sisihkan., Goreng tempe smp garing. Sishkan, Masukkan gula merah, air, daun jeruk, daun salam (api sedang).Apabila sudah mendidih tambahkan air asam jawa, kecap manis, lada dan garam. Masak sampai airmya sudah menguap ya...Tes rasa. Matikan api, Masukkan tempe, bamer, baput dan cabe yg sudah digoreng ke dalam larutan gula merah. Aduk rata. Siap disantap"
resep-24972346,sayuran,https://cookpad.com/id/resep/24972346,Capcay Sayur,https://img-global.cpcdn.com/recipes/42cf3f6b15b33f24/1200x630cq80/photo.jpg,"['250 gr dada ayam', '4 bakso sapi', '1/2 siung bawang bombay (saya pakai ukuran kecil)', '2 siung bawang putih', '50 gr brokoli', '2 buah wortel', '1/4 kol putih', '1 ikat pakcoy', '4 buah jamur kuping', '1 tomat merah', 'secukupnya Daun bawang', 'secukupnya seledri', '1 bungkus saus tiram', '3 sdm saos sambal', '1 sdm kecap manis', '2 sdm minyak wijen', 'secukupnya Merica bubuk', 'secukupnya Garam', 'secukupnya Kaldu bubuk', '1 sdm tepung maizena']","[{'text': 'Potong dada ayam, bisa bentuk ukuran kecil. Begitu juga dengan bakso iris-iris', 'images': []}, {'text': 'Potong sayur-sayuran mulai dari wortel, kol putih, pakcoy, brokoli, tomat dan jamur kuping', 'images': []}, {'text': 'Iris bawang bombay dan bawang putih', 'images': []}, {'text': 'Siapkan mangkok kecil, masukkan minyak wijen, saos tiram, saos sambal, dan merica bubuk. Campur dan sisihkan', 'images': []}, {'text': 'Panaskan minyak sedikit saja, lalu tumis potongan dada ayam dan bakso. Angkat dan tiriskan', 'images': []}, {'text': 'Tumis bawang bombay dan bawang putih sampai harum masukkan wortel dan diikuti oleh potongan sayur lainnya', 'images': []}, {'text': 'Masukkan ayam dan bakso yang sudah ditumis tadi dan masukkan bumbu saos dan lainnya', 'images': []}, {'text': 'Aduk merata, lalu siapkan larutan tepung maizena dan aduk rata', 'images': []}, {'text': 'Koreksi rasa; tambahkan garam dan kaldu bubuk', 'images': []}, {'text': 'Setelah itu angkat capcay dan sajikan diatas piring dan bisa ditambahkan diatasnya bawang goreng', 'images': []}, {'text': 'Selamat menikmati', 'images': []}]","Potong dada ayam, bisa bentuk ukuran kecil. Begitu juga dengan bakso iris-iris, Potong sayur-sayuran mulai dari wortel, kol putih, pakcoy, brokoli, tomat dan jamur kuping, Iris bawang bombay dan bawang putih, Siapkan mangkok kecil, masukkan minyak wijen, saos tiram, saos sambal, dan merica bubuk. Campur dan sisihkan, Panaskan minyak sedikit saja, lalu tumis potongan dada ayam dan bakso. Angkat dan tiriskan, Tumis bawang bombay dan bawang putih sampai harum masukkan wortel dan diikuti oleh potongan sayur lainnya, Masukkan ayam dan bakso yang sudah ditumis tadi dan masukkan bumbu saos dan lainnya, Aduk merata, lalu siapkan larutan tepung maizena dan aduk rata, Koreksi rasa; tambahkan garam dan kaldu bubuk, Setelah itu angkat capcay dan sajikan diatas piring dan bisa ditambahkan diatasnya bawang goreng, Selamat menikmati","dada ayam, bakso sapi, bawang bombay, bawang putih, brokoli, wortel, kol putih, pakcoy, jamur kuping, tomat merah, daun bawang, seledri, saus tiram, saos sambal, kecap manis, minyak wijen, merica bubuk, garam, kaldu bubuk, tepung maizena","sayuran Capcay Sayur Bahan dada ayam, bakso sapi, bawang bombay, bawang putih, brokoli, wortel, kol putih, pakcoy, jamur kuping, tomat merah, daun bawang, seledri, saus tiram, saos sambal, kecap manis, minyak wijen, merica bubuk, garam, kaldu bubuk, tepung maizena Langkah-Langkah Potong dada ayam, bisa bentuk ukuran kecil. Begitu juga dengan bakso iris-iris, Potong sayur-sayuran mulai dari wortel, kol putih, pakcoy, brokoli, tomat dan jamur kuping, Iris bawang bombay dan bawang putih, Siapkan mangkok kecil, masukkan minyak wijen, saos tiram, saos sambal, dan merica bubuk. Campur dan sisihkan, Panaskan minyak sedikit saja, lalu tumis potongan dada ayam dan bakso. Angkat dan tiriskan, Tumis bawang bombay dan bawang putih sampai harum masukkan wortel dan diikuti oleh potongan sayur lainnya, Masukkan ayam dan bakso yang sudah ditumis tadi dan masukkan bumbu saos dan lainnya, Aduk merata, lalu siapkan larutan tepung maizena dan aduk rata, Koreksi rasa; tambahkan garam dan kaldu bubuk, Setelah itu angkat capcay dan sajikan diatas piring dan bisa ditambahkan diatasnya bawang goreng, Selamat menikmati"
resep-24984291,sayuran,https://cookpad.com/id/resep/24984291,Sayur gori sayur tewel,https://img-global.cpcdn.com/recipes/9c739ee7cb302e3f/1200x630cq80/photo.jpg,"['3 bungkus gori/nangka muda', '3 lembar daun salam', '1 bungkus santan kara', 'Air untuk merebus', 'Bumbu halus :', '7 butir bawang merah', '4 butir kemiri']","[{'text': 'Bersihkan gori/nangka muda', 'images': []}, {'text': 'Rebus sekitar 15 menit supaya getahnya hilang', 'images': []}, {'text': 'Kemudian buang air rebusan, ganti dengan air yg baru sedikit saja', 'images': []}, {'text': 'Haluskan bawang putih dan kemiri, kemudian masukkan kedalam panci', 'images': []}, {'text': 'Tambah garam, gula, penyedap', 'images': []}, {'text': 'Koreksi rasa', 'images': ['https://img-global.cpcdn.com/steps/36dd4b6210085bd4/400x400cq80/photo.jpg']}]","Bersihkan gori/nangka muda, Rebus sekitar 15 menit supaya getahnya hilang, Kemudian buang air rebusan, ganti dengan air yg baru sedikit saja, Haluskan bawang putih dan kemiri, kemudian masukkan kedalam panci, Tambah garam, gula, penyedap, Koreksi rasa","gorinangka muda, daun salam, santan kara, air, bumbu, bawang merah, kemiri","sayuran Sayur gori sayur tewel Bahan gorinangka muda, daun salam, santan kara, air, bumbu, bawang merah, kemiri Langkah-Langkah Bersihkan gori/nangka muda, Rebus sekitar 15 menit supaya getahnya hilang, Kemudian buang air rebusan, ganti dengan air yg baru sedikit saja, Haluskan bawang putih dan kemiri, kemudian masukkan kedalam panci, Tambah garam, gula, penyedap, Koreksi rasa"
resep-23968910,sayuran,https://cookpad.com/id/resep/23968910,Sayur Urap,https://img-global.cpcdn.com/recipes/413682a99437dd0b/1200x630cq80/photo.jpg,"['3/4 btr kelapa', 'Sesuai selera toge', 'Secukupnya kangkung', 'Secukupnya kacang panjang', '5 buah cabai merah', '4 buah cabai rawit', '8 siung bawang merah', '6 siung bawang putih', 'Sejempol kencur', '1 bks terasi', '4 lembar daun jeruk (buang tulangnya)', 'Secukupnya garam,gula dan penyedap rasa', '2 sdm minyak goreng', '50 ml air']","[{'text': 'Rebus semua sayurannya dan Blender halus bumbu', 'images': ['https://img-global.cpcdn.com/steps/a31ffd619ee903de/400x400cq80/photo.jpg', 'https://img-global.cpcdn.com/steps/2ee9c119244a9f77/400x400cq80/photo.jpg', 'https://img-global.cpcdn.com/steps/6c94bfff4fd65be9/400x400cq80/photo.jpg']}, {'text': 'Panaskan minyak goreng lalu tumis bumbu halus hingga harum dan matang, masukkan garam, kaldu bubuk, gula merah dan air, aduk rata. Masukkan kelapa parutnya aduk hingga tercampur rata dengan bumbu. Aduk terus hingga kelapa matang. Jangan lupa dicicipi ya, kalo sudah pas matikan kompor.', 'images': ['https://img-global.cpcdn.com/steps/4ebd5389ff007a9d/400x400cq80/photo.jpg', 'https://img-global.cpcdn.com/steps/b15a972d824d1644/400x400cq80/photo.jpg', 'https://img-global.cpcdn.com/steps/54cce31e1dcaa319/400x400cq80/photo.jpg']}, {'text': 'Campur kelapa yang sudah dibumbui dengan sayuran rebus tadi. Saat mencampur dengan kelapa bumbu, jangan langsung semua, sedikit dulu kalo kurang tambahi begitu seterusnya hingga dirasa pas. Sajikaaaann...', 'images': ['https://img-global.cpcdn.com/steps/3db647a7030d92e0/400x400cq80/photo.jpg', 'https://img-global.cpcdn.com/steps/e68153dd938a9f46/400x400cq80/photo.jpg', 'https://img-global.cpcdn.com/steps/d6ff88ee16188a59/400x400cq80/photo.jpg']}]","Rebus semua sayurannya dan Blender halus bumbu, Panaskan minyak goreng lalu tumis bumbu halus hingga harum dan matang, masukkan garam, kaldu bubuk, gula merah dan air, aduk rata. Masukkan kelapa parutnya aduk hingga tercampur rata dengan bumbu. Aduk terus hingga kelapa matang. Jangan lupa dicicipi ya, kalo sudah pas matikan kompor., Campur kelapa yang sudah dibumbui dengan sayuran rebus tadi. Saat mencampur dengan kelapa bumbu, jangan langsung semua, sedikit dulu kalo kurang tambahi begitu seterusnya hingga dirasa pas. Sajikaaaann...","kelapa, toge, kangkung, kacang panjang, cabai merah, cabai rawit, bawang merah, bawang putih, sejempol kencur, terasi, daun jeruk buang tulangnya, garamgula rasa, minyak goreng, air","sayuran Sayur Urap Bahan kelapa, toge, kangkung, kacang panjang, cabai merah, cabai rawit, bawang merah, bawang putih, sejempol kencur, terasi, daun jeruk buang tulangnya, garamgula rasa, minyak goreng, air Langkah-Langkah Rebus semua sayurannya dan Blender halus bumbu, Panaskan minyak goreng lalu tumis bumbu halus hingga harum dan matang, masukkan garam, kaldu bubuk, gula merah dan air, aduk rata. Masukkan kelapa parutnya aduk hingga tercampur rata dengan bumbu. Aduk terus hingga kelapa matang. Jangan lupa dicicipi ya, kalo sudah pas matikan kompor., Campur kelapa yang sudah dibumbui dengan sayuran rebus tadi. Saat mencampur dengan kelapa bumbu, jangan langsung semua, sedikit dulu kalo kurang tambahi begitu seterusnya hingga dirasa pas. Sajikaaaann..."
resep-24973574,sayuran,https://cookpad.com/id/resep/24973574,Tumis kangkung,https://img-global.cpcdn.com/recipes/eb2cafbec014a1b5/1200x630cq80/photo.jpg,"['250 gram kangkung', '3 siung bawang putih, iris', '2 siung bawang merah, iris', 'secukupnya Gula pasir', 'secukupnya Garam', 'secukupnya Minyak goreng', 'secukupnya Air', '1/2 sdm Kecap Inggeris Asia Harum Sedap', '1/2 sdm kecap manis', '1/2 sdm saus tiram']","[{'text': 'Panaskan minyak goreng, tumis bawang putih dan bawang merah.', 'images': []}, {'text': 'Masukkan kangkung, aduk hingga kangkung layu.', 'images': []}, {'text': 'Masukkan bahan bumbu, garam, dan gula pasir.', 'images': ['https://img-global.cpcdn.com/steps/25a941effe89807b/400x400cq80/photo.jpg']}, {'text': 'Tambahkan air secukupnya. Kemudian tumis kembali hingga merata dan masak hingga matang.', 'images': []}, {'text': 'Tumis Kangkung siap disajikan.', 'images': []}]","Panaskan minyak goreng, tumis bawang putih dan bawang merah., Masukkan kangkung, aduk hingga kangkung layu., Masukkan bahan bumbu, garam, dan gula pasir., Tambahkan air secukupnya. Kemudian tumis kembali hingga merata dan masak hingga matang., Tumis Kangkung siap disajikan.","kangkung, bawang putih iris, bawang merah iris, gula pasir, garam, minyak goreng, air, kecap inggeris asia harum sedap, kecap manis, saus tiram","sayuran Tumis kangkung Bahan kangkung, bawang putih iris, bawang merah iris, gula pasir, garam, minyak goreng, air, kecap inggeris asia harum sedap, kecap manis, saus tiram Langkah-Langkah Panaskan minyak goreng, tumis bawang putih dan bawang merah., Masukkan kangkung, aduk hingga kangkung layu., Masukkan bahan bumbu, garam, dan gula pasir., Tambahkan air secukupnya. Kemudian tumis kembali hingga merata dan masak hingga matang., Tumis Kangkung siap disajikan."
resep-24954919,sayuran,https://cookpad.com/id/resep/24954919,Cap Cay Goreng Chinese,https://img-global.cpcdn.com/recipes/036569383cd186fc/1200x630cq80/photo.jpg,"['150 gr dada ayam fillet', '1 buah wortel', '100 gr kembang kol', '150 gr pakcoy', '150 gr sawi putih', '2 batang daun pre', '5 siung bawang putih', '1 buah bawang bombay sedang', '2 sdm kecap asin', '1 sdm kecap ikan', '2 sdm saos tiram', '1/2 sdt merica', '1 sdt gula pasir', '1/3 sdt garam', '1/2 sdt royco ayam', '1/2 sdt micin', '1/2 sdt minyak wijen', 'secukupnya minyak goreng', 'secukupnya air panas', 'secukupnya larutan tepung maizena']","[{'text': 'Potong ayam sesuai selera, marinasi dengan kecap asin, saos tiram, dan merica. Diamkan 10-15 menit', 'images': []}, {'text': 'Sambil menunggu ayam dimarinasi, siapkan semua bahan sayur, cuci bersih dan potong sayuran sesuai selera. Pisahkan setiap jenisnya', 'images': []}, {'text': 'Geprek lalu cincang bawang putih. Iris bawang bombay', 'images': []}, {'text': 'Panaskan minyak, masukkan bawang putih, tumis dengan api besar hingga harum lalu masukkan bawang bombay, tumis sebentar lalu masukkan ayam yang sudah dimarinasi, tambahkan kecap ikan, tumis hingga ayam berubah warna lalu masukkan wortel, tumis hingga setengah layu', 'images': []}, {'text': 'Masukkan kembang kol, tumis kembali, lalu masukkan air panas sesuai selera, saya pakai sekitar 400-500ml', 'images': []}, {'text': 'Beri seasoning kecuali minyak wijen. Koreksi rasa, jika sudah pas masukkan pakcoy, sawi putih dan potongan daun pre. Masak terus dengan api besar', 'images': []}, {'text': 'Siapkan air larutan tepung maizena', 'images': []}, {'text': 'Jika sayur sudah matang sesuai selera dan rasa sudah pas, masukkan air larutan maizena sedikit demi sedikit sambil terus diaduk agar tidak menggumpal', 'images': []}, {'text': 'Terakhir tambahkan minyak wijen, aduk sebentar, matikan api.', 'images': []}]","Potong ayam sesuai selera, marinasi dengan kecap asin, saos tiram, dan merica. Diamkan 10-15 menit, Sambil menunggu ayam dimarinasi, siapkan semua bahan sayur, cuci bersih dan potong sayuran sesuai selera. Pisahkan setiap jenisnya, Geprek lalu cincang bawang putih. Iris bawang bombay, Panaskan minyak, masukkan bawang putih, tumis dengan api besar hingga harum lalu masukkan bawang bombay, tumis sebentar lalu masukkan ayam yang sudah dimarinasi, tambahkan kecap ikan, tumis hingga ayam berubah warna lalu masukkan wortel, tumis hingga setengah layu, Masukkan kembang kol, tumis kembali, lalu masukkan air panas sesuai selera, saya pakai sekitar 400-500ml, Beri seasoning kecuali minyak wijen. Koreksi rasa, jika sudah pas masukkan pakcoy, sawi putih dan potongan daun pre. Masak terus dengan api besar, Siapkan air larutan tepung maizena, Jika sayur sudah matang sesuai selera dan rasa sudah pas, masukkan air larutan maizena sedikit demi sedikit sambil terus diaduk agar tidak menggumpal, Terakhir tambahkan minyak wijen, aduk sebentar, matikan api.","dada ayam fillet, wortel, kembang kol, pakcoy, sawi putih, daun pre, bawang putih, bawang bombay seg, kecap asin, kecap ikan, saos tiram, merica, gula pasir, garam, royco ayam, micin, minyak wijen, minyak goreng, air panas, larutan tepung maizena","sayuran Cap Cay Goreng Chinese Bahan dada ayam fillet, wortel, kembang kol, pakcoy, sawi putih, daun pre, bawang putih, bawang bombay seg, kecap asin, kecap ikan, saos tiram, merica, gula pasir, garam, royco ayam, micin, minyak wijen, minyak goreng, air panas, larutan tepung maizena Langkah-Langkah Potong ayam sesuai selera, marinasi dengan kecap asin, saos tiram, dan merica. Diamkan 10-15 menit, Sambil menunggu ayam dimarinasi, siapkan semua bahan sayur, cuci bersih dan potong sayuran sesuai selera. Pisahkan setiap jenisnya, Geprek lalu cincang bawang putih. Iris bawang bombay, Panaskan minyak, masukkan bawang putih, tumis dengan api besar hingga harum lalu masukkan bawang bombay, tumis sebentar lalu masukkan ayam yang sudah dimarinasi, tambahkan kecap ikan, tumis hingga ayam berubah warna lalu masukkan wortel, tumis hingga setengah layu, Masukkan kembang kol, tumis kembali, lalu masukkan air panas sesuai selera, saya pakai sekitar 400-500ml, Beri seasoning kecuali minyak wijen. Koreksi rasa, jika sudah pas masukkan pakcoy, sawi putih dan potongan daun pre. Masak terus dengan api besar, Siapkan air larutan tepung maizena, Jika sayur sudah matang sesuai selera dan rasa sudah pas, masukkan air larutan maizena sedikit demi sedikit sambil terus diaduk agar tidak menggumpal, Terakhir tambahkan minyak wijen, aduk sebentar, matikan api."
resep-24973442,telur,https://cookpad.com/id/resep/24973442,Telur Saur Tiram Devina Hermawan,https://img-global.cpcdn.com/recipes/09648ca206deadd7/1200x630cq80/photo.jpg,"['3 butir telur', '1 1/2 sdm tepung terigu protein sedang', '1/2 sdt kaldu ayam bubuk', '2 sdm air', '3 siung bawang putih', '1/4 buah bawang bombai', '1 batang daun bawang', '2 sdm saus tiram', '1 sdm kecap asin', '1 sdt minyak wijen', '2 sdt gula pasir', '1/2 sdt kaldu jamur', '1 1/2 sdm maizena', '250 ml air', 'nasi putih']","[{'text': 'Di dalam mangkuk, campurkan terigu dengan air, aduk rata kemudian masukkan telur dan kaldu ayam bubuk, kocok hingga rata', 'images': ['https://img-global.cpcdn.com/steps/57b5e8c787ba065b/400x400cq80/photo.jpg', 'https://img-global.cpcdn.com/steps/d6bc0be3769911b1/400x400cq80/photo.jpg', 'https://img-global.cpcdn.com/steps/d856d16298012906/400x400cq80/photo.jpg']}, {'text': 'Cincang bawang putih, iris bawang bombai dan daun bawang', 'images': ['https://img-global.cpcdn.com/steps/895f64b2b04967bb/400x400cq80/photo.jpg', 'https://img-global.cpcdn.com/steps/78fe7fb8abc434f4/400x400cq80/photo.jpg', 'https://img-global.cpcdn.com/steps/9ecf5eabae565ed9/400x400cq80/photo.jpg']}, {'text': 'Campurkan air, saus tiram, kecap asin, gula pasir dan maizena, aduk rata', 'images': ['https://img-global.cpcdn.com/steps/a3579df220d03ede/400x400cq80/photo.jpg', 'https://img-global.cpcdn.com/steps/da8267b38872ae1f/400x400cq80/photo.jpg']}, {'text': 'Panaskan minyak, goreng telur, aduk rata kemudian masukkan bawang putih dan bawang bombai, masak hingga wangi dan sedikit kecokelatan', 'images': ['https://img-global.cpcdn.com/steps/011ad4b090c9ed99/400x400cq80/photo.jpg', 'https://img-global.cpcdn.com/steps/de953695d0c13565/400x400cq80/photo.jpg', 'https://img-global.cpcdn.com/steps/3a1793a83df018ac/400x400cq80/photo.jpg']}, {'text': 'Masukkan campuran saus, masak hingga mendidih kemudian masukkan daun bawang, kaldu jamur dan minyak wijen, masak sesaat', 'images': ['https://img-global.cpcdn.com/steps/5261f816b39b84bf/400x400cq80/photo.jpg', 'https://img-global.cpcdn.com/steps/39762713ca39ee9b/400x400cq80/photo.jpg', 'https://img-global.cpcdn.com/steps/d07ff13afb17e155/400x400cq80/photo.jpg']}, {'text': 'Telur saus tiram siap disajikan', 'images': ['https://img-global.cpcdn.com/steps/da0a72a2e224fbaa/400x400cq80/photo.jpg']}]","Di dalam mangkuk, campurkan terigu dengan air, aduk rata kemudian masukkan telur dan kaldu ayam bubuk, kocok hingga rata, Cincang bawang putih, iris bawang bombai dan daun bawang, Campurkan air, saus tiram, kecap asin, gula pasir dan maizena, aduk rata, Panaskan minyak, goreng telur, aduk rata kemudian masukkan bawang putih dan bawang bombai, masak hingga wangi dan sedikit kecokelatan, Masukkan campuran saus, masak hingga mendidih kemudian masukkan daun bawang, kaldu jamur dan minyak wijen, masak sesaat, Telur saus tiram siap disajikan","telur, tepung terigu protein seg, kaldu ayam bubuk, air, bawang putih, bawang bombai, daun bawang, saus tiram, kecap asin, minyak wijen, gula pasir, kaldu jamur, maizena, air, nasi putih","telur Telur Saur Tiram Devina Hermawan Bahan telur, tepung terigu protein seg, kaldu ayam bubuk, air, bawang putih, bawang bombai, daun bawang, saus tiram, kecap asin, minyak wijen, gula pasir, kaldu jamur, maizena, air, nasi putih Langkah-Langkah Di dalam mangkuk, campurkan terigu dengan air, aduk rata kemudian masukkan telur dan kaldu ayam bubuk, kocok hingga rata, Cincang bawang putih, iris bawang bombai dan daun bawang, Campurkan air, saus tiram, kecap asin, gula pasir dan maizena, aduk rata, Panaskan minyak, goreng telur, aduk rata kemudian masukkan bawang putih dan bawang bombai, masak hingga wangi dan sedikit kecokelatan, Masukkan campuran saus, masak hingga mendidih kemudian masukkan daun bawang, kaldu jamur dan minyak wijen, masak sesaat, Telur saus tiram siap disajikan"
resep-24983960,telur,https://cookpad.com/id/resep/24983960,Nasi Goreng Telor Dadar,https://img-global.cpcdn.com/recipes/2f45689696c1ff3d/1200x630cq80/photo.jpg,"['3 Porsi Nasi Dingin', 'Sawi &amp; Bakso Ikan (Opsional)', '3 butir Telur', '2 batang Daun Bawang', 'Secukupnya Garam', 'Secukupnya Lada', 'Secukupnya Ketumbar Halus', '2 siung Bawang Merah', '3 siung Bawang Putih', '3 butir Kemiri', 'Secukupnya Kecap Ikan', 'Secukupnya Kecap', 'Secukupnya Kecap Asin']","[{'text': 'Oseng bakso terlebih dahulu lalu keluarkan', 'images': []}, {'text': 'Haluskan BM, BP & Kemiri', 'images': []}, {'text': 'Tumis bahan yg sudah dihaluskan, kalau sudah matang masukan lada & ketumbar', 'images': []}, {'text': 'Kalau sudah wangi masukan nasi & kecap2 an, tambahkan lg juga lada & ketumbar', 'images': []}, {'text': 'Kalau sudah rata masukan bakso & sawi. matikan api pindahkan ke piring', 'images': []}, {'text': 'Kocok telur, masukan daun bawang, garam, lada & ketumbar', 'images': []}, {'text': 'Dadar Telur & angkat. siap disajikan', 'images': []}]","Oseng bakso terlebih dahulu lalu keluarkan, Haluskan BM, BP & Kemiri, Tumis bahan yg sudah dihaluskan, kalau sudah matang masukan lada & ketumbar, Kalau sudah wangi masukan nasi & kecap2 an, tambahkan lg juga lada & ketumbar, Kalau sudah rata masukan bakso & sawi. matikan api pindahkan ke piring, Kocok telur, masukan daun bawang, garam, lada & ketumbar, Dadar Telur & angkat. siap disajikan","porsi nasi dingin, sawi bakso ikan, telur, daun bawang, garam, lada, ketumbar, bawang merah, bawang putih, kemiri, kecap ikan, kecap, kecap asin","telur Nasi Goreng Telor Dadar Bahan porsi nasi dingin, sawi bakso ikan, telur, daun bawang, garam, lada, ketumbar, bawang merah, bawang putih, kemiri, kecap ikan, kecap, kecap asin Langkah-Langkah Oseng bakso terlebih dahulu lalu keluarkan, Haluskan BM, BP & Kemiri, Tumis bahan yg sudah dihaluskan, kalau sudah matang masukan lada & ketumbar, Kalau sudah wangi masukan nasi & kecap2 an, tambahkan lg juga lada & ketumbar, Kalau sudah rata masukan bakso & sawi. matikan api pindahkan ke piring, Kocok telur, masukan daun bawang, garam, lada & ketumbar, Dadar Telur & angkat. siap disajikan"
resep-24969508,telur,https://cookpad.com/id/resep/24969508,Sosis telur tanpaayam,https://img-global.cpcdn.com/recipes/188a2d326057181b/1200x630cq80/photo.jpg,"['4 telur ayam', 'Secukupnya wortel parut', '2 siung bawang putih parut', '1 batang daun bawang', 'Secukupnya sea salt/garam', '1/4 sdt lada bubuk', 'Secukupnya ketumbar bubuk', 'Secukupnya plastik unyil', 'Secukupnya minyak kelapa']","[{'text': 'Siapkan 4 butir telur kedalam wadah', 'images': ['https://img-global.cpcdn.com/steps/a2d289da666f7af3/400x400cq80/photo.jpg']}, {'text': 'Siapkan parutan wortel, bawang putih lalu iris tipis daun bawang. Masukkan semua bahan kedalam telur', 'images': ['https://img-global.cpcdn.com/steps/73f18f183de13404/400x400cq80/photo.jpg']}, {'text': 'Tambahkan sea salt/garam, lada bubuk dan ketumbar. Lalu kocok telur sampai merata', 'images': []}, {'text': 'Siapkan plastik unyil. Kemudian ikat bagian ujung yang tertutup seperti pada gambar', 'images': ['https://img-global.cpcdn.com/steps/1429a4088511a290/400x400cq80/photo.jpg', 'https://img-global.cpcdn.com/steps/d825f227cf208d90/400x400cq80/photo.jpg']}, {'text': 'Masukkan adonan telur kedalam gelas ukur. Lalu masukkan telur menggunakan corong kedalam plastik. Ikat plastik bagian ujungnya', 'images': ['https://img-global.cpcdn.com/steps/3182430cd569b5e0/400x400cq80/photo.jpg', 'https://img-global.cpcdn.com/steps/679d11eee52313a2/400x400cq80/photo.jpg']}, {'text': 'Setelah adonan telur dimasukkan kedalam plastik, siapkan panci tambahkan air lalu rebus air sampai mendidih.', 'images': []}, {'text': 'Bila air sudah mendidih, langkah selanjutnya masukkan cetakan sosis telur kedalam panci. Rebus kurang lebih 3-4 menit', 'images': ['https://img-global.cpcdn.com/steps/a751b8a697444a63/400x400cq80/photo.jpg', 'https://img-global.cpcdn.com/steps/74af4d431692e662/400x400cq80/photo.jpg']}, {'text': 'Kemudian, setelah 4 menit berlalu angkat dan tiriskan sosis telur', 'images': ['https://img-global.cpcdn.com/steps/7338c3c2fb30f3d5/400x400cq80/photo.jpg']}, {'text': 'Keluarkan sosis dari dalam plastik. Lalu panggang sebentar menggunakan sedikit minyak kelapa. Bolak-balik sosis telur sampai berwarna kecoklatan. Angkat dan sajikan', 'images': ['https://img-global.cpcdn.com/steps/3f251c6c4ff107cd/400x400cq80/photo.jpg', 'https://img-global.cpcdn.com/steps/ad9cb800478a0df5/400x400cq80/photo.jpg', 'https://img-global.cpcdn.com/steps/abbbf49ff4d32d65/400x400cq80/photo.jpg']}]","Siapkan 4 butir telur kedalam wadah, Siapkan parutan wortel, bawang putih lalu iris tipis daun bawang. Masukkan semua bahan kedalam telur, Tambahkan sea salt/garam, lada bubuk dan ketumbar. Lalu kocok telur sampai merata, Siapkan plastik unyil. Kemudian ikat bagian ujung yang tertutup seperti pada gambar, Masukkan adonan telur kedalam gelas ukur. Lalu masukkan telur menggunakan corong kedalam plastik. Ikat plastik bagian ujungnya, Setelah adonan telur dimasukkan kedalam plastik, siapkan panci tambahkan air lalu rebus air sampai mendidih., Bila air sudah mendidih, langkah selanjutnya masukkan cetakan sosis telur kedalam panci. Rebus kurang lebih 3-4 menit, Kemudian, setelah 4 menit berlalu angkat dan tiriskan sosis telur, Keluarkan sosis dari dalam plastik. Lalu panggang sebentar menggunakan sedikit minyak kelapa. Bolak-balik sosis telur sampai berwarna kecoklatan. Angkat dan sajikan","telur ayam, wortel, bawang putih, daun bawang, sea saltgaram, lada bubuk, ketumbar bubuk, plastik unyil, minyak kelapa","telur Sosis telur tanpaayam Bahan telur ayam, wortel, bawang putih, daun bawang, sea saltgaram, lada bubuk, ketumbar bubuk, plastik unyil, minyak kelapa Langkah-Langkah Siapkan 4 butir telur kedalam wadah, Siapkan parutan wortel, bawang putih lalu iris tipis daun bawang. Masukkan semua bahan kedalam telur, Tambahkan sea salt/garam, lada bubuk dan ketumbar. Lalu kocok telur sampai merata, Siapkan plastik unyil. Kemudian ikat bagian ujung yang tertutup seperti pada gambar, Masukkan adonan telur kedalam gelas ukur. Lalu masukkan telur menggunakan corong kedalam plastik. Ikat plastik bagian ujungnya, Setelah adonan telur dimasukkan kedalam plastik, siapkan panci tambahkan air lalu rebus air sampai mendidih., Bila air sudah mendidih, langkah selanjutnya masukkan cetakan sosis telur kedalam panci. Rebus kurang lebih 3-4 menit, Kemudian, setelah 4 menit berlalu angkat dan tiriskan sosis telur, Keluarkan sosis dari dalam plastik. Lalu panggang sebentar menggunakan sedikit minyak kelapa. Bolak-balik sosis telur sampai berwarna kecoklatan. Angkat dan sajikan"
resep-24983908,telur,https://cookpad.com/id/resep/24983908,Telur Santan Keju Susu Kukus MPASI,https://img-global.cpcdn.com/recipes/e9d022ee8bc0cd10/1200x630cq80/photo.jpg,"['1 butir Telur ayam', '20 ml Sari pati santan', '30 ml Air matang', '10 g Keju parut', '30 ml Susu UHT / Asi', '15 g Gula aren', '1 cup kecil anchor butter', '1 sendok oatmeal']","[{'text': 'Siapkan 2 wadah tahan panas, letakkan gula aren di dasar wadah.', 'images': []}, {'text': 'Campurkan sari pati santan dengan air matang hingga rata.', 'images': []}, {'text': 'Kocok telur hingga rata.', 'images': []}, {'text': 'Tambahkan campuran santan, keju parut, susu, dan butter leleh, oatmeal aduk rata.', 'images': []}, {'text': 'Tuang adonan ke dalam 2 wadah di atas gula aren.', 'images': ['https://img-global.cpcdn.com/steps/3633c2bfeb3bdba4/400x400cq80/photo.jpg']}, {'text': 'Kukus selama 25 menit dengan api sedang hingga matang.', 'images': ['https://img-global.cpcdn.com/steps/a1043c7abfac2d0b/400x400cq80/photo.jpg']}]","Siapkan 2 wadah tahan panas, letakkan gula aren di dasar wadah., Campurkan sari pati santan dengan air matang hingga rata., Kocok telur hingga rata., Tambahkan campuran santan, keju parut, susu, dan butter leleh, oatmeal aduk rata., Tuang adonan ke dalam 2 wadah di atas gula aren., Kukus selama 25 menit dengan api sedang hingga matang.","telur ayam, sari pati santan, air matang, keju, susu uht asi, gula aren, kecil anchor butter, oatmeal","telur Telur Santan Keju Susu Kukus MPASI Bahan telur ayam, sari pati santan, air matang, keju, susu uht asi, gula aren, kecil anchor butter, oatmeal Langkah-Langkah Siapkan 2 wadah tahan panas, letakkan gula aren di dasar wadah., Campurkan sari pati santan dengan air matang hingga rata., Kocok telur hingga rata., Tambahkan campuran santan, keju parut, susu, dan butter leleh, oatmeal aduk rata., Tuang adonan ke dalam 2 wadah di atas gula aren., Kukus selama 25 menit dengan api sedang hingga matang."
resep-24960564,telur,https://cookpad.com/id/resep/24960564,Telur Balado,https://img-global.cpcdn.com/recipes/6f7593fb12e6c3a0/1200x630cq80/photo.jpg,"['12 butir telur', '10 Bawang merah', '4 Bawang putih', '4 Cabe merah besar', '20 Cabe merah keriting', '10 Cabe rawit Merah (opsional)', '1 buah Tomat', '1 batang Sereh', '2 daun salam', '1 sdt garam', '1 sdt kaldu jamur', '100 ml air']","[{'text': 'Didihkan air. Kemudian rebus telur selama 9 menit - kemudian langsung masukkan telur ke air dingin/air dan es batu - tunggu sampai dingin. Kemudian kupas perlahan', 'images': ['https://img-global.cpcdn.com/steps/ab20545612ca0b2b/400x400cq80/photo.jpg', 'https://img-global.cpcdn.com/steps/952b23ef9fd6e3e0/400x400cq80/photo.jpg']}, {'text': 'Sebelum di goreng tusuk perlahan telur dengan garpu agar tidak meletus saat di goreng. Goreng dengan minyak yang sudah benar-benar panas di api sedang dan jangan di bolak-balik', 'images': ['https://img-global.cpcdn.com/steps/3e9dcbbb46960135/400x400cq80/photo.jpg']}, {'text': 'Rebus cabai terlebih dahulu sampai layu - kemudian blender/ haluskan cabai, bawang dan tomat', 'images': ['https://img-global.cpcdn.com/steps/cc1934873405e4e0/400x400cq80/photo.jpg']}, {'text': 'Panaskan sedikit minyak di wajan, Masukkan bumbu halus dan bumbu aromatik. Tumis sampai benar-benar harum dengan api sedang', 'images': ['https://img-global.cpcdn.com/steps/0d8b525fed42cc5c/400x400cq80/photo.jpg', 'https://img-global.cpcdn.com/steps/8c83e2ddd19e9336/400x400cq80/photo.jpg']}, {'text': 'Setelah pecah minyak. Tambahkan bumbu pelengkap aduk rata serta koreksi rasa', 'images': ['https://img-global.cpcdn.com/steps/27ab602f8bcc9263/400x400cq80/photo.jpg', 'https://img-global.cpcdn.com/steps/ee93fc7a1dce8541/400x400cq80/photo.jpg']}, {'text': 'Kemudian masukkan telur aduk perlahan sampai bumbu meresap ke telur', 'images': ['https://img-global.cpcdn.com/steps/82193ae70d2106ea/400x400cq80/photo.jpg']}, {'text': 'Angkat serta sajikan', 'images': ['https://img-global.cpcdn.com/steps/44d522a49e7e34b7/400x400cq80/photo.jpg']}]","Didihkan air. Kemudian rebus telur selama 9 menit - kemudian langsung masukkan telur ke air dingin/air dan es batu - tunggu sampai dingin. Kemudian kupas perlahan, Sebelum di goreng tusuk perlahan telur dengan garpu agar tidak meletus saat di goreng. Goreng dengan minyak yang sudah benar-benar panas di api sedang dan jangan di bolak-balik, Rebus cabai terlebih dahulu sampai layu - kemudian blender/ haluskan cabai, bawang dan tomat, Panaskan sedikit minyak di wajan, Masukkan bumbu halus dan bumbu aromatik. Tumis sampai benar-benar harum dengan api sedang, Setelah pecah minyak. Tambahkan bumbu pelengkap aduk rata serta koreksi rasa, Kemudian masukkan telur aduk perlahan sampai bumbu meresap ke telur, Angkat serta sajikan","telur, bawang merah, bawang putih, cabe merah besar, cabe merah keriting, cabe rawit merah, tomat, sereh, daun salam, garam, kaldu jamur, air","telur Telur Balado Bahan telur, bawang merah, bawang putih, cabe merah besar, cabe merah keriting, cabe rawit merah, tomat, sereh, daun salam, garam, kaldu jamur, air Langkah-Langkah Didihkan air. Kemudian rebus telur selama 9 menit - kemudian langsung masukkan telur ke air dingin/air dan es batu - tunggu sampai dingin. Kemudian kupas perlahan, Sebelum di goreng tusuk perlahan telur dengan garpu agar tidak meletus saat di goreng. Goreng dengan minyak yang sudah benar-benar panas di api sedang dan jangan di bolak-balik, Rebus cabai terlebih dahulu sampai layu - kemudian blender/ haluskan cabai, bawang dan tomat, Panaskan sedikit minyak di wajan, Masukkan bumbu halus dan bumbu aromatik. Tumis sampai benar-benar harum dengan api sedang, Setelah pecah minyak. Tambahkan bumbu pelengkap aduk rata serta koreksi rasa, Kemudian masukkan telur aduk perlahan sampai bumbu meresap ke telur, Angkat serta sajikan"
resep-24977867,kue bolu,https://cookpad.com/id/resep/24977867,Set jajanan pasar bolu pandan sukade risol sosis spicy mayo nagasari hunkwe nangka mutiara,https://img-global.cpcdn.com/recipes/8c82b0c0d3068aaf/1200x630cq80/photo.jpg,"['150 gram tepung terigu protein sedang', '1,5 sdm tepung tapioka', '2 sdm minyak goreng bersih', '1/2 sdt garam halus', '1 butir telur ayam', '350 ml air', '6 buah sosis', '150 gram mayonnaise', '40 gram saus sambal', 'Secukupnya tepung panir', 'Secukupnya tepung terigu larutkan dengan sedikit air', 'Secukupnya minyak untuk menggoreng', '2 butir telur ayam', '100 gram gula pasir', '1/2 sdt sp', '120 gram tepung terigu protein sedang', '60 ml susu cair full cream', '70 ml minyak goreng bersih', '1 sdt pasta pandan', '2 sdm sukade', '80 gram tepung hunkwe', '100 gram gula pasir', '1/2 sdt garam halus', '1/2 sdt vanili bubuk', '650 ml santan', '50 gram sagu mutiara', '4 buah nangka potong-potong']","[{'text': 'Mixer telur ayam, gula pasir, dan sp sampai mengembang kental berjejak dengan kecepatan tinggi.', 'images': ['https://img-global.cpcdn.com/steps/b22e31061ade26a9/400x400cq80/photo.jpg', 'https://img-global.cpcdn.com/steps/771270ae660d1516/400x400cq80/photo.jpg']}, {'text': 'Masukkan ayakan tepung terigu, susu cair full cream, minyak goreng, aduk rata', 'images': ['https://img-global.cpcdn.com/steps/ed20af46863ea545/400x400cq80/photo.jpg', 'https://img-global.cpcdn.com/steps/41c26d70298f40f0/400x400cq80/photo.jpg', 'https://img-global.cpcdn.com/steps/33579e2fef2288da/400x400cq80/photo.jpg']}, {'text': 'Tambahkan pasta pandan, aduk balik pakai spatula sampai tercampur rata.', 'images': ['https://img-global.cpcdn.com/steps/e5c34e5a7bf8dec9/400x400cq80/photo.jpg', 'https://img-global.cpcdn.com/steps/68be02d17121c5ea/400x400cq80/photo.jpg']}, {'text': 'Tuang adonan ke dalam loyang tulban diameter 16cm yang dioles minyak, taburi sukade lalu kukus selama 30 menit, angkat.', 'images': ['https://img-global.cpcdn.com/steps/d1a995c0426678f6/400x400cq80/photo.jpg', 'https://img-global.cpcdn.com/steps/9b34690e7a909bf4/400x400cq80/photo.jpg', 'https://img-global.cpcdn.com/steps/4e842aac3b6aa15f/400x400cq80/photo.jpg']}]","Mixer telur ayam, gula pasir, dan sp sampai mengembang kental berjejak dengan kecepatan tinggi., Masukkan ayakan tepung terigu, susu cair full cream, minyak goreng, aduk rata, Tambahkan pasta pandan, aduk balik pakai spatula sampai tercampur rata., Tuang adonan ke dalam loyang tulban diameter 16cm yang dioles minyak, taburi sukade lalu kukus selama 30 menit, angkat.","tepung terigu protein seg, tepung tapioka, minyak goreng bersih, garam, telur ayam, air, sosis, mayonnaise, saus sambal, tepung panir, tepung terigu, minyak, telur ayam, gula pasir, tepung terigu protein seg, susu cair full cream, minyak goreng bersih, pasta pan, sukade, tepung hunkwe, gula pasir, garam, vanili bubuk, santan, sagu mutiara, nangka","kue bolu Set jajanan pasar bolu pandan sukade risol sosis spicy mayo nagasari hunkwe nangka mutiara Bahan tepung terigu protein seg, tepung tapioka, minyak goreng bersih, garam, telur ayam, air, sosis, mayonnaise, saus sambal, tepung panir, tepung terigu, minyak, telur ayam, gula pasir, tepung terigu protein seg, susu cair full cream, minyak goreng bersih, pasta pan, sukade, tepung hunkwe, gula pasir, garam, vanili bubuk, santan, sagu mutiara, nangka Langkah-Langkah Mixer telur ayam, gula pasir, dan sp sampai mengembang kental berjejak dengan kecepatan tinggi., Masukkan ayakan tepung terigu, susu cair full cream, minyak goreng, aduk rata, Tambahkan pasta pandan, aduk balik pakai spatula sampai tercampur rata., Tuang adonan ke dalam loyang tulban diameter 16cm yang dioles minyak, taburi sukade lalu kukus selama 30 menit, angkat."
resep-24467036,kue bolu,https://cookpad.com/id/resep/24467036,Bolu Pisang Kepok,https://img-global.cpcdn.com/recipes/8c219aa266a24fb8/1200x630cq80/photo.jpg,"['3 buah pisang kepok', '2 butir telur', '85 gram gula', '200 gram terigu', '1/2 sdt vanila', '1/2 sdt kayu manis bubuk', '1/2 sdt baking soda', '1/2 sdt baking powder', '50 ml susu cair', '120 gram mentega (butter)', '50 gram keju (potong dadu, opsional)', 'Irisan pisang', 'Chocochip (white and chocolate)']","[{'text': 'Haluskan pisang dengan garpu sampai lembut. Tambahkan gula dan telur, aduk dengan whisk.', 'images': ['https://img-global.cpcdn.com/steps/b63b731608fb0570/400x400cq80/photo.jpg', 'https://img-global.cpcdn.com/steps/67c74b4cf4b65708/400x400cq80/photo.jpg', 'https://img-global.cpcdn.com/steps/79ba91699e889632/400x400cq80/photo.jpg']}, {'text': 'Tambahkan susu cair dan vanila, aduk. Kemudian tambahkan tepung terigu, kayu manis bubuk, baking soda, dan baking powder dengan cara diayak. Aduk hingga rata.', 'images': ['https://img-global.cpcdn.com/steps/2d8b36f5a95ca85e/400x400cq80/photo.jpg', 'https://img-global.cpcdn.com/steps/e27565ae160fd64d/400x400cq80/photo.jpg', 'https://img-global.cpcdn.com/steps/415bc34854a9adf8/400x400cq80/photo.jpg']}, {'text': 'Tambahkan keju dan aduk kembali. Kemudian tambahkan mentega dan aduk hingga rata. Tuangkan ke cetakan loaf yang sudah dioles margarin dan dialasi kertas roti. Beri topping chocochip dan pisang.', 'images': ['https://img-global.cpcdn.com/steps/3645988c4925ef28/400x400cq80/photo.jpg', 'https://img-global.cpcdn.com/steps/05908e5139e5d1be/400x400cq80/photo.jpg', 'https://img-global.cpcdn.com/steps/6403ee789aa8ca09/400x400cq80/photo.jpg']}, {'text': 'Panggang dengan suhu 180°C selama 15 menit, kemudian dengan suhu 150°C selama 30 menit. Tunggu hingga dingin, lalu keluarkan dari loyang dan potong-potong bolu. Bolu siap untuk teman minum teh atau kopi.', 'images': ['https://img-global.cpcdn.com/steps/09da7eae026d9e07/400x400cq80/photo.jpg', 'https://img-global.cpcdn.com/steps/d07351e12c2236a2/400x400cq80/photo.jpg']}]","Haluskan pisang dengan garpu sampai lembut. Tambahkan gula dan telur, aduk dengan whisk., Tambahkan susu cair dan vanila, aduk. Kemudian tambahkan tepung terigu, kayu manis bubuk, baking soda, dan baking powder dengan cara diayak. Aduk hingga rata., Tambahkan keju dan aduk kembali. Kemudian tambahkan mentega dan aduk hingga rata. Tuangkan ke cetakan loaf yang sudah dioles margarin dan dialasi kertas roti. Beri topping chocochip dan pisang., Panggang dengan suhu 180°C selama 15 menit, kemudian dengan suhu 150°C selama 30 menit. Tunggu hingga dingin, lalu keluarkan dari loyang dan potong-potong bolu. Bolu siap untuk teman minum teh atau kopi.","pisang kepok, telur, gula, terigu, vanila, kayu manis bubuk, baking soda, baking powder, susu cair, mentega butter, keju dadu, irisan pisang, chocochip white and chocolate","kue bolu Bolu Pisang Kepok Bahan pisang kepok, telur, gula, terigu, vanila, kayu manis bubuk, baking soda, baking powder, susu cair, mentega butter, keju dadu, irisan pisang, chocochip white and chocolate Langkah-Langkah Haluskan pisang dengan garpu sampai lembut. Tambahkan gula dan telur, aduk dengan whisk., Tambahkan susu cair dan vanila, aduk. Kemudian tambahkan tepung terigu, kayu manis bubuk, baking soda, dan baking powder dengan cara diayak. Aduk hingga rata., Tambahkan keju dan aduk kembali. Kemudian tambahkan mentega dan aduk hingga rata. Tuangkan ke cetakan loaf yang sudah dioles margarin dan dialasi kertas roti. Beri topping chocochip dan pisang., Panggang dengan suhu 180°C selama 15 menit, kemudian dengan suhu 150°C selama 30 menit. Tunggu hingga dingin, lalu keluarkan dari loyang dan potong-potong bolu. Bolu siap untuk teman minum teh atau kopi."
resep-24983114,kue bolu,https://cookpad.com/id/resep/24983114,Bolu kukus,https://img-global.cpcdn.com/recipes/a03ae66d785882ee/1200x630cq80/photo.jpg,"['4 butir telur', '200 g gula pasir', '1 sdt vanili', '1/2 sdt garam', '1 sdt SP', '250 g tepung terigu', '1 bungkus susu bubuk sachet (aku pakai dancow)', '200 ml susu cair uht', '140 ml minyak goreng', '1 sdt baking powder']","[{'text': 'Mixer bahan A, 5-7 menit sampai putih kental dan berjejak', 'images': []}, {'text': 'Masukan bahan B seperti terigu, garam, baking powder, susu bubuk ke adonan A dengan di saring biar tidak ada yang bergerindil, lalu masukan vanili, dan susu uht, ratakan dengan speed rendah lalu tambahkan minyak goreng.', 'images': []}, {'text': 'Aduk kembali sampai rata menggunakan spatula.', 'images': []}, {'text': 'Kalo mau di warnain dengan 2 warna jangan lupa di bagi 2 adonannya, atau mau 1 warna aja boleh.', 'images': []}, {'text': 'Disini aku pakai 2 warna yaitu pewarna merah cabai dan pemutih makanan, panaskan kukusan dulu hingga terasa hangat.', 'images': []}, {'text': 'Jangan lupa siapkan loyang ager yang sudah di oleskan oleh margarin, masukan adonan merah lebih dulu dan di kukus 20 menit, setelah itu masukan adoanan putih, kukus lagi 20 menit.', 'images': []}, {'text': 'Manis nya pas, gurih nya pas, silahkan mencoba', 'images': []}]","Mixer bahan A, 5-7 menit sampai putih kental dan berjejak, Masukan bahan B seperti terigu, garam, baking powder, susu bubuk ke adonan A dengan di saring biar tidak ada yang bergerindil, lalu masukan vanili, dan susu uht, ratakan dengan speed rendah lalu tambahkan minyak goreng., Aduk kembali sampai rata menggunakan spatula., Kalo mau di warnain dengan 2 warna jangan lupa di bagi 2 adonannya, atau mau 1 warna aja boleh., Disini aku pakai 2 warna yaitu pewarna merah cabai dan pemutih makanan, panaskan kukusan dulu hingga terasa hangat., Jangan lupa siapkan loyang ager yang sudah di oleskan oleh margarin, masukan adonan merah lebih dulu dan di kukus 20 menit, setelah itu masukan adoanan putih, kukus lagi 20 menit., Manis nya pas, gurih nya pas, silahkan mencoba","telur, gula pasir, vanili, garam, tepung terigu, susu bubuk, susu cair uht, minyak goreng, baking powder","kue bolu Bolu kukus Bahan telur, gula pasir, vanili, garam, tepung terigu, susu bubuk, susu cair uht, minyak goreng, baking powder Langkah-Langkah Mixer bahan A, 5-7 menit sampai putih kental dan berjejak, Masukan bahan B seperti terigu, garam, baking powder, susu bubuk ke adonan A dengan di saring biar tidak ada yang bergerindil, lalu masukan vanili, dan susu uht, ratakan dengan speed rendah lalu tambahkan minyak goreng., Aduk kembali sampai rata menggunakan spatula., Kalo mau di warnain dengan 2 warna jangan lupa di bagi 2 adonannya, atau mau 1 warna aja boleh., Disini aku pakai 2 warna yaitu pewarna merah cabai dan pemutih makanan, panaskan kukusan dulu hingga terasa hangat., Jangan lupa siapkan loyang ager yang sudah di oleskan oleh margarin, masukan adonan merah lebih dulu dan di kukus 20 menit, setelah itu masukan adoanan putih, kukus lagi 20 menit., Manis nya pas, gurih nya pas, silahkan mencoba"
resep-24982452,kue bolu,https://cookpad.com/id/resep/24982452,Onbitjkoek Roll Cake,https://img-global.cpcdn.com/recipes/4f24b3b101628eb1/1200x630cq80/photo.jpg,"['3 butir kuning telur', '2 butir telor utuh', '60 gr gula palm', '35 gr tepung terigu protein sedang', '1/4 sdt kayu manis bubuk', '1/4 sdt bumbu spikuk', '35 gr butter lelehkan, biarkan suhu ruang', '15 gr almond slice untuk topping', '3 sdm Butter cream untuk olesan']","[{'text': 'Siapkan loyang 22x22x4cm oles dengan margarine dan alasi kertas roti lalu panaskan oven', 'images': ['https://img-global.cpcdn.com/steps/3b4dbb5497c422db/400x400cq80/photo.jpg', 'https://img-global.cpcdn.com/steps/cec55aacc11314c1/400x400cq80/photo.jpg']}, {'text': 'Mixer bahan A hingga mengembang kental berjejak', 'images': ['https://img-global.cpcdn.com/steps/64ea85722cf9d81d/400x400cq80/photo.jpg', 'https://img-global.cpcdn.com/steps/891aa826a8fef237/400x400cq80/photo.jpg']}, {'text': 'Siapkan bahan B ayak dan masukkan ke dalam adonan, aduk pelan-pelan hingga tercampur rata', 'images': ['https://img-global.cpcdn.com/steps/d3fcac15e9b29e6d/400x400cq80/photo.jpg', 'https://img-global.cpcdn.com/steps/df96bd96eac9e112/400x400cq80/photo.jpg']}, {'text': 'Masukkan 1 sendok sayur adonan kedalam margarine yang sudah dicairkan sebelumnya, aduk hingga rata (metode pancing agar lebih mudah tercampur ke dalam adonan)', 'images': ['https://img-global.cpcdn.com/steps/e2bb916b094019ec/400x400cq80/photo.jpg', 'https://img-global.cpcdn.com/steps/b9315f26cdc0f537/400x400cq80/photo.jpg', 'https://img-global.cpcdn.com/steps/53a7b3507506e555/400x400cq80/photo.jpg']}, {'text': 'Masukkan campuran margarin kedalam adonan aduk balik pelan-pelan(agar adonan tidak turun) hingga rata', 'images': ['https://img-global.cpcdn.com/steps/9e44942ab5ebec14/400x400cq80/photo.jpg', 'https://img-global.cpcdn.com/steps/76ffcf6ae8f4e6cb/400x400cq80/photo.jpg']}, {'text': 'Masukkan kedalam loyang, hentakkan 2x agar adonan rata dan taburi dengan almond slice lalu oven dengan suhu 170°C selama kurang lebih 13 menit hingga matang (sesuaikan dengan oven masing-masing)', 'images': ['https://img-global.cpcdn.com/steps/0e340d4d583b3f7c/400x400cq80/photo.jpg', 'https://img-global.cpcdn.com/steps/49595f2be028ebbf/400x400cq80/photo.jpg', 'https://img-global.cpcdn.com/steps/5961b734bbbcfded/400x400cq80/photo.jpg']}, {'text': 'Keluarkan cake dari oven balik loyang diatas baking paper, ambil kertas roti yang menempel pada kue pelan-pelan, biarkan suhu ruang', 'images': ['https://img-global.cpcdn.com/steps/1432750ce03af50d/400x400cq80/photo.jpg', 'https://img-global.cpcdn.com/steps/98de4d1fbede1767/400x400cq80/photo.jpg', 'https://img-global.cpcdn.com/steps/489bc1574df78d72/400x400cq80/photo.jpg']}, {'text': 'Oles dengan butter cream hingga rata, gulung dengan bantuan kertas roti dan padatkan', 'images': ['https://img-global.cpcdn.com/steps/7b93ce5500a87b5a/400x400cq80/photo.jpg', 'https://img-global.cpcdn.com/steps/15ff8c0c4f5e9597/400x400cq80/photo.jpg']}, {'text': 'Potong-potong onbitjkoek roll cake, sajikan', 'images': ['https://img-global.cpcdn.com/steps/8d534f9a0f4171cb/400x400cq80/photo.jpg']}]","Siapkan loyang 22x22x4cm oles dengan margarine dan alasi kertas roti lalu panaskan oven, Mixer bahan A hingga mengembang kental berjejak, Siapkan bahan B ayak dan masukkan ke dalam adonan, aduk pelan-pelan hingga tercampur rata, Masukkan 1 sendok sayur adonan kedalam margarine yang sudah dicairkan sebelumnya, aduk hingga rata (metode pancing agar lebih mudah tercampur ke dalam adonan), Masukkan campuran margarin kedalam adonan aduk balik pelan-pelan(agar adonan tidak turun) hingga rata, Masukkan kedalam loyang, hentakkan 2x agar adonan rata dan taburi dengan almond slice lalu oven dengan suhu 170°C selama kurang lebih 13 menit hingga matang (sesuaikan dengan oven masing-masing), Keluarkan cake dari oven balik loyang diatas baking paper, ambil kertas roti yang menempel pada kue pelan-pelan, biarkan suhu ruang, Oles dengan butter cream hingga rata, gulung dengan bantuan kertas roti dan padatkan, Potong-potong onbitjkoek roll cake, sajikan","kuning telur, telor utuh, gula palm, tepung terigu protein seg, kayu manis bubuk, bumbu spikuk, butter biarkan suhu ruang, almond slice, butter cream","kue bolu Onbitjkoek Roll Cake Bahan kuning telur, telor utuh, gula palm, tepung terigu protein seg, kayu manis bubuk, bumbu spikuk, butter biarkan suhu ruang, almond slice, butter cream Langkah-Langkah Siapkan loyang 22x22x4cm oles dengan margarine dan alasi kertas roti lalu panaskan oven, Mixer bahan A hingga mengembang kental berjejak, Siapkan bahan B ayak dan masukkan ke dalam adonan, aduk pelan-pelan hingga tercampur rata, Masukkan 1 sendok sayur adonan kedalam margarine yang sudah dicairkan sebelumnya, aduk hingga rata (metode pancing agar lebih mudah tercampur ke dalam adonan), Masukkan campuran margarin kedalam adonan aduk balik pelan-pelan(agar adonan tidak turun) hingga rata, Masukkan kedalam loyang, hentakkan 2x agar adonan rata dan taburi dengan almond slice lalu oven dengan suhu 170°C selama kurang lebih 13 menit hingga matang (sesuaikan dengan oven masing-masing), Keluarkan cake dari oven balik loyang diatas baking paper, ambil kertas roti yang menempel pada kue pelan-pelan, biarkan suhu ruang, Oles dengan butter cream hingga rata, gulung dengan bantuan kertas roti dan padatkan, Potong-potong onbitjkoek roll cake, sajikan"
resep-24982678,kue bolu,https://cookpad.com/id/resep/24982678,Bolu Ngeprul,https://img-global.cpcdn.com/recipes/ce2c026c9dd19410/1200x630cq80/photo.jpg,"['150 gr gula pasir', '1 sdt sp', '4 butir telur ayam', '160 gr tepung terigu', '20 gr maizena', '1/2 sdt bp', '1 sdm susu bubuk', '1 sdt vanili cair/ vanili bubuk', 'Sejumput garam', '150 ml minyak sayur']","[{'text': 'Mixer kecepatan tinggi gula sp dan telur sampai putih kental berjejak.', 'images': []}, {'text': 'Masukkan bahan B sambil diayak. Aduk rata atau mixer kecepatan rendah. Masukkan minyak. Mix sebentar lalu aduk balik spatula. Boleh pakai metode pancing (campur minyak dengan sedikit adonan lalu campur ke adonan utama)', 'images': []}, {'text': 'Bagi menjadi beberapa dan tuangkan pewarna aduk rata.', 'images': []}, {'text': 'Panaskan kukusan, jangan lupa dikasih serbet lalu kukus adonan masing-masing 7menit sampai adonan habis 20menit. Api sedang cenderung kecil agar tidak bergelombang.', 'images': []}]","Mixer kecepatan tinggi gula sp dan telur sampai putih kental berjejak., Masukkan bahan B sambil diayak. Aduk rata atau mixer kecepatan rendah. Masukkan minyak. Mix sebentar lalu aduk balik spatula. Boleh pakai metode pancing (campur minyak dengan sedikit adonan lalu campur ke adonan utama), Bagi menjadi beberapa dan tuangkan pewarna aduk rata., Panaskan kukusan, jangan lupa dikasih serbet lalu kukus adonan masing-masing 7menit sampai adonan habis 20menit. Api sedang cenderung kecil agar tidak bergelombang.","gula pasir, telur ayam, tepung terigu, maizena, susu bubuk, vanili cair vanili bubuk, garam, minyak sayur","kue bolu Bolu Ngeprul Bahan gula pasir, telur ayam, tepung terigu, maizena, susu bubuk, vanili cair vanili bubuk, garam, minyak sayur Langkah-Langkah Mixer kecepatan tinggi gula sp dan telur sampai putih kental berjejak., Masukkan bahan B sambil diayak. Aduk rata atau mixer kecepatan rendah. Masukkan minyak. Mix sebentar lalu aduk balik spatula. Boleh pakai metode pancing (campur minyak dengan sedikit adonan lalu campur ke adonan utama), Bagi menjadi beberapa dan tuangkan pewarna aduk rata., Panaskan kukusan, jangan lupa dikasih serbet lalu kukus adonan masing-masing 7menit sampai adonan habis 20menit. Api sedang cenderung kecil agar tidak bergelombang."
resep-24984503,brownies,https://cookpad.com/id/resep/24984503,Banana Choco brownies pisang,https://img-global.cpcdn.com/recipes/3198ef1feab05185/1200x630cq80/photo.jpg,"['190 gram tepung terigu', '50 gram coklat bubuk', '1 sdt soda kue', '1/4 sdt BP', '1/2 sdt garam', '350 gram pisang, lumatkan (saya pisang marlin/kecil)', '150 gram gula pasir (jika ingin lebih manis bisa 170 gram)', '2 butir telur', '80 ml minyak sayur']","[{'text': 'Panaskan oven (saya pakai oven tangkring api sedang). Campur pisang+telur+gula+minyak sayur dgn whisker hingga rata.', 'images': []}, {'text': 'Campur bahan A aduk rata. Ayak bahan A dan masukkan ke bahan B. Aduk rata pakai whisker jangan lama2 adonan nanti jadi berat dan bantet.', 'images': []}, {'text': 'Tuang adonan ke loyang 20*20*4 yg sudah diberi olesan mentega+taburan terigu (alasi baking paper) atau ke muffin jg bisa. Beri toping keju parut atau chochocip atau almon slice. Panggang ke oven tangkring 50 menit api sedang atau tergantung oven masing2..', 'images': ['https://img-global.cpcdn.com/steps/24fa24e37c5eb5b4/400x400cq80/photo.jpg', 'https://img-global.cpcdn.com/steps/a27cb06bf6095008/400x400cq80/photo.jpg']}, {'text': 'Saya potong jadi 40 biji. Jd bisa skali hap makan', 'images': ['https://img-global.cpcdn.com/steps/3c62b6525d8e763f/400x400cq80/photo.jpg', 'https://img-global.cpcdn.com/steps/a32e51ea3d77e090/400x400cq80/photo.jpg']}]","Panaskan oven (saya pakai oven tangkring api sedang). Campur pisang+telur+gula+minyak sayur dgn whisker hingga rata., Campur bahan A aduk rata. Ayak bahan A dan masukkan ke bahan B. Aduk rata pakai whisker jangan lama2 adonan nanti jadi berat dan bantet., Tuang adonan ke loyang 20*20*4 yg sudah diberi olesan mentega+taburan terigu (alasi baking paper) atau ke muffin jg bisa. Beri toping keju parut atau chochocip atau almon slice. Panggang ke oven tangkring 50 menit api sedang atau tergantung oven masing2.., Saya potong jadi 40 biji. Jd bisa skali hap makan","tepung terigu, coklat bubuk, soda kue, garam, pisang, gula pasir, telur, minyak sayur","brownies Banana Choco brownies pisang Bahan tepung terigu, coklat bubuk, soda kue, garam, pisang, gula pasir, telur, minyak sayur Langkah-Langkah Panaskan oven (saya pakai oven tangkring api sedang). Campur pisang+telur+gula+minyak sayur dgn whisker hingga rata., Campur bahan A aduk rata. Ayak bahan A dan masukkan ke bahan B. Aduk rata pakai whisker jangan lama2 adonan nanti jadi berat dan bantet., Tuang adonan ke loyang 20*20*4 yg sudah diberi olesan mentega+taburan terigu (alasi baking paper) atau ke muffin jg bisa. Beri toping keju parut atau chochocip atau almon slice. Panggang ke oven tangkring 50 menit api sedang atau tergantung oven masing2.., Saya potong jadi 40 biji. Jd bisa skali hap makan"
resep-24978620,brownies,https://cookpad.com/id/resep/24978620,Fuggy Brownies Telur Shiny Crust by Ibnu Kitchen,https://img-global.cpcdn.com/recipes/b9109ba0dfd7715d/1200x630cq80/photo.jpg,"['75 gr Dcc', '25 gr Margarin', '20 ml minyak sayur', '1 butir Telur', '70 gr gula halus', '50 gr tepung terigu', '17 g cokelat bubuk', 'sesuai selera Toping']","[{'text': 'Dalam wadah tahan panas.. Masukkan bahan I yaitu dcc + margarin + minyak sayur', 'images': ['https://img-global.cpcdn.com/steps/22e2eb18eda2846f/400x400cq80/photo.jpg']}, {'text': 'Kemudian masak air hingga mendidih.. Kemudian kecilkan api kompor... Kemudian simpan coklat dcc + margarin + minyak diatas panci yg air nya sudah mendidih... Biarkan dcc dan margarin cair... Sesekali diaduk iah... Agar cepat cair... Kemudian setelah semua cair... biarkan agak hangat...', 'images': ['https://img-global.cpcdn.com/steps/3d9b5bae31b45fea/400x400cq80/photo.jpg', 'https://img-global.cpcdn.com/steps/6cbc14a4ac33f232/400x400cq80/photo.jpg', 'https://img-global.cpcdn.com/steps/2cc94562b4c78b2a/400x400cq80/photo.jpg']}, {'text': ""Diwadah lain masukkan telur + gula halus (harus menggunakan gula halus iah supaya gula cepat larut & shiny'a keluar) kemudian mixer hingga gula larut dan sedikit berbusa...(bisa menggunakan whisk iah dalam mengocok'a... Saya menggunakan mixer agar lebih cepat gula'a larut)"", 'images': ['https://img-global.cpcdn.com/steps/076ba6888eebb6ac/400x400cq80/photo.jpg', 'https://img-global.cpcdn.com/steps/afc5bc0c8c54e0c4/400x400cq80/photo.jpg', 'https://img-global.cpcdn.com/steps/328e148564655841/400x400cq80/photo.jpg']}, {'text': 'Kemudian masukkan bahan I tadi yg sudah di cairkan dan sedikit agak hangat... Aduk dgn mixer dgn kecepatan rendah... Cukup mixer sebentar saja... Asal adonan tercampur saja...', 'images': ['https://img-global.cpcdn.com/steps/4a27e0d94636c3f1/400x400cq80/photo.jpg', 'https://img-global.cpcdn.com/steps/2ec1eb8b8c671321/400x400cq80/photo.jpg', 'https://img-global.cpcdn.com/steps/c3a96f141c807b46/400x400cq80/photo.jpg']}, {'text': 'Kemudian masukkan bahan III yaitu terigu + coklat bubuk... Mixer sebentar saja dgn kecepatan rendah... Mixer asal tercampur saja', 'images': ['https://img-global.cpcdn.com/steps/e63b5294b8066c9f/400x400cq80/photo.jpg', 'https://img-global.cpcdn.com/steps/2d96dd682bb0d2a9/400x400cq80/photo.jpg', 'https://img-global.cpcdn.com/steps/6b3f59640a1e552a/400x400cq80/photo.jpg']}, {'text': 'Lanjut aduk balik dengan spatula hingga adonan tercampur rata... Dalam step ini boleh diberi pasta black Forest/ tidak jg tidak apa2 atau Sesuai selera saja...', 'images': ['https://img-global.cpcdn.com/steps/f1057ed814a51c87/400x400cq80/photo.jpg']}, {'text': ""Olesi loyang & skat'a dengan Carlo... Dan untuk loyang'a di lapisi dgn kertas roti... Kemudian masukkan adonan kedalam loyang dan hentak2 kan"", 'images': ['https://img-global.cpcdn.com/steps/cbc90c9d33a79e90/400x400cq80/photo.jpg', 'https://img-global.cpcdn.com/steps/72688eaa784b22d6/400x400cq80/photo.jpg', 'https://img-global.cpcdn.com/steps/b587bcac33c66c36/400x400cq80/photo.jpg']}, {'text': ""Kemudian beri toping sesuai selera.. Kemudian setelah di beri toping selama 20 menit ( wajib di diamkan adonan'a agar shiny & crust'a keluar"", 'images': ['https://img-global.cpcdn.com/steps/cba5d7bb7d43fd76/400x400cq80/photo.jpg', 'https://img-global.cpcdn.com/steps/1954cf43150840c0/400x400cq80/photo.jpg']}, {'text': 'Selagi menunggu adonan brownies di diamkan.. Kita panaskan oven dgn suhu 200°c api atas bawah selama 20 menit', 'images': ['https://img-global.cpcdn.com/steps/0ffacc774696e5c3/400x400cq80/photo.jpg']}, {'text': ""Setelah adonan brownies didiamkan & oven sudah di panaskan selama 20 menit... Kemudian masukan adonan brownies kedalam oven... Oven menggunakan api atas bawah selama 20 menit menggunakan suhu 200°c hingga shiny'a keluar... Setelah 15 menit shiny'a keluar dan adonan brownies mengembang... Turun kan suhu oven di suhu 150°c dan oven menggunakan api atas bawah hingga matang... Cek dengan tusuk adonan menggunakan lidi.. Jika adonan sudah tidak menempel di lidi tandanya adonan sudah matang dan angkat."", 'images': ['https://img-global.cpcdn.com/steps/a5cfa46a9f3f7297/400x400cq80/photo.jpg', 'https://img-global.cpcdn.com/steps/4952b7a790283039/400x400cq80/photo.jpg', 'https://img-global.cpcdn.com/steps/c3e36576ae440349/400x400cq80/photo.jpg']}, {'text': ""Dan hasilnya sangat cantik dan shiny'a keluar... Tips agar shiny'a keluar yaitu : 1.harus menggunakan gula halus... 2. Aduk adonan jgn over mix... 3. Diamkan adonan dahulu selama 20 menit sebelum masuk oven...4.oven menggunakan suhu tinggi... 5.memasukan dcc'a dalam adonan dalam keadaan agak sedikit hangat..."", 'images': ['https://img-global.cpcdn.com/steps/a9fe99ea01ce4d7c/400x400cq80/photo.jpg', 'https://img-global.cpcdn.com/steps/0ae1696676999d12/400x400cq80/photo.jpg']}, {'text': 'Dan ini hasilnya enak bangett...', 'images': ['https://img-global.cpcdn.com/steps/a6279c0c941e40ce/400x400cq80/photo.jpg', 'https://img-global.cpcdn.com/steps/22782cc0bca79d67/400x400cq80/photo.jpg', 'https://img-global.cpcdn.com/steps/74e6343f21c3c6d1/400x400cq80/photo.jpg']}, {'text': 'Rasanya coklat banget...', 'images': ['https://img-global.cpcdn.com/steps/1ba9e337ba3c6839/400x400cq80/photo.jpg', 'https://img-global.cpcdn.com/steps/740f1a4e4e2e1864/400x400cq80/photo.jpg', 'https://img-global.cpcdn.com/steps/9240fdbca11c0989/400x400cq80/photo.jpg']}, {'text': ""Pokok'a wajib banget coba resep ini... Walaupun satu telur tapi rasanya mantapp banget dan shiny'a benar2 keluar..."", 'images': ['https://img-global.cpcdn.com/steps/fc7fcba8d650e1a6/400x400cq80/photo.jpg']}]","Dalam wadah tahan panas.. Masukkan bahan I yaitu dcc + margarin + minyak sayur, Kemudian masak air hingga mendidih.. Kemudian kecilkan api kompor... Kemudian simpan coklat dcc + margarin + minyak diatas panci yg air nya sudah mendidih... Biarkan dcc dan margarin cair... Sesekali diaduk iah... Agar cepat cair... Kemudian setelah semua cair... biarkan agak hangat..., Diwadah lain masukkan telur + gula halus (harus menggunakan gula halus iah supaya gula cepat larut & shiny'a keluar) kemudian mixer hingga gula larut dan sedikit berbusa...(bisa menggunakan whisk iah dalam mengocok'a... Saya menggunakan mixer agar lebih cepat gula'a larut), Kemudian masukkan bahan I tadi yg sudah di cairkan dan sedikit agak hangat... Aduk dgn mixer dgn kecepatan rendah... Cukup mixer sebentar saja... Asal adonan tercampur saja..., Kemudian masukkan bahan III yaitu terigu + coklat bubuk... Mixer sebentar saja dgn kecepatan rendah... Mixer asal tercampur saja, Lanjut aduk balik dengan spatula hingga adonan tercampur rata... Dalam step ini boleh diberi pasta black Forest/ tidak jg tidak apa2 atau Sesuai selera saja..., Olesi loyang & skat'a dengan Carlo... Dan untuk loyang'a di lapisi dgn kertas roti... Kemudian masukkan adonan kedalam loyang dan hentak2 kan, Kemudian beri toping sesuai selera.. Kemudian setelah di beri toping selama 20 menit ( wajib di diamkan adonan'a agar shiny & crust'a keluar, Selagi menunggu adonan brownies di diamkan.. Kita panaskan oven dgn suhu 200°c api atas bawah selama 20 menit, Setelah adonan brownies didiamkan & oven sudah di panaskan selama 20 menit... Kemudian masukan adonan brownies kedalam oven... Oven menggunakan api atas bawah selama 20 menit menggunakan suhu 200°c hingga shiny'a keluar... Setelah 15 menit shiny'a keluar dan adonan brownies mengembang... Turun kan suhu oven di suhu 150°c dan oven menggunakan api atas bawah hingga matang... Cek dengan tusuk adonan menggunakan lidi.. Jika adonan sudah tidak menempel di lidi tandanya adonan sudah matang dan angkat., Dan hasilnya sangat cantik dan shiny'a keluar... Tips agar shiny'a keluar yaitu : 1.harus menggunakan gula halus... 2. Aduk adonan jgn over mix... 3. Diamkan adonan dahulu selama 20 menit sebelum masuk oven...4.oven menggunakan suhu tinggi... 5.memasukan dcc'a dalam adonan dalam keadaan agak sedikit hangat..., Dan ini hasilnya enak bangett..., Rasanya coklat banget..., Pokok'a wajib banget coba resep ini... Walaupun satu telur tapi rasanya mantapp banget dan shiny'a benar2 keluar...","margarin, minyak sayur, telur, gula, tepung terigu, cokelat bubuk","brownies Fuggy Brownies Telur Shiny Crust by Ibnu Kitchen Bahan margarin, minyak sayur, telur, gula, tepung terigu, cokelat bubuk Langkah-Langkah Dalam wadah tahan panas.. Masukkan bahan I yaitu dcc + margarin + minyak sayur, Kemudian masak air hingga mendidih.. Kemudian kecilkan api kompor... Kemudian simpan coklat dcc + margarin + minyak diatas panci yg air nya sudah mendidih... Biarkan dcc dan margarin cair... Sesekali diaduk iah... Agar cepat cair... Kemudian setelah semua cair... biarkan agak hangat..., Diwadah lain masukkan telur + gula halus (harus menggunakan gula halus iah supaya gula cepat larut & shiny'a keluar) kemudian mixer hingga gula larut dan sedikit berbusa...(bisa menggunakan whisk iah dalam mengocok'a... Saya menggunakan mixer agar lebih cepat gula'a larut), Kemudian masukkan bahan I tadi yg sudah di cairkan dan sedikit agak hangat... Aduk dgn mixer dgn kecepatan rendah... Cukup mixer sebentar saja... Asal adonan tercampur saja..., Kemudian masukkan bahan III yaitu terigu + coklat bubuk... Mixer sebentar saja dgn kecepatan rendah... Mixer asal tercampur saja, Lanjut aduk balik dengan spatula hingga adonan tercampur rata... Dalam step ini boleh diberi pasta black Forest/ tidak jg tidak apa2 atau Sesuai selera saja..., Olesi loyang & skat'a dengan Carlo... Dan untuk loyang'a di lapisi dgn kertas roti... Kemudian masukkan adonan kedalam loyang dan hentak2 kan, Kemudian beri toping sesuai selera.. Kemudian setelah di beri toping selama 20 menit ( wajib di diamkan adonan'a agar shiny & crust'a keluar, Selagi menunggu adonan brownies di diamkan.. Kita panaskan oven dgn suhu 200°c api atas bawah selama 20 menit, Setelah adonan brownies didiamkan & oven sudah di panaskan selama 20 menit... Kemudian masukan adonan brownies kedalam oven... Oven menggunakan api atas bawah selama 20 menit menggunakan suhu 200°c hingga shiny'a keluar... Setelah 15 menit shiny'a keluar dan adonan brownies mengembang... Turun kan suhu oven di suhu 150°c dan oven menggunakan api atas bawah hingga matang... Cek dengan tusuk adonan menggunakan lidi.. Jika adonan sudah tidak menempel di lidi tandanya adonan sudah matang dan angkat., Dan hasilnya sangat cantik dan shiny'a keluar... Tips agar shiny'a keluar yaitu : 1.harus menggunakan gula halus... 2. Aduk adonan jgn over mix... 3. Diamkan adonan dahulu selama 20 menit sebelum masuk oven...4.oven menggunakan suhu tinggi... 5.memasukan dcc'a dalam adonan dalam keadaan agak sedikit hangat..., Dan ini hasilnya enak bangett..., Rasanya coklat banget..., Pokok'a wajib banget coba resep ini... Walaupun satu telur tapi rasanya mantapp banget dan shiny'a benar2 keluar..."
resep-24979431,brownies,https://cookpad.com/id/resep/24979431,Brownies kukus stroberi pop ice,https://img-global.cpcdn.com/recipes/167aad55a9db14b4/1200x630cq80/photo.jpg,"['3 butir telur', '90 gr gula (menurutku ini kemanisan jd yg ga suka manis,kurangin aja)', '80 gr tepung terigu', '2 sct pop ice stroberi', '1/2 sdt tbm', '1 sdt baking powder', '107 gr coklat batang stroberi (ini sisaan jd seadanya)', '100 gr mentega']","[{'text': 'Lelehkan coklat+mentega klo sudah tunggu biar adem dulu', 'images': []}, {'text': 'Campur gula,telur,tbm kocok sampai gulanya larut dan berbusa', 'images': []}, {'text': 'Masukan tepung,pop ice,baking powder, aduk sampai tercampur rata', 'images': []}, {'text': 'Tuang lelehan coklat,aduk sampai rata', 'images': []}, {'text': 'Masukan loyang yang sudah di oles mentega, kukus selama 45 menit dengan api sedang', 'images': []}, {'text': 'Bisa tes tusuk pake tusuk gigi atau tusuk sate,kalo di tusuk sudah tidak menempel berarti sudah matang,angkat,tunggu adem baru di potong,selamat mencoba', 'images': []}]","Lelehkan coklat+mentega klo sudah tunggu biar adem dulu, Campur gula,telur,tbm kocok sampai gulanya larut dan berbusa, Masukan tepung,pop ice,baking powder, aduk sampai tercampur rata, Tuang lelehan coklat,aduk sampai rata, Masukan loyang yang sudah di oles mentega, kukus selama 45 menit dengan api sedang, Bisa tes tusuk pake tusuk gigi atau tusuk sate,kalo di tusuk sudah tidak menempel berarti sudah matang,angkat,tunggu adem baru di potong,selamat mencoba","telur, gula, tepung terigu, sct pop ice stroberi, tbm, baking powder, coklat stroberi, mentega","brownies Brownies kukus stroberi pop ice Bahan telur, gula, tepung terigu, sct pop ice stroberi, tbm, baking powder, coklat stroberi, mentega Langkah-Langkah Lelehkan coklat+mentega klo sudah tunggu biar adem dulu, Campur gula,telur,tbm kocok sampai gulanya larut dan berbusa, Masukan tepung,pop ice,baking powder, aduk sampai tercampur rata, Tuang lelehan coklat,aduk sampai rata, Masukan loyang yang sudah di oles mentega, kukus selama 45 menit dengan api sedang, Bisa tes tusuk pake tusuk gigi atau tusuk sate,kalo di tusuk sudah tidak menempel berarti sudah matang,angkat,tunggu adem baru di potong,selamat mencoba"
resep-24978336,brownies,https://cookpad.com/id/resep/24978336,Brownies Kukus Ala Amanda,https://img-global.cpcdn.com/recipes/74c4a00365189bea/1200x630cq80/photo.jpg,"['60 g Dark chocolate', '80 g Margarin', '125 g Gula pasir', '3 butir Telur', '1/2 sdt sp', '65 g Tepung terigu', '20 g Cokelat bubuk', '1/4 sdt garam', '1/2 sdt Baking powder', '1/2 sdt vanili bubuk', '1 sdt pasta coklat', '1 sachet SKM coklat', 'sesuai selera butter cream', '2 sdm Meises coklat warna-warni', '8 buah Permen yupi']","[{'text': 'Lelehkan dark chocolate dan margarin bersama, aduk hingga tercampur rata dan hangat. Campur tepung terigu, garam, coklat bubuk dan baking powder.', 'images': ['https://img-global.cpcdn.com/steps/048aad33c841007f/400x400cq80/photo.jpg', 'https://img-global.cpcdn.com/steps/1348aad31179459c/400x400cq80/photo.jpg']}, {'text': 'Kocok telur dan gula hingga mengembang pucat, masukkan campuran tepung sambil di ayak, terakhir masukkan lelehan coklat,aduk balik pakai spatula.', 'images': ['https://img-global.cpcdn.com/steps/63cfa3cc3d1ff20e/400x400cq80/photo.jpg', 'https://img-global.cpcdn.com/steps/5af1678ff5be4abd/400x400cq80/photo.jpg', 'https://img-global.cpcdn.com/steps/d49d34fdb1d80ccd/400x400cq80/photo.jpg']}, {'text': 'Ambil sepertiga bagian dari adonan, campur kental manis coklat, aduk rata. Siapkan loyang, alasi baking paper dan oles margarin, tuang adonan 1/3 bagian lalu kukus 15 menit (kukusan di panaskan dulu sampai be uap bamyak).', 'images': ['https://img-global.cpcdn.com/steps/9b3eb0c844268d56/400x400cq80/photo.jpg', 'https://img-global.cpcdn.com/steps/8efc6b011e937c06/400x400cq80/photo.jpg']}, {'text': 'Setelah layer pertama nge set, masukkan adonan yg di campur dengan kental manis, kukus 15 menit lalu terakhir tuang sisa adonan, kukus kembali hingga matang ±20 menit. Jangan lupa alasi tutup panci dengan serbet bersih agar uap tidak menetes.', 'images': ['https://img-global.cpcdn.com/steps/ac5cdca843e9e6de/400x400cq80/photo.jpg', 'https://img-global.cpcdn.com/steps/689a33b80f6f8b2a/400x400cq80/photo.jpg']}, {'text': 'Setelah matang, tunggu dingin lalu beri butter cream, taburkan meises dan tata permen yupi di atasnya. Nyoklatt banget, enak,lembut walaupun ga begitu jelas layernya .', 'images': ['https://img-global.cpcdn.com/steps/7d4e814da4c2ae3e/400x400cq80/photo.jpg', 'https://img-global.cpcdn.com/steps/0cf868a69a5546f0/400x400cq80/photo.jpg']}]","Lelehkan dark chocolate dan margarin bersama, aduk hingga tercampur rata dan hangat. Campur tepung terigu, garam, coklat bubuk dan baking powder., Kocok telur dan gula hingga mengembang pucat, masukkan campuran tepung sambil di ayak, terakhir masukkan lelehan coklat,aduk balik pakai spatula., Ambil sepertiga bagian dari adonan, campur kental manis coklat, aduk rata. Siapkan loyang, alasi baking paper dan oles margarin, tuang adonan 1/3 bagian lalu kukus 15 menit (kukusan di panaskan dulu sampai be uap bamyak)., Setelah layer pertama nge set, masukkan adonan yg di campur dengan kental manis, kukus 15 menit lalu terakhir tuang sisa adonan, kukus kembali hingga matang ±20 menit. Jangan lupa alasi tutup panci dengan serbet bersih agar uap tidak menetes., Setelah matang, tunggu dingin lalu beri butter cream, taburkan meises dan tata permen yupi di atasnya. Nyoklatt banget, enak,lembut walaupun ga begitu jelas layernya .","dark chocolate, margarin, gula pasir, telur, tepung terigu, cokelat bubuk, garam, baking powder, vanili bubuk, pasta coklat, skm coklat, butter cream, meises coklat warnawarni, permen yupi","brownies Brownies Kukus Ala Amanda Bahan dark chocolate, margarin, gula pasir, telur, tepung terigu, cokelat bubuk, garam, baking powder, vanili bubuk, pasta coklat, skm coklat, butter cream, meises coklat warnawarni, permen yupi Langkah-Langkah Lelehkan dark chocolate dan margarin bersama, aduk hingga tercampur rata dan hangat. Campur tepung terigu, garam, coklat bubuk dan baking powder., Kocok telur dan gula hingga mengembang pucat, masukkan campuran tepung sambil di ayak, terakhir masukkan lelehan coklat,aduk balik pakai spatula., Ambil sepertiga bagian dari adonan, campur kental manis coklat, aduk rata. Siapkan loyang, alasi baking paper dan oles margarin, tuang adonan 1/3 bagian lalu kukus 15 menit (kukusan di panaskan dulu sampai be uap bamyak)., Setelah layer pertama nge set, masukkan adonan yg di campur dengan kental manis, kukus 15 menit lalu terakhir tuang sisa adonan, kukus kembali hingga matang ±20 menit. Jangan lupa alasi tutup panci dengan serbet bersih agar uap tidak menetes., Setelah matang, tunggu dingin lalu beri butter cream, taburkan meises dan tata permen yupi di atasnya. Nyoklatt banget, enak,lembut walaupun ga begitu jelas layernya ."
resep-24978370,brownies,https://cookpad.com/id/resep/24978370,Brownies Cookies,https://img-global.cpcdn.com/recipes/69b042cc998ee272/1200x630cq80/photo.jpg,"['170 gr dark cooking chocolate', '150 gr margarin Rose Brand', '50 gr butter', '4 butir telur', '240 gr gula pasir Rose Brand', '1/2 sdt vanili bubuk', '110 gr tepung terigu protein sedang', '50 gr cokelat bubuk', '50 gr cokelat cincang (saya ganti choco chips)', '4 gr kopi hitam instan (saya skip)', 'Sejumput garam', '100 gr keju cheddar parut', '40 gr margarin Rose Brand', '15 gr butter', '35 gr brown sugar (saya skip)', '35 gr gula pasir Rose Brand', '1/2 sdt vanili bubuk', '1 butir telur ukuran kecil', '80 gr tepung terigu protein rendah', '1/4 sdt soda kue', '55 gr choco chips', 'Sejumput garam']","[{'text': 'Buat bahan brownies, steam atau lelehkan dark cooking chocolate, margarin Rose Brand, dan butter. Kemudian biarkan hingga hangat.', 'images': ['https://img-global.cpcdn.com/steps/556ef00f570b887b/400x400cq80/photo.jpg', 'https://img-global.cpcdn.com/steps/a8f6d78697a9c2e1/400x400cq80/photo.jpg']}, {'text': 'Campurkan gula pasir Rose Brand, dan telur, aduk rata hingga gula larut. Kemudian masukkan bahan cokelat. Aduk rata.', 'images': ['https://img-global.cpcdn.com/steps/2d4b705f68ee9be3/400x400cq80/photo.jpg', 'https://img-global.cpcdn.com/steps/69657ddc668687ec/400x400cq80/photo.jpg', 'https://img-global.cpcdn.com/steps/6797a793cb0db9f7/400x400cq80/photo.jpg']}, {'text': 'Campurkan jadi satu tepung terigu, cokelat bubuk, garam, dan vanili bubuk. Kemudian masukkan ke dalam adonan basah, aduk rata.', 'images': ['https://img-global.cpcdn.com/steps/feb6f21baef7d1d0/400x400cq80/photo.jpg', 'https://img-global.cpcdn.com/steps/a2031b747b183892/400x400cq80/photo.jpg']}, {'text': 'Kemudian masukkan choco chips, aduk rata. Siapkan loyang, olesi tipis dengan margarin Rose Brand, lalu alasi dengan baking paper.', 'images': ['https://img-global.cpcdn.com/steps/5bf6d0e491980a2a/400x400cq80/photo.jpg', 'https://img-global.cpcdn.com/steps/900d43e1cdeca3ca/400x400cq80/photo.jpg']}, {'text': 'Kemudian tuangkan adonan brownies, beri keju parut. Lalu simpan di kulkas sambil menunggu membuat adonan cookies. Kemudian panaskan oven selama 15 menit.', 'images': ['https://img-global.cpcdn.com/steps/d4f0646e2534016f/400x400cq80/photo.jpg', 'https://img-global.cpcdn.com/steps/6bb6d9c9b5cb9dc8/400x400cq80/photo.jpg']}, {'text': 'Buat adonan cookies. Campurkan margarin Rose Brand, butter, dan gula pasir Rose Brand, aduk rata hingga terlihat lembut.', 'images': ['https://img-global.cpcdn.com/steps/ec73dad100c45d5f/400x400cq80/photo.jpg', 'https://img-global.cpcdn.com/steps/68fec79b4122718f/400x400cq80/photo.jpg']}, {'text': 'Kemudian masukkan telur, aduk rata. Kemudian masukkan tepung terigu, vanili bubuk, garam, dan soda kue, aduk rata.', 'images': ['https://img-global.cpcdn.com/steps/44bb854177900c5f/400x400cq80/photo.jpg', 'https://img-global.cpcdn.com/steps/2cc08bc993541e78/400x400cq80/photo.jpg']}, {'text': 'Masukkan Choco Chips, aduk rata. Keluarkan loyang brownies dari kulkas, letakkan adonan cookies menggunakan sendok di atas adonan brownies.', 'images': ['https://img-global.cpcdn.com/steps/d78ff5f684f28e53/400x400cq80/photo.jpg', 'https://img-global.cpcdn.com/steps/6d33d91242372fcb/400x400cq80/photo.jpg']}, {'text': 'Panggang dengan suhu 170 derajat Celcius selama 40 menit atau hingga matang dan permukaan brownies kering. Sesuaikan dengan oven masing-masing. Setelah matang, angkat dari loyang beserta baking paper nya. Kemudian biarkan hingga dingin, lalu potong-potong sesuai selera. Sajikan.', 'images': ['https://img-global.cpcdn.com/steps/9e9f62098dffda5c/400x400cq80/photo.jpg', 'https://img-global.cpcdn.com/steps/db319bc8ef1fb9c3/400x400cq80/photo.jpg', 'https://img-global.cpcdn.com/steps/23337d7382fad325/400x400cq80/photo.jpg']}]","Buat bahan brownies, steam atau lelehkan dark cooking chocolate, margarin Rose Brand, dan butter. Kemudian biarkan hingga hangat., Campurkan gula pasir Rose Brand, dan telur, aduk rata hingga gula larut. Kemudian masukkan bahan cokelat. Aduk rata., Campurkan jadi satu tepung terigu, cokelat bubuk, garam, dan vanili bubuk. Kemudian masukkan ke dalam adonan basah, aduk rata., Kemudian masukkan choco chips, aduk rata. Siapkan loyang, olesi tipis dengan margarin Rose Brand, lalu alasi dengan baking paper., Kemudian tuangkan adonan brownies, beri keju parut. Lalu simpan di kulkas sambil menunggu membuat adonan cookies. Kemudian panaskan oven selama 15 menit., Buat adonan cookies. Campurkan margarin Rose Brand, butter, dan gula pasir Rose Brand, aduk rata hingga terlihat lembut., Kemudian masukkan telur, aduk rata. Kemudian masukkan tepung terigu, vanili bubuk, garam, dan soda kue, aduk rata., Masukkan Choco Chips, aduk rata. Keluarkan loyang brownies dari kulkas, letakkan adonan cookies menggunakan sendok di atas adonan brownies., Panggang dengan suhu 170 derajat Celcius selama 40 menit atau hingga matang dan permukaan brownies kering. Sesuaikan dengan oven masing-masing. Setelah matang, angkat dari loyang beserta baking paper nya. Kemudian biarkan hingga dingin, lalu potong-potong sesuai selera. Sajikan.","dark cooking chocolate, margarin rose brand, butter, telur, gula pasir rose brand, vanili bubuk, tepung terigu protein seg, cokelat bubuk, cokelat cincang, kopi hitam, garam, keju cheddar, margarin rose brand, butter, brown sugar, gula pasir rose brand, vanili bubuk, telur, tepung terigu protein rendah, soda kue, choco chips, garam","brownies Brownies Cookies Bahan dark cooking chocolate, margarin rose brand, butter, telur, gula pasir rose brand, vanili bubuk, tepung terigu protein seg, cokelat bubuk, cokelat cincang, kopi hitam, garam, keju cheddar, margarin rose brand, butter, brown sugar, gula pasir rose brand, vanili bubuk, telur, tepung terigu protein rendah, soda kue, choco chips, garam Langkah-Langkah Buat bahan brownies, steam atau lelehkan dark cooking chocolate, margarin Rose Brand, dan butter. Kemudian biarkan hingga hangat., Campurkan gula pasir Rose Brand, dan telur, aduk rata hingga gula larut. Kemudian masukkan bahan cokelat. Aduk rata., Campurkan jadi satu tepung terigu, cokelat bubuk, garam, dan vanili bubuk. Kemudian masukkan ke dalam adonan basah, aduk rata., Kemudian masukkan choco chips, aduk rata. Siapkan loyang, olesi tipis dengan margarin Rose Brand, lalu alasi dengan baking paper., Kemudian tuangkan adonan brownies, beri keju parut. Lalu simpan di kulkas sambil menunggu membuat adonan cookies. Kemudian panaskan oven selama 15 menit., Buat adonan cookies. Campurkan margarin Rose Brand, butter, dan gula pasir Rose Brand, aduk rata hingga terlihat lembut., Kemudian masukkan telur, aduk rata. Kemudian masukkan tepung terigu, vanili bubuk, garam, dan soda kue, aduk rata., Masukkan Choco Chips, aduk rata. Keluarkan loyang brownies dari kulkas, letakkan adonan cookies menggunakan sendok di atas adonan brownies., Panggang dengan suhu 170 derajat Celcius selama 40 menit atau hingga matang dan permukaan brownies kering. Sesuaikan dengan oven masing-masing. Setelah matang, angkat dari loyang beserta baking paper nya. Kemudian biarkan hingga dingin, lalu potong-potong sesuai selera. Sajikan."
resep-24975685,cheesecake,https://cookpad.com/id/resep/24975685,Marble Cheesecake Merah Putih,https://img-global.cpcdn.com/recipes/7a336f39472caebe/1200x630cq80/photo.jpg,"['130 gr susu cair', '40 gr butter', '125 gr krim keju (sy pakai keju oles)', '30 gr terigu pro rendah', '15 gr maizena', '3 kuning telur', '1 sdt parutan kulit lemon (sy skip)', '1 sdt vanilla ekstrak', '3 putih telur', '80 gr gula halus', 'Secukupnya air jeruk nipis']","[{'text': 'Tim susu, butter dan keju oles, aduk dengan wishk hingga larut merata', 'images': ['https://img-global.cpcdn.com/steps/b58ac7660695e1ab/400x400cq80/photo.jpg', 'https://img-global.cpcdn.com/steps/989e04b3eab0fbf1/400x400cq80/photo.jpg']}, {'text': 'Setelah larut, biarkan suhunya turun. Kemudian masukan terigu dan maizena, aduk rata. Disusul kuning telur dan vanilla ekstrak. Aduk rata, sisihkan.', 'images': ['https://img-global.cpcdn.com/steps/f1c34684f18a8555/400x400cq80/photo.jpg', 'https://img-global.cpcdn.com/steps/1154daccd5255e08/400x400cq80/photo.jpg', 'https://img-global.cpcdn.com/steps/19b82425a8407e61/400x400cq80/photo.jpg']}, {'text': 'Dalam bowl mikser putih telur, saat mulai berbusa beri kucuran air jeruk nipis, kemudian masukkan gula halus bertahap, jangan sekali masuk. Mikser hingga soft peak. Lalu ambil adonan putih telur, masukan dalam adonan keju, aduk balik dengan spatula hingga rata.', 'images': ['https://img-global.cpcdn.com/steps/f8fa94212557b89d/400x400cq80/photo.jpg', 'https://img-global.cpcdn.com/steps/ec8e9c5e728d2856/400x400cq80/photo.jpg']}, {'text': 'Ambil 5 sendok sayur adonan, beri pewarna merah tua secukupnya. Tuang adonan putih dalam loyang bulat 18cm, yg sudah dialasi baking paper sisi dan alasnya.', 'images': ['https://img-global.cpcdn.com/steps/b648bfa7d6e1ad28/400x400cq80/photo.jpg', 'https://img-global.cpcdn.com/steps/08606434ad7b3887/400x400cq80/photo.jpg', 'https://img-global.cpcdn.com/steps/05015eaf215af51c/400x400cq80/photo.jpg']}, {'text': 'Panaskan oven sebelum adonan masuk. Siapkan loyang dasar dan beri air. Letakkan loyang berisi adonan di atasnya. Panggang suhu 130°C api bawah 30 menit. Lanjut suhu 135°C api atas bawah 35 menit. Setelah matang, keluarkan dr oven, dinginkan hingga adonan nampak berjarak lengan loyang, balikan kue diatas cooling rack, dinginkan.', 'images': ['https://img-global.cpcdn.com/steps/2b0ec530b8c68d7d/400x400cq80/photo.jpg', 'https://img-global.cpcdn.com/steps/9839116ce48836eb/400x400cq80/photo.jpg', 'https://img-global.cpcdn.com/steps/21309078bd39cdf3/400x400cq80/photo.jpg']}]","Tim susu, butter dan keju oles, aduk dengan wishk hingga larut merata, Setelah larut, biarkan suhunya turun. Kemudian masukan terigu dan maizena, aduk rata. Disusul kuning telur dan vanilla ekstrak. Aduk rata, sisihkan., Dalam bowl mikser putih telur, saat mulai berbusa beri kucuran air jeruk nipis, kemudian masukkan gula halus bertahap, jangan sekali masuk. Mikser hingga soft peak. Lalu ambil adonan putih telur, masukan dalam adonan keju, aduk balik dengan spatula hingga rata., Ambil 5 sendok sayur adonan, beri pewarna merah tua secukupnya. Tuang adonan putih dalam loyang bulat 18cm, yg sudah dialasi baking paper sisi dan alasnya., Panaskan oven sebelum adonan masuk. Siapkan loyang dasar dan beri air. Letakkan loyang berisi adonan di atasnya. Panggang suhu 130°C api bawah 30 menit. Lanjut suhu 135°C api atas bawah 35 menit. Setelah matang, keluarkan dr oven, dinginkan hingga adonan nampak berjarak lengan loyang, balikan kue diatas cooling rack, dinginkan.","susu cair, butter, krim keju, terigu, maizena, kuning telur, parutan kulit lemon, vanilla ekstrak, putih telur, gula, air jeruk nipis","cheesecake Marble Cheesecake Merah Putih Bahan susu cair, butter, krim keju, terigu, maizena, kuning telur, parutan kulit lemon, vanilla ekstrak, putih telur, gula, air jeruk nipis Langkah-Langkah Tim susu, butter dan keju oles, aduk dengan wishk hingga larut merata, Setelah larut, biarkan suhunya turun. Kemudian masukan terigu dan maizena, aduk rata. Disusul kuning telur dan vanilla ekstrak. Aduk rata, sisihkan., Dalam bowl mikser putih telur, saat mulai berbusa beri kucuran air jeruk nipis, kemudian masukkan gula halus bertahap, jangan sekali masuk. Mikser hingga soft peak. Lalu ambil adonan putih telur, masukan dalam adonan keju, aduk balik dengan spatula hingga rata., Ambil 5 sendok sayur adonan, beri pewarna merah tua secukupnya. Tuang adonan putih dalam loyang bulat 18cm, yg sudah dialasi baking paper sisi dan alasnya., Panaskan oven sebelum adonan masuk. Siapkan loyang dasar dan beri air. Letakkan loyang berisi adonan di atasnya. Panggang suhu 130°C api bawah 30 menit. Lanjut suhu 135°C api atas bawah 35 menit. Setelah matang, keluarkan dr oven, dinginkan hingga adonan nampak berjarak lengan loyang, balikan kue diatas cooling rack, dinginkan."
resep-24971161,cheesecake,https://cookpad.com/id/resep/24971161,Resep Cheese Cake,https://img-global.cpcdn.com/recipes/0054cfa5b3e707bd/1200x630cq80/photo.jpg,"['200 gr cream cheese', '200 ml fresh cream', '2 butir telur', '60 gr gula pasir', '3 sdm tepung terigu', '2 sdm air lemon', 'Dasar Kue Opsional', '60 gr biskuit ritz / dll', '30 gr butter']","[{'text': 'Dasar kue: lelehkan butter, hancurkan biskuit', 'images': []}, {'text': 'Aduk butter dan biskuit tadi, ratakan dicetakan hingga rata', 'images': []}, {'text': 'Masukan semua bahan kedalam blender', 'images': []}, {'text': 'Blender semua bahan hingga rata', 'images': []}, {'text': 'Tuang kedalam loyang , lalu panggang dg suhu 180 derjat', 'images': []}, {'text': 'Selama 45 menit, setelah dingin masukan kekulkas', 'images': []}, {'text': 'Siap untuk disajikan', 'images': []}]","Dasar kue: lelehkan butter, hancurkan biskuit, Aduk butter dan biskuit tadi, ratakan dicetakan hingga rata, Masukan semua bahan kedalam blender, Blender semua bahan hingga rata, Tuang kedalam loyang , lalu panggang dg suhu 180 derjat, Selama 45 menit, setelah dingin masukan kekulkas, Siap untuk disajikan","cream cheese, fresh cream, telur, gula pasir, tepung terigu, air lemon, dasar kue, biskuit ritz, butter","cheesecake Resep Cheese Cake Bahan cream cheese, fresh cream, telur, gula pasir, tepung terigu, air lemon, dasar kue, biskuit ritz, butter Langkah-Langkah Dasar kue: lelehkan butter, hancurkan biskuit, Aduk butter dan biskuit tadi, ratakan dicetakan hingga rata, Masukan semua bahan kedalam blender, Blender semua bahan hingga rata, Tuang kedalam loyang , lalu panggang dg suhu 180 derjat, Selama 45 menit, setelah dingin masukan kekulkas, Siap untuk disajikan"
resep-24953861,cheesecake,https://cookpad.com/id/resep/24953861,Burnt basque cheesecake,https://img-global.cpcdn.com/recipes/e0130f346d335072/1200x630cq80/photo.jpg,"['450 gr cream cheese (anchor)', '120 gr gula', '3 butir telur', '1 sdt vanilla paste (good vanilla)', '2 sdt lemon juice', '20 gr tepung maizena', '270 gr dairy whipping cream (greenfields)']","[{'text': 'Siapkan bahan-bahannya. Maapin bahan lainnya nggak masuk frame utk gula aku blender sebentar supaya butirannya lebih halus.', 'images': ['https://img-global.cpcdn.com/steps/934cde8cef9c27ad/400x400cq80/photo.jpg', 'https://img-global.cpcdn.com/steps/d052376addd1c5b9/400x400cq80/photo.jpg', 'https://img-global.cpcdn.com/steps/6f97e2a29719c04b/400x400cq80/photo.jpg']}, {'text': 'Masukkan cream cheese dan gula ke dalam wadah. Mixer sampai adonan lembut, kalo nggak ada mixer boleh pake whisk. note : gunakan cream yg sudah dalam suhu ruang supaya mudah saat diblend.', 'images': ['https://img-global.cpcdn.com/steps/d271842da5a46a65/400x400cq80/photo.jpg', 'https://img-global.cpcdn.com/steps/b14691962ade74e9/400x400cq80/photo.jpg']}, {'text': 'Masukkan telur satu per satu sambil di mixer sampai tercampur rata.', 'images': ['https://img-global.cpcdn.com/steps/50fc716e86548434/400x400cq80/photo.jpg', 'https://img-global.cpcdn.com/steps/4887201a5e8a8f7b/400x400cq80/photo.jpg', 'https://img-global.cpcdn.com/steps/e0fd0774b35a6b71/400x400cq80/photo.jpg']}, {'text': 'Masukkan maizena, vanilla dan lemon juice. Aduk lagi sampai rata.', 'images': ['https://img-global.cpcdn.com/steps/dc623cd04b71cec8/400x400cq80/photo.jpg', 'https://img-global.cpcdn.com/steps/36c8d3a5644fe8f0/400x400cq80/photo.jpg', 'https://img-global.cpcdn.com/steps/a56bfd6f6538ec1d/400x400cq80/photo.jpg']}, {'text': 'Last step, masukkan whipping cream dan aduk rata pake spatula.', 'images': ['https://img-global.cpcdn.com/steps/d0a396f97bbba81f/400x400cq80/photo.jpg', 'https://img-global.cpcdn.com/steps/2e6c76b7b9df7fe2/400x400cq80/photo.jpg', 'https://img-global.cpcdn.com/steps/217fd29723cece22/400x400cq80/photo.jpg']}, {'text': 'Tekturnya seperti ini yah ', 'images': []}, {'text': 'Panaskan oven di suhu 200\'C. Tuang adonan ke loyang, aku pake 2 loyang bulet agak kecilan. Masukkan ke dalam Oven dan panggang cheese cake sekitar 20 - 30 menit, gunakan api atas bawah, sesuaikan oven masing-masing. Kalo udah matang, bagian atasnya berwarna coklat banget ""burnt"" keluarin dari oven, biarin dingin.', 'images': ['https://img-global.cpcdn.com/steps/10a1cda1fbb5c7d5/400x400cq80/photo.jpg']}, {'text': 'Sebelum disajikan, masukkan di kulkas sebentar sekitar 1 - 2 jam supaya makin enak. Rasanya memang nggak terlalu manis yah, sesuai seleraku. Kalo suka manis tambah aja takaran gulanya.', 'images': ['https://img-global.cpcdn.com/steps/0c19aff1b21a4c63/400x400cq80/photo.jpg', 'https://img-global.cpcdn.com/steps/76d3ac8f45526a1b/400x400cq80/photo.jpg']}, {'text': ""Allahumma baarik. Sesuai namanya Burnt Basque Cheesecake tampilannya emang gosong But, don't look down 'cause the taste is amazing"", 'images': ['https://img-global.cpcdn.com/steps/0b7b089ddcbd3c81/400x400cq80/photo.jpg']}]","Siapkan bahan-bahannya. Maapin bahan lainnya nggak masuk frame utk gula aku blender sebentar supaya butirannya lebih halus., Masukkan cream cheese dan gula ke dalam wadah. Mixer sampai adonan lembut, kalo nggak ada mixer boleh pake whisk. note : gunakan cream yg sudah dalam suhu ruang supaya mudah saat diblend., Masukkan telur satu per satu sambil di mixer sampai tercampur rata., Masukkan maizena, vanilla dan lemon juice. Aduk lagi sampai rata., Last step, masukkan whipping cream dan aduk rata pake spatula., Tekturnya seperti ini yah, Panaskan oven di suhu 200'C. Tuang adonan ke loyang, aku pake 2 loyang bulet agak kecilan. Masukkan ke dalam Oven dan panggang cheese cake sekitar 20 - 30 menit, gunakan api atas bawah, sesuaikan oven masing-masing. Kalo udah matang, bagian atasnya berwarna coklat banget ""burnt"" keluarin dari oven, biarin dingin., Sebelum disajikan, masukkan di kulkas sebentar sekitar 1 - 2 jam supaya makin enak. Rasanya memang nggak terlalu manis yah, sesuai seleraku. Kalo suka manis tambah aja takaran gulanya., Allahumma baarik. Sesuai namanya Burnt Basque Cheesecake tampilannya emang gosong But, don't look down 'cause the taste is amazing","cream cheese anchor, gula, telur, vanilla paste good vanilla, lemon juice, tepung maizena, dairy whipping cream greenfields","cheesecake Burnt basque cheesecake Bahan cream cheese anchor, gula, telur, vanilla paste good vanilla, lemon juice, tepung maizena, dairy whipping cream greenfields Langkah-Langkah Siapkan bahan-bahannya. Maapin bahan lainnya nggak masuk frame utk gula aku blender sebentar supaya butirannya lebih halus., Masukkan cream cheese dan gula ke dalam wadah. Mixer sampai adonan lembut, kalo nggak ada mixer boleh pake whisk. note : gunakan cream yg sudah dalam suhu ruang supaya mudah saat diblend., Masukkan telur satu per satu sambil di mixer sampai tercampur rata., Masukkan maizena, vanilla dan lemon juice. Aduk lagi sampai rata., Last step, masukkan whipping cream dan aduk rata pake spatula., Tekturnya seperti ini yah, Panaskan oven di suhu 200'C. Tuang adonan ke loyang, aku pake 2 loyang bulet agak kecilan. Masukkan ke dalam Oven dan panggang cheese cake sekitar 20 - 30 menit, gunakan api atas bawah, sesuaikan oven masing-masing. Kalo udah matang, bagian atasnya berwarna coklat banget ""burnt"" keluarin dari oven, biarin dingin., Sebelum disajikan, masukkan di kulkas sebentar sekitar 1 - 2 jam supaya makin enak. Rasanya memang nggak terlalu manis yah, sesuai seleraku. Kalo suka manis tambah aja takaran gulanya., Allahumma baarik. Sesuai namanya Burnt Basque Cheesecake tampilannya emang gosong But, don't look down 'cause the taste is amazing"
resep-24967016,cheesecake,https://cookpad.com/id/resep/24967016,Cheesecake Redvelvet GAS,https://img-global.cpcdn.com/recipes/bfc91c901da42796/1200x630cq80/photo.jpg,"['1 Bks Oreo redvelvet', '60 gr keju parut', '450 ml susu', 'Secukupnya larutan maizena']","[{'text': 'Siapkan bahan bahan', 'images': ['https://img-global.cpcdn.com/steps/64dc2cbad64c1c9e/400x400cq80/photo.jpg']}, {'text': 'Letakkan didalam panci, krim Oreo, keju parut dan susu masak hingga mendidih dg api kecil sambil sesekali di aduk', 'images': ['https://img-global.cpcdn.com/steps/1734f9ab00496ee4/400x400cq80/photo.jpg', 'https://img-global.cpcdn.com/steps/29b4105524d82109/400x400cq80/photo.jpg', 'https://img-global.cpcdn.com/steps/36ea0fa6b131c9ae/400x400cq80/photo.jpg']}, {'text': 'Ketika sudah mengental, masukkan larutan maizena aduk lagi perlahan masak hingga mbluk mbluk', 'images': ['https://img-global.cpcdn.com/steps/a0c086f1523e831a/400x400cq80/photo.jpg', 'https://img-global.cpcdn.com/steps/cbce7724dea5da4d/400x400cq80/photo.jpg']}, {'text': 'Hancurkan kepingan Oreo hingga halus', 'images': ['https://img-global.cpcdn.com/steps/fe66f8d460061745/400x400cq80/photo.jpg']}, {'text': 'Jika uap panas vlakeju sdh hilang, masukkan ke dalam wadah lalu timpa dg bubuk oreo timpa lagi dg vla keju dan beri topping potongan Oreo diatasnya. Cheesecake Redvelvet ala kemerdekaan siap dimakan dg keadaan dingin lebih mantul', 'images': ['https://img-global.cpcdn.com/steps/c95fbb4c9e861158/400x400cq80/photo.jpg', 'https://img-global.cpcdn.com/steps/b33eec0584bd6dc7/400x400cq80/photo.jpg', 'https://img-global.cpcdn.com/steps/37880c20e4c19246/400x400cq80/photo.jpg']}]","Siapkan bahan bahan, Letakkan didalam panci, krim Oreo, keju parut dan susu masak hingga mendidih dg api kecil sambil sesekali di aduk, Ketika sudah mengental, masukkan larutan maizena aduk lagi perlahan masak hingga mbluk mbluk, Hancurkan kepingan Oreo hingga halus, Jika uap panas vlakeju sdh hilang, masukkan ke dalam wadah lalu timpa dg bubuk oreo timpa lagi dg vla keju dan beri topping potongan Oreo diatasnya. Cheesecake Redvelvet ala kemerdekaan siap dimakan dg keadaan dingin lebih mantul","oreo redvelvet, keju, susu, larutan maizena","cheesecake Cheesecake Redvelvet GAS Bahan oreo redvelvet, keju, susu, larutan maizena Langkah-Langkah Siapkan bahan bahan, Letakkan didalam panci, krim Oreo, keju parut dan susu masak hingga mendidih dg api kecil sambil sesekali di aduk, Ketika sudah mengental, masukkan larutan maizena aduk lagi perlahan masak hingga mbluk mbluk, Hancurkan kepingan Oreo hingga halus, Jika uap panas vlakeju sdh hilang, masukkan ke dalam wadah lalu timpa dg bubuk oreo timpa lagi dg vla keju dan beri topping potongan Oreo diatasnya. Cheesecake Redvelvet ala kemerdekaan siap dimakan dg keadaan dingin lebih mantul"
resep-24259173,cheesecake,https://cookpad.com/id/resep/24259173,Burnt Basque Strawberry Cheesecake,https://img-global.cpcdn.com/recipes/63f4c6cb080a1cd3/1200x630cq80/photo.jpg,"['2 bungkus Prochiz spread', '2 butir telur ayam', '3 sdm tepung tapioka', '5 sdm gula pasir, haluskan', '80 ml yoghurt Cimory squeeze original', 'Sejumput vanilla powder (me: L&#39;arome)', '200 gr strawberry segar', '2 sdm gula pasir / sesuai selera']","[{'text': 'Siapkan bahan. Bisa menggunakan gula pasir kasar, gula pasir yg diblender, atau gula halus.', 'images': ['https://img-global.cpcdn.com/steps/58dc3989ad58a831/400x400cq80/photo.jpg']}, {'text': 'Masukkan keju spread, gula halus, telur, vanilla, dan yoghurt. Aduk hingga tercampur rata & teksturnya halus', 'images': []}, {'text': 'Terakhir masukkan tapioka. Aduk kembali hingga tercampur rata & tidak bergerindil.', 'images': ['https://img-global.cpcdn.com/steps/cf0891ff632f3c4e/400x400cq80/photo.jpg']}, {'text': 'Siapkan loyang yg sudah dilapisi dengan baking paper / kertas roti. Tuang adonan hingga habis', 'images': ['https://img-global.cpcdn.com/steps/cad7686b6b4aca3a/400x400cq80/photo.jpg', 'https://img-global.cpcdn.com/steps/fa61e993ca6c47a6/400x400cq80/photo.jpg']}, {'text': 'Masukkan loyang ke dalam airfryer. Panggang menggunakan suhu 200°C selama 20 menit. Hasil akhir atasnya akan gosong2 cantik. Simpan di dalam chiller minimal 3 jam supaya set', 'images': ['https://img-global.cpcdn.com/steps/4647594da902c173/400x400cq80/photo.jpg', 'https://img-global.cpcdn.com/steps/4b2f865154b2192a/400x400cq80/photo.jpg', 'https://img-global.cpcdn.com/steps/f680adf640bd28db/400x400cq80/photo.jpg']}, {'text': 'Kita buat saus stawberrynya dulu ya Cuci bersih strawberry, buang tangkai & daunnya. Masukkan ke dalam pan bersama dengan gula pasir. Masak menggunakan api kecil sambil ditekan2 supaya strawberry hancur. Masak hingga saus mengental, aduk2 terus supaya tidak gosong. Angkat & matikan api', 'images': ['https://img-global.cpcdn.com/steps/4a76f4121f203574/400x400cq80/photo.jpg', 'https://img-global.cpcdn.com/steps/21e586bdf78be1a0/400x400cq80/photo.jpg', 'https://img-global.cpcdn.com/steps/d2f4ad2bb9bc3c8d/400x400cq80/photo.jpg']}, {'text': 'Keluarkan cheese cake dari loyang, potong2 sesuai selera Tata cheese cake di atas piring saji, lalu beri saus strawberry di atasnya. Hias dengan potongan buah stawberry segar. Burnt basque strawberry cheese cake siap disajikan. Selamat mencoba', 'images': ['https://img-global.cpcdn.com/steps/0a32a680bb7ec156/400x400cq80/photo.jpg']}]","Siapkan bahan. Bisa menggunakan gula pasir kasar, gula pasir yg diblender, atau gula halus., Masukkan keju spread, gula halus, telur, vanilla, dan yoghurt. Aduk hingga tercampur rata & teksturnya halus, Terakhir masukkan tapioka. Aduk kembali hingga tercampur rata & tidak bergerindil., Siapkan loyang yg sudah dilapisi dengan baking paper / kertas roti. Tuang adonan hingga habis, Masukkan loyang ke dalam airfryer. Panggang menggunakan suhu 200°C selama 20 menit. Hasil akhir atasnya akan gosong2 cantik. Simpan di dalam chiller minimal 3 jam supaya set, Kita buat saus stawberrynya dulu ya Cuci bersih strawberry, buang tangkai & daunnya. Masukkan ke dalam pan bersama dengan gula pasir. Masak menggunakan api kecil sambil ditekan2 supaya strawberry hancur. Masak hingga saus mengental, aduk2 terus supaya tidak gosong. Angkat & matikan api, Keluarkan cheese cake dari loyang, potong2 sesuai selera Tata cheese cake di atas piring saji, lalu beri saus strawberry di atasnya. Hias dengan potongan buah stawberry segar. Burnt basque strawberry cheese cake siap disajikan. Selamat mencoba","prochiz spread, telur ayam, tepung tapioka, gula pasir, yoghurt cimory squeeze original, vanilla powder &#;arome, strawberry segar, gula pasir","cheesecake Burnt Basque Strawberry Cheesecake Bahan prochiz spread, telur ayam, tepung tapioka, gula pasir, yoghurt cimory squeeze original, vanilla powder &#;arome, strawberry segar, gula pasir Langkah-Langkah Siapkan bahan. Bisa menggunakan gula pasir kasar, gula pasir yg diblender, atau gula halus., Masukkan keju spread, gula halus, telur, vanilla, dan yoghurt. Aduk hingga tercampur rata & teksturnya halus, Terakhir masukkan tapioka. Aduk kembali hingga tercampur rata & tidak bergerindil., Siapkan loyang yg sudah dilapisi dengan baking paper / kertas roti. Tuang adonan hingga habis, Masukkan loyang ke dalam airfryer. Panggang menggunakan suhu 200°C selama 20 menit. Hasil akhir atasnya akan gosong2 cantik. Simpan di dalam chiller minimal 3 jam supaya set, Kita buat saus stawberrynya dulu ya Cuci bersih strawberry, buang tangkai & daunnya. Masukkan ke dalam pan bersama dengan gula pasir. Masak menggunakan api kecil sambil ditekan2 supaya strawberry hancur. Masak hingga saus mengental, aduk2 terus supaya tidak gosong. Angkat & matikan api, Keluarkan cheese cake dari loyang, potong2 sesuai selera Tata cheese cake di atas piring saji, lalu beri saus strawberry di atasnya. Hias dengan potongan buah stawberry segar. Burnt basque strawberry cheese cake siap disajikan. Selamat mencoba"
resep-24984553,gorengan,https://cookpad.com/id/resep/24984553,Lumpia ayam ala bocil,https://img-global.cpcdn.com/recipes/27d8dae200dc0761/1200x630cq80/photo.jpg,"['1 buah paha ayam ukuran besar', '1 butir telur bebek', '1 siung bawang putih ukuran besar (cincang)', '1 SDM tepung tapioka', '1 genggam macaroni (rendam air panas hingga empuk)', '1 sdt garam', '1/4 sdt kaldu jamur', '1/4 sdt gula', '1/4 sdt merica bubuk', 'Sedikit saos tiram', '1/2 buah wortel paru', 'Sedikit daun bawang (iris)', 'Sedikit jamur kuping (cincang)', '15 lembar kulit lumpia', '15 lembar daun pisang kotak kotak']","[{'text': 'Chopper semua bahan dan bumbu hingga halus, kecuali wortel, jamur kuping, macaroni dan daun bawang. Koreksi rasa.', 'images': []}, {'text': 'Setelah halus masukkan wortel parut, jamur kuping, macaroni dan daun bawang, Chopper hingga rata', 'images': []}, {'text': 'Gulung 1 sdt adonan ke kulit lumpia, gulung lagi dengan bungkus daun pisang', 'images': []}, {'text': 'Kukus 30 menit. Sajikan (dapat disajikan hanya dengan dikukus atau digoreng lagi agar krispi)', 'images': []}]","Chopper semua bahan dan bumbu hingga halus, kecuali wortel, jamur kuping, macaroni dan daun bawang. Koreksi rasa., Setelah halus masukkan wortel parut, jamur kuping, macaroni dan daun bawang, Chopper hingga rata, Gulung 1 sdt adonan ke kulit lumpia, gulung lagi dengan bungkus daun pisang, Kukus 30 menit. Sajikan (dapat disajikan hanya dengan dikukus atau digoreng lagi agar krispi)","paha ayam, telur bebek, bawang putih cincang, tepung tapioka, macaroni, garam, kaldu jamur, gula, merica bubuk, saos tiram, wortel paru, daun bawang iris, jamur kuping cincang, kulit lumpia, daun pisang","gorengan Lumpia ayam ala bocil Bahan paha ayam, telur bebek, bawang putih cincang, tepung tapioka, macaroni, garam, kaldu jamur, gula, merica bubuk, saos tiram, wortel paru, daun bawang iris, jamur kuping cincang, kulit lumpia, daun pisang Langkah-Langkah Chopper semua bahan dan bumbu hingga halus, kecuali wortel, jamur kuping, macaroni dan daun bawang. Koreksi rasa., Setelah halus masukkan wortel parut, jamur kuping, macaroni dan daun bawang, Chopper hingga rata, Gulung 1 sdt adonan ke kulit lumpia, gulung lagi dengan bungkus daun pisang, Kukus 30 menit. Sajikan (dapat disajikan hanya dengan dikukus atau digoreng lagi agar krispi)"
resep-24983847,gorengan,https://cookpad.com/id/resep/24983847,Pisang coklat kulit lumpia pisang aroma mudah,https://img-global.cpcdn.com/recipes/8791ad505326b0f7/1200x630cq80/photo.jpg,"['1 bungkus kulit lumpia', '1 buah pisang matang (bisa pisang nangka/tanduk)', 'Secukupnya coklat tabur atau ceres', 'Secukupnya Minyak untuk menggoreng', '1 sdt tepung beri air sedikit (utk perekat kulit)']","[{'text': 'Kupas pisang. Potong sesuai selera. Saya memanjang, dibelah 2, lalu di iris lagi. dapat 12 potong', 'images': []}, {'text': 'Ambil kulit lumpia, taruh pisang di bag agak ujung, kasi ceres dikit lalu gulung dan rekatkan dengan air tepung. Nah ulangi sampai selesai', 'images': ['https://img-global.cpcdn.com/steps/772c31ce1cab6d26/400x400cq80/photo.jpg']}, {'text': 'Panaskan minyak, lalu kecilkan api agar tidak lgs gosong. Masukkan pisang yg sudah dibungkus. Bulak balik smp warna nya berubah. Angkat tiriskan.', 'images': []}, {'text': 'Bisa dimakan spt itu saja atau dikasi coklat cair diatasnya ya. Selamat mencoba', 'images': ['https://img-global.cpcdn.com/steps/6a8129cf10743e5c/400x400cq80/photo.jpg']}]","Kupas pisang. Potong sesuai selera. Saya memanjang, dibelah 2, lalu di iris lagi. dapat 12 potong, Ambil kulit lumpia, taruh pisang di bag agak ujung, kasi ceres dikit lalu gulung dan rekatkan dengan air tepung. Nah ulangi sampai selesai, Panaskan minyak, lalu kecilkan api agar tidak lgs gosong. Masukkan pisang yg sudah dibungkus. Bulak balik smp warna nya berubah. Angkat tiriskan., Bisa dimakan spt itu saja atau dikasi coklat cair diatasnya ya. Selamat mencoba","kulit lumpia, pisang matang, coklat tabur ceres, minyak, tepung","gorengan Pisang coklat kulit lumpia pisang aroma mudah Bahan kulit lumpia, pisang matang, coklat tabur ceres, minyak, tepung Langkah-Langkah Kupas pisang. Potong sesuai selera. Saya memanjang, dibelah 2, lalu di iris lagi. dapat 12 potong, Ambil kulit lumpia, taruh pisang di bag agak ujung, kasi ceres dikit lalu gulung dan rekatkan dengan air tepung. Nah ulangi sampai selesai, Panaskan minyak, lalu kecilkan api agar tidak lgs gosong. Masukkan pisang yg sudah dibungkus. Bulak balik smp warna nya berubah. Angkat tiriskan., Bisa dimakan spt itu saja atau dikasi coklat cair diatasnya ya. Selamat mencoba"
resep-24983741,gorengan,https://cookpad.com/id/resep/24983741,Gorengan Apel Rendah gluten vegan tanpa telur,https://img-global.cpcdn.com/recipes/c94dba2469a9925b/1200x630cq80/photo.jpg,"['1 buah Apel (potong dadu)', '6 sdm Tepung beras', '3 sdm Tepung tapioka', '1/2 sdt Vanilla bubuk', '1/4 sdt Baking powder', '200 ml Air matang', '300 ml Minyak untuk menggoreng']","[{'text': 'Aduk semua bahan kering (Apel,tepung beras,tepung tapioka,vanilla bubuk,baking powder),kemudian tambahkan air sedikit demi sedikit hingga kental seperti cream soup (tidak padat).', 'images': []}, {'text': 'Panaskan minyak api sedang,masukan adonan ke minyak panas menggunakan sendok.', 'images': []}, {'text': 'Goreng persisi,jika sisi satu sudah matang dan berwarna kecoklatan, balikkan,lalu tunggu hingga sisi sebelahnya coklat keemasan,angkat,dan tiriskan.', 'images': []}, {'text': 'Tunggu dingin,lalu sajikan diatas piring.', 'images': []}, {'text': 'Dapat disajikan dengan caramel cair yang di tuang di atasnya secara zig zag.tapi kalau suka yah...', 'images': []}, {'text': 'Selamat menikmati :)', 'images': []}]","Aduk semua bahan kering (Apel,tepung beras,tepung tapioka,vanilla bubuk,baking powder),kemudian tambahkan air sedikit demi sedikit hingga kental seperti cream soup (tidak padat)., Panaskan minyak api sedang,masukan adonan ke minyak panas menggunakan sendok., Goreng persisi,jika sisi satu sudah matang dan berwarna kecoklatan, balikkan,lalu tunggu hingga sisi sebelahnya coklat keemasan,angkat,dan tiriskan., Tunggu dingin,lalu sajikan diatas piring., Dapat disajikan dengan caramel cair yang di tuang di atasnya secara zig zag.tapi kalau suka yah..., Selamat menikmati :)","apel dadu, tepung beras, tepung tapioka, vanilla bubuk, baking powder, air matang, minyak","gorengan Gorengan Apel Rendah gluten vegan tanpa telur Bahan apel dadu, tepung beras, tepung tapioka, vanilla bubuk, baking powder, air matang, minyak Langkah-Langkah Aduk semua bahan kering (Apel,tepung beras,tepung tapioka,vanilla bubuk,baking powder),kemudian tambahkan air sedikit demi sedikit hingga kental seperti cream soup (tidak padat)., Panaskan minyak api sedang,masukan adonan ke minyak panas menggunakan sendok., Goreng persisi,jika sisi satu sudah matang dan berwarna kecoklatan, balikkan,lalu tunggu hingga sisi sebelahnya coklat keemasan,angkat,dan tiriskan., Tunggu dingin,lalu sajikan diatas piring., Dapat disajikan dengan caramel cair yang di tuang di atasnya secara zig zag.tapi kalau suka yah..., Selamat menikmati :)"
resep-24982957,gorengan,https://cookpad.com/id/resep/24982957,Pisang Goreng Wijen Kayumanis,https://img-global.cpcdn.com/recipes/26ce76b5b3007af7/1200x630cq80/photo.jpg,"['1 Bks tepung pisang goreng instan,', '3 bh pisang barangan,', '1 sdt kayumanis bubuk,', '1 sdm wijen hitam dan putih', 'Secukupnya air']","[{'text': 'Siapkan bahan', 'images': ['https://img-global.cpcdn.com/steps/57f59236c2dcd2e6/400x400cq80/photo.jpg']}, {'text': 'Masukkan tepung goreng instan kedalam mangkuk, beri kayumanis, wijen, tuang air secukupnya tidak terlalu encer atau kental', 'images': ['https://img-global.cpcdn.com/steps/b1ef39c1c8e3ff4d/400x400cq80/photo.jpg', 'https://img-global.cpcdn.com/steps/cd3e6cbd7d7b7704/400x400cq80/photo.jpg', 'https://img-global.cpcdn.com/steps/8b5efdb58bff596b/400x400cq80/photo.jpg']}, {'text': 'Masukkan pisang aduk rata, panaskan minyak goreng, masukkan pisang goreng hingga matang kecoklatan angkat tiriskan', 'images': ['https://img-global.cpcdn.com/steps/a341375f54a5b135/400x400cq80/photo.jpg', 'https://img-global.cpcdn.com/steps/56e1daa8893eefbc/400x400cq80/photo.jpg', 'https://img-global.cpcdn.com/steps/69be150e6128a54d/400x400cq80/photo.jpg']}, {'text': 'Sajikan hangat', 'images': ['https://img-global.cpcdn.com/steps/80a4b4847a96fc2d/400x400cq80/photo.jpg', 'https://img-global.cpcdn.com/steps/d630a6c200e56482/400x400cq80/photo.jpg', 'https://img-global.cpcdn.com/steps/ae90b4d4709d5661/400x400cq80/photo.jpg']}]","Siapkan bahan, Masukkan tepung goreng instan kedalam mangkuk, beri kayumanis, wijen, tuang air secukupnya tidak terlalu encer atau kental, Masukkan pisang aduk rata, panaskan minyak goreng, masukkan pisang goreng hingga matang kecoklatan angkat tiriskan, Sajikan hangat","tepung pisang goreng instan, pisang barangan, kayumanis bubuk, wijen hitam putih, air","gorengan Pisang Goreng Wijen Kayumanis Bahan tepung pisang goreng instan, pisang barangan, kayumanis bubuk, wijen hitam putih, air Langkah-Langkah Siapkan bahan, Masukkan tepung goreng instan kedalam mangkuk, beri kayumanis, wijen, tuang air secukupnya tidak terlalu encer atau kental, Masukkan pisang aduk rata, panaskan minyak goreng, masukkan pisang goreng hingga matang kecoklatan angkat tiriskan, Sajikan hangat"
resep-24972882,gorengan,https://cookpad.com/id/resep/24972882,Menu ultah simpel bakwan mie goreng sambal kacang es gula bali,https://img-global.cpcdn.com/recipes/2cd51c91d7512dbd/1200x630cq80/photo.jpg,"['1 bks mie telur', '1 buah wortel', '2 bonggol sawi hijau', '4 buah bakso sapi', '3 siung bawang putih iris tipis', '2 siung bawang merah iris tipis', '3 sdm kecap manis', '1 sdt kaldu bubuk ayam', '1 sdt garam halus', '1/2 sdt lada bubuk', '100 ml air', '3 sdm minyak untuk menumis', '4 sdm kacang tanah', '2 buah cabai rawit merah', '1 buah cabai merah keriting', '1 siung bawang putih', '150 ml air matang', '1/2 sdt garam halus', '1 sdm gula merah', '1 sdm gula pasir', '1/2 sdm cuka', '250 gram tepung terigu protein sedang', '2 sdm tepung tapioka', '2 sdm tepung maizena', '2 sdm margarin', '1 sdt kaldu bubuk ayam', '1/2 sdt garam halus', '1/4 sdt lada bubuk', '1/2 sdt kunyit bubuk', '1 sdt bawang putih bubuk', 'Secukupnya air', '2 buah wortel', '4 lembar kol', '2 batang daun bawang', 'Secukupnya simpel sirup', 'Secukupnya pewarna merah', 'Secukupnya jeruk nipis', 'Secukupnya es batu']","[{'text': 'Aduk rata bahan adonan tepung bakwan.', 'images': ['https://img-global.cpcdn.com/steps/2de12f916a890101/400x400cq80/photo.jpg', 'https://img-global.cpcdn.com/steps/78c45dce746a605d/400x400cq80/photo.jpg', 'https://img-global.cpcdn.com/steps/e98a9a7c7a5cb167/400x400cq80/photo.jpg']}, {'text': 'Masukkan sayuran, aduk lagi.', 'images': ['https://img-global.cpcdn.com/steps/2a589f2f97d1afbe/400x400cq80/photo.jpg', 'https://img-global.cpcdn.com/steps/cb21489d1fe282f3/400x400cq80/photo.jpg']}, {'text': 'Goreng adonan bakwan sesendok sesendok dalam minyak panas sampai kuning keemasan, angkat dan tiriskan', 'images': ['https://img-global.cpcdn.com/steps/5492eee3cbf15a83/400x400cq80/photo.jpg', 'https://img-global.cpcdn.com/steps/8efbc0c186379072/400x400cq80/photo.jpg', 'https://img-global.cpcdn.com/steps/9aa19dc110daa80b/400x400cq80/photo.jpg']}, {'text': 'Rebus mie selama 3 menit, angkat dan tiriskan.', 'images': ['https://img-global.cpcdn.com/steps/80d4a8ac95b664b3/400x400cq80/photo.jpg']}, {'text': 'Panaskan minyak lalu tumis bawang merah dan bawang putih sampai harum. Masukkan batang sawi, wortel, dan bakso, kasih air masak hingga wortel empuk', 'images': ['https://img-global.cpcdn.com/steps/718c76a3679b236e/400x400cq80/photo.jpg', 'https://img-global.cpcdn.com/steps/3019ba511b323391/400x400cq80/photo.jpg']}, {'text': 'Masukkan mie rebus, kecap manis, lada bubuk, kaldu bubuk ayam, dan garam halus, aduk rata. Terakhir masukkan daun sawi, aduk hingga layu, test rasa lalu angkat.', 'images': ['https://img-global.cpcdn.com/steps/15d2b88f01b52bf8/400x400cq80/photo.jpg', 'https://img-global.cpcdn.com/steps/358a30c702f7a8a5/400x400cq80/photo.jpg']}, {'text': 'Goreng kacang sampai kecoklatan. Blender kacang tanah, bawang putih, cabai merah, cabai rawit, gula merah, gula pasir, garam halus, dan air matang hingga halus. Tambahkan cuka, aduk rata.', 'images': ['https://img-global.cpcdn.com/steps/e31db826e11b4a8f/400x400cq80/photo.jpg', 'https://img-global.cpcdn.com/steps/0640cd0f9de8a010/400x400cq80/photo.jpg', 'https://img-global.cpcdn.com/steps/a519ef498485f9e6/400x400cq80/photo.jpg']}, {'text': 'Sajikan mie goreng dengan sambal kacang.', 'images': ['https://img-global.cpcdn.com/steps/368387cd8e5d9ca3/400x400cq80/photo.jpg']}, {'text': 'Aduk rata simpel sirup, pewarna merah, dan air. Tambahkan es batu dan potongan jeruk nipis, sajikan segera.', 'images': ['https://img-global.cpcdn.com/steps/e7525d807185a67a/400x400cq80/photo.jpg', 'https://img-global.cpcdn.com/steps/f9716d27852cd1f8/400x400cq80/photo.jpg', 'https://img-global.cpcdn.com/steps/44581fad8baac9c5/400x400cq80/photo.jpg']}, {'text': 'Sajikan mie goreng, bakwan vegie, dan sambal kacang. Biar seger minumnya es gula.', 'images': ['https://img-global.cpcdn.com/steps/56f37ee6bbd4574c/400x400cq80/photo.jpg']}]","Aduk rata bahan adonan tepung bakwan., Masukkan sayuran, aduk lagi., Goreng adonan bakwan sesendok sesendok dalam minyak panas sampai kuning keemasan, angkat dan tiriskan, Rebus mie selama 3 menit, angkat dan tiriskan., Panaskan minyak lalu tumis bawang merah dan bawang putih sampai harum. Masukkan batang sawi, wortel, dan bakso, kasih air masak hingga wortel empuk, Masukkan mie rebus, kecap manis, lada bubuk, kaldu bubuk ayam, dan garam halus, aduk rata. Terakhir masukkan daun sawi, aduk hingga layu, test rasa lalu angkat., Goreng kacang sampai kecoklatan. Blender kacang tanah, bawang putih, cabai merah, cabai rawit, gula merah, gula pasir, garam halus, dan air matang hingga halus. Tambahkan cuka, aduk rata., Sajikan mie goreng dengan sambal kacang., Aduk rata simpel sirup, pewarna merah, dan air. Tambahkan es batu dan potongan jeruk nipis, sajikan segera., Sajikan mie goreng, bakwan vegie, dan sambal kacang. Biar seger minumnya es gula.","mie telur, wortel, bonggol sawi hijau, bakso sapi, bawang putih iris, bawang merah iris, kecap manis, kaldu bubuk ayam, garam, lada bubuk, air, minyak, kacang tanah, cabai rawit merah, cabai merah keriting, bawang putih, air matang, garam, gula merah, gula pasir, cuka, tepung terigu protein seg, tepung tapioka, tepung maizena, margarin, kaldu bubuk ayam, garam, lada bubuk, kunyit bubuk, bawang putih bubuk, air, wortel, kol, daun bawang, simpel sirup, pewarna merah, jeruk nipis, es batu","gorengan Menu ultah simpel bakwan mie goreng sambal kacang es gula bali Bahan mie telur, wortel, bonggol sawi hijau, bakso sapi, bawang putih iris, bawang merah iris, kecap manis, kaldu bubuk ayam, garam, lada bubuk, air, minyak, kacang tanah, cabai rawit merah, cabai merah keriting, bawang putih, air matang, garam, gula merah, gula pasir, cuka, tepung terigu protein seg, tepung tapioka, tepung maizena, margarin, kaldu bubuk ayam, garam, lada bubuk, kunyit bubuk, bawang putih bubuk, air, wortel, kol, daun bawang, simpel sirup, pewarna merah, jeruk nipis, es batu Langkah-Langkah Aduk rata bahan adonan tepung bakwan., Masukkan sayuran, aduk lagi., Goreng adonan bakwan sesendok sesendok dalam minyak panas sampai kuning keemasan, angkat dan tiriskan, Rebus mie selama 3 menit, angkat dan tiriskan., Panaskan minyak lalu tumis bawang merah dan bawang putih sampai harum. Masukkan batang sawi, wortel, dan bakso, kasih air masak hingga wortel empuk, Masukkan mie rebus, kecap manis, lada bubuk, kaldu bubuk ayam, dan garam halus, aduk rata. Terakhir masukkan daun sawi, aduk hingga layu, test rasa lalu angkat., Goreng kacang sampai kecoklatan. Blender kacang tanah, bawang putih, cabai merah, cabai rawit, gula merah, gula pasir, garam halus, dan air matang hingga halus. Tambahkan cuka, aduk rata., Sajikan mie goreng dengan sambal kacang., Aduk rata simpel sirup, pewarna merah, dan air. Tambahkan es batu dan potongan jeruk nipis, sajikan segera., Sajikan mie goreng, bakwan vegie, dan sambal kacang. Biar seger minumnya es gula."
resep-24983111,donat,https://cookpad.com/id/resep/24983111,Donat Viral No Mixer No uleni Hasilnya empuk mengembang gemoy,https://img-global.cpcdn.com/recipes/0482ac8167e439d8/1200x630cq80/photo.jpg,"['300 g tepung terigu protein sedang', '200 ml UHT', '120 g kentang kukus dihaluskan', '1 butir telur', '50 g gula pasir', '50 g margarin', '1/2 sdt ragi instan']","[{'text': 'Masukan ragi ke dalam susu cair, aduk2 sisihkan sebentar', 'images': ['https://img-global.cpcdn.com/steps/588d092a2ef2b0d5/400x400cq80/photo.jpg']}, {'text': 'Masukan dalam wadah : tepung terigu, kentang, margarin, gulapasir, telor, aduk2, masukan susu cair UHT, campur kembali selama 5 menit sampai tercampur merata (sy pakai tangan), tutup diamkan 40 menit', 'images': ['https://img-global.cpcdn.com/steps/2da322b7079d10c5/400x400cq80/photo.jpg', 'https://img-global.cpcdn.com/steps/4a51c5c80a5b6ad6/400x400cq80/photo.jpg', 'https://img-global.cpcdn.com/steps/6da952189309771a/400x400cq80/photo.jpg']}, {'text': 'Setelah 40 menit, aduk sekali lagi, masukan dalam pelastik segitiga, panaskan minyak api sedang, isi adonan dalam cetakan, caranya : cetakan di masukan 1x di minyak panas setelah itu di isi adonan agar tidak lengket, masukkan dalam minyak, goyang2 cetakannya sampai adonan lepas,', 'images': ['https://img-global.cpcdn.com/steps/b94b2fb6ce3a51c3/400x400cq80/photo.jpg', 'https://img-global.cpcdn.com/steps/d5dc7c628a7ceff2/400x400cq80/photo.jpg', 'https://img-global.cpcdn.com/steps/9e5e003cc3b5676c/400x400cq80/photo.jpg']}, {'text': 'Masak sampai selesai semua, beri toppingan seleramu, sajikan, siap dimakan   selamat mencoba, semoga berhasil ', 'images': ['https://img-global.cpcdn.com/steps/fdbaea7245d6803e/400x400cq80/photo.jpg', 'https://img-global.cpcdn.com/steps/942716147c09dbe8/400x400cq80/photo.jpg', 'https://img-global.cpcdn.com/steps/f8230492d3d7934d/400x400cq80/photo.jpg']}]","Masukan ragi ke dalam susu cair, aduk2 sisihkan sebentar, Masukan dalam wadah : tepung terigu, kentang, margarin, gulapasir, telor, aduk2, masukan susu cair UHT, campur kembali selama 5 menit sampai tercampur merata (sy pakai tangan), tutup diamkan 40 menit, Setelah 40 menit, aduk sekali lagi, masukan dalam pelastik segitiga, panaskan minyak api sedang, isi adonan dalam cetakan, caranya : cetakan di masukan 1x di minyak panas setelah itu di isi adonan agar tidak lengket, masukkan dalam minyak, goyang2 cetakannya sampai adonan lepas,, Masak sampai selesai semua, beri toppingan seleramu, sajikan, siap dimakan   selamat mencoba, semoga berhasil","tepung terigu protein seg, uht, kentang kukus, telur, gula pasir, margarin, ragi instan","donat Donat Viral No Mixer No uleni Hasilnya empuk mengembang gemoy Bahan tepung terigu protein seg, uht, kentang kukus, telur, gula pasir, margarin, ragi instan Langkah-Langkah Masukan ragi ke dalam susu cair, aduk2 sisihkan sebentar, Masukan dalam wadah : tepung terigu, kentang, margarin, gulapasir, telor, aduk2, masukan susu cair UHT, campur kembali selama 5 menit sampai tercampur merata (sy pakai tangan), tutup diamkan 40 menit, Setelah 40 menit, aduk sekali lagi, masukan dalam pelastik segitiga, panaskan minyak api sedang, isi adonan dalam cetakan, caranya : cetakan di masukan 1x di minyak panas setelah itu di isi adonan agar tidak lengket, masukkan dalam minyak, goyang2 cetakannya sampai adonan lepas,, Masak sampai selesai semua, beri toppingan seleramu, sajikan, siap dimakan   selamat mencoba, semoga berhasil"
resep-24967353,donat,https://cookpad.com/id/resep/24967353,Donat kampung tanpa telur,https://img-global.cpcdn.com/recipes/53541dca32166a2a/1200x630cq80/photo.jpg,"['250 gr tepung terigu cakra', '3 sdm gula pasir', '1 sdm ragi', '1 sdm susu bubuk', '1 sdm margarine', 'sedikit Garam', 'Air dingin dikira kira']","[{'text': 'Campurkan bahan kering terigu, ragi, gula, susu bubuk', 'images': ['https://img-global.cpcdn.com/steps/165b6c8a0454e935/400x400cq80/photo.jpg']}, {'text': 'Tuang air dingin perlahan lahan sy gak pakek takaran dikira kira saja kalo masih lengket tinggal tambahkan terigu sedikit', 'images': []}, {'text': 'Setelah itu uleni sebentar lalu masukkan margarine dan garam lalu uleni lagi sampai tidak lengket', 'images': ['https://img-global.cpcdn.com/steps/c571864ffec7908e/400x400cq80/photo.jpg']}, {'text': 'Kemudian sy diamkan ± 1 jam sampai mengembang kemudian kempiskan adonan untuk membuang udara', 'images': ['https://img-global.cpcdn.com/steps/2f75db4e92865300/400x400cq80/photo.jpg']}, {'text': 'Bagi adonan sy bagi 25gr', 'images': ['https://img-global.cpcdn.com/steps/73954a5bdaac73c6/400x400cq80/photo.jpg']}, {'text': 'Rounding adonan berbentuk bulat* lalu diamkan 5 menit', 'images': []}, {'text': 'Kemudian cetak dan lubangi', 'images': ['https://img-global.cpcdn.com/steps/435502111907ffd1/400x400cq80/photo.jpg', 'https://img-global.cpcdn.com/steps/e6181a7358b5dba4/400x400cq80/photo.jpg']}, {'text': 'Diamkan lagi sampai mengembang 2x lalu goreng di api kecil sekali balik saja biar tidak menyerap minyak banyak', 'images': ['https://img-global.cpcdn.com/steps/93a5f10aab1a394e/400x400cq80/photo.jpg', 'https://img-global.cpcdn.com/steps/cb42a84228f76231/400x400cq80/photo.jpg']}, {'text': 'Tinggal kasih topping sesuai selera kebetulan ada stock coklat batang ditinggal di lelehkan / pake gula dingin aja juga enak', 'images': []}]","Campurkan bahan kering terigu, ragi, gula, susu bubuk, Tuang air dingin perlahan lahan sy gak pakek takaran dikira kira saja kalo masih lengket tinggal tambahkan terigu sedikit, Setelah itu uleni sebentar lalu masukkan margarine dan garam lalu uleni lagi sampai tidak lengket, Kemudian sy diamkan ± 1 jam sampai mengembang kemudian kempiskan adonan untuk membuang udara, Bagi adonan sy bagi 25gr, Rounding adonan berbentuk bulat* lalu diamkan 5 menit, Kemudian cetak dan lubangi, Diamkan lagi sampai mengembang 2x lalu goreng di api kecil sekali balik saja biar tidak menyerap minyak banyak, Tinggal kasih topping sesuai selera kebetulan ada stock coklat batang ditinggal di lelehkan / pake gula dingin aja juga enak","tepung terigu cakra, gula pasir, ragi, susu bubuk, margarine, garam, air","donat Donat kampung tanpa telur Bahan tepung terigu cakra, gula pasir, ragi, susu bubuk, margarine, garam, air Langkah-Langkah Campurkan bahan kering terigu, ragi, gula, susu bubuk, Tuang air dingin perlahan lahan sy gak pakek takaran dikira kira saja kalo masih lengket tinggal tambahkan terigu sedikit, Setelah itu uleni sebentar lalu masukkan margarine dan garam lalu uleni lagi sampai tidak lengket, Kemudian sy diamkan ± 1 jam sampai mengembang kemudian kempiskan adonan untuk membuang udara, Bagi adonan sy bagi 25gr, Rounding adonan berbentuk bulat* lalu diamkan 5 menit, Kemudian cetak dan lubangi, Diamkan lagi sampai mengembang 2x lalu goreng di api kecil sekali balik saja biar tidak menyerap minyak banyak, Tinggal kasih topping sesuai selera kebetulan ada stock coklat batang ditinggal di lelehkan / pake gula dingin aja juga enak"
resep-24977386,donat,https://cookpad.com/id/resep/24977386,Donat Kentang Merdeka,https://img-global.cpcdn.com/recipes/2ad1b0aab9142604/1200x630cq80/photo.jpg,"['400 gr Tepung protein tinggi (me: cakra kembar)', '100 gr Tepung protein sedang (me: segitiga biru)', '50 gr Susu bubuk', '100 gr Gula pasir', '10 gr Ragi instan', '200 gr Kentang kukus yang sudah dihaluskan', '100 ml Susu full cream dingin (bisa juga diganti dengan air dingin)', '75 gr Mentega', '1/2 sdt Garam', '4 tetes Pewarna merah', 'Secukupnya Minyak goreng, untuk menggoreng donat', 'Secukupnya DCC Putih', 'Secukupnya Keju']","[{'text': 'Siapkan bahan-bahannya. Tuang kedalam baskom mixer bahan A kecuali susu cair full cream ya. Mixer dengan kecepatan tinggi, tuang bahan cair (susu cair full cream) secara bertahap.', 'images': ['https://img-global.cpcdn.com/steps/bf2f00efb7913002/400x400cq80/photo.jpg', 'https://img-global.cpcdn.com/steps/528e46ec37c785b9/400x400cq80/photo.jpg', 'https://img-global.cpcdn.com/steps/e05cfb21355831b7/400x400cq80/photo.jpg']}, {'text': 'Mixer hingga setengah kalis. Jika dirasa sudah setengah kalis, tambahkan bahan B. Lanjut mixer hingga kalis elastis.', 'images': ['https://img-global.cpcdn.com/steps/41a4f74b94af1e36/400x400cq80/photo.jpg', 'https://img-global.cpcdn.com/steps/075c82774d835bb2/400x400cq80/photo.jpg', 'https://img-global.cpcdn.com/steps/a00dd0c9c99e6951/400x400cq80/photo.jpg']}, {'text': 'Jika sudah kalis elastis, matikan mixer. Bagi adonan menjadi 2 bagian. 1 bagian tambahkan 4 tetes/ sesuai selera pewarna merah. Uleni menggunakan tangan atau uleni manual agar pewarna tercampur merata kedalam adonan.', 'images': ['https://img-global.cpcdn.com/steps/85e94c0d4b6f8b41/400x400cq80/photo.jpg', 'https://img-global.cpcdn.com/steps/9094a09f3624b63f/400x400cq80/photo.jpg']}, {'text': 'Timbang adonan (perbagian @39gr). Lakukan hingga selesai. Lalu rounding dan diamkan kurleb 20 menit.', 'images': ['https://img-global.cpcdn.com/steps/811080d68a97a5c4/400x400cq80/photo.jpg', 'https://img-global.cpcdn.com/steps/3e99d98eadaed263/400x400cq80/photo.jpg']}, {'text': 'Langkah selanjutnya adalah degassing. Mengeluarkan udara yg ada didlm adonan. Saya menggunakan alat cetakan donat dari kayu. Setelah itu melubangi tengahnya secara manual dengan tangan.', 'images': ['https://img-global.cpcdn.com/steps/697c9a80c07af4da/400x400cq80/photo.jpg', 'https://img-global.cpcdn.com/steps/7731291372a9a711/400x400cq80/photo.jpg', 'https://img-global.cpcdn.com/steps/302f5a0ea182f53c/400x400cq80/photo.jpg']}, {'text': 'Nanti hasilnya seperti ini yaa. Lakukan hingga selesai. Selanjutnya, Proofing adonan hingga mengembang 2x lipat.', 'images': ['https://img-global.cpcdn.com/steps/bd1842526399f32a/400x400cq80/photo.jpg', 'https://img-global.cpcdn.com/steps/6ff1f812bdf26a09/400x400cq80/photo.jpg']}, {'text': 'Setelah dirasa mengembang 2x lipat. Panaskan minyak, tunggu hingga bener2 panas. Lalu goreng donat. Menggorengnya jangan dibolak balik berkali2 yaa. Cukup 1 sisi bagian dirasa sudah golden brown, lalu balik dan 1 sisi bagian selanjutnya golden brown, donat siap untuk diangkat.', 'images': ['https://img-global.cpcdn.com/steps/6212cf5b5d5c9dc1/400x400cq80/photo.jpg', 'https://img-global.cpcdn.com/steps/4acaa8edbe38cfe8/400x400cq80/photo.jpg']}, {'text': 'Goreng hingga adonan habis. Diamkan donat hingga dingin. Lalu mulai untuk menopping donat sesuai selera. Sy toppingnya pakai dcc putih + keju yaa bund. Boleh juga pake coklat glaze. Pokoknya sesuai selera bunda.', 'images': ['https://img-global.cpcdn.com/steps/ad08ab64374b7480/400x400cq80/photo.jpg', 'https://img-global.cpcdn.com/steps/e9818db668060af9/400x400cq80/photo.jpg', 'https://img-global.cpcdn.com/steps/3b9f1f292dde200f/400x400cq80/photo.jpg']}, {'text': 'Bisa juga ditopping dengan gula halus. Taraaaaaa, donat kentang merdeka siap untuk dinikmati. Cocok untuk temen ngopi atau ngeteh Selamat mencoba bund ', 'images': ['https://img-global.cpcdn.com/steps/d414b8833e8bcce6/400x400cq80/photo.jpg', 'https://img-global.cpcdn.com/steps/1bcbd251bda235f0/400x400cq80/photo.jpg', 'https://img-global.cpcdn.com/steps/6e2b2fc82ff56a35/400x400cq80/photo.jpg']}]","Siapkan bahan-bahannya. Tuang kedalam baskom mixer bahan A kecuali susu cair full cream ya. Mixer dengan kecepatan tinggi, tuang bahan cair (susu cair full cream) secara bertahap., Mixer hingga setengah kalis. Jika dirasa sudah setengah kalis, tambahkan bahan B. Lanjut mixer hingga kalis elastis., Jika sudah kalis elastis, matikan mixer. Bagi adonan menjadi 2 bagian. 1 bagian tambahkan 4 tetes/ sesuai selera pewarna merah. Uleni menggunakan tangan atau uleni manual agar pewarna tercampur merata kedalam adonan., Timbang adonan (perbagian @39gr). Lakukan hingga selesai. Lalu rounding dan diamkan kurleb 20 menit., Langkah selanjutnya adalah degassing. Mengeluarkan udara yg ada didlm adonan. Saya menggunakan alat cetakan donat dari kayu. Setelah itu melubangi tengahnya secara manual dengan tangan., Nanti hasilnya seperti ini yaa. Lakukan hingga selesai. Selanjutnya, Proofing adonan hingga mengembang 2x lipat., Setelah dirasa mengembang 2x lipat. Panaskan minyak, tunggu hingga bener2 panas. Lalu goreng donat. Menggorengnya jangan dibolak balik berkali2 yaa. Cukup 1 sisi bagian dirasa sudah golden brown, lalu balik dan 1 sisi bagian selanjutnya golden brown, donat siap untuk diangkat., Goreng hingga adonan habis. Diamkan donat hingga dingin. Lalu mulai untuk menopping donat sesuai selera. Sy toppingnya pakai dcc putih + keju yaa bund. Boleh juga pake coklat glaze. Pokoknya sesuai selera bunda., Bisa juga ditopping dengan gula halus. Taraaaaaa, donat kentang merdeka siap untuk dinikmati. Cocok untuk temen ngopi atau ngeteh Selamat mencoba bund","tepung protein tinggi cakra kembar, tepung protein seg biru, susu bubuk, gula pasir, ragi instan, kentang kukus, susu full cream, mentega, garam, tetes pewarna merah, minyak goreng donat, putih, keju","donat Donat Kentang Merdeka Bahan tepung protein tinggi cakra kembar, tepung protein seg biru, susu bubuk, gula pasir, ragi instan, kentang kukus, susu full cream, mentega, garam, tetes pewarna merah, minyak goreng donat, putih, keju Langkah-Langkah Siapkan bahan-bahannya. Tuang kedalam baskom mixer bahan A kecuali susu cair full cream ya. Mixer dengan kecepatan tinggi, tuang bahan cair (susu cair full cream) secara bertahap., Mixer hingga setengah kalis. Jika dirasa sudah setengah kalis, tambahkan bahan B. Lanjut mixer hingga kalis elastis., Jika sudah kalis elastis, matikan mixer. Bagi adonan menjadi 2 bagian. 1 bagian tambahkan 4 tetes/ sesuai selera pewarna merah. Uleni menggunakan tangan atau uleni manual agar pewarna tercampur merata kedalam adonan., Timbang adonan (perbagian @39gr). Lakukan hingga selesai. Lalu rounding dan diamkan kurleb 20 menit., Langkah selanjutnya adalah degassing. Mengeluarkan udara yg ada didlm adonan. Saya menggunakan alat cetakan donat dari kayu. Setelah itu melubangi tengahnya secara manual dengan tangan., Nanti hasilnya seperti ini yaa. Lakukan hingga selesai. Selanjutnya, Proofing adonan hingga mengembang 2x lipat., Setelah dirasa mengembang 2x lipat. Panaskan minyak, tunggu hingga bener2 panas. Lalu goreng donat. Menggorengnya jangan dibolak balik berkali2 yaa. Cukup 1 sisi bagian dirasa sudah golden brown, lalu balik dan 1 sisi bagian selanjutnya golden brown, donat siap untuk diangkat., Goreng hingga adonan habis. Diamkan donat hingga dingin. Lalu mulai untuk menopping donat sesuai selera. Sy toppingnya pakai dcc putih + keju yaa bund. Boleh juga pake coklat glaze. Pokoknya sesuai selera bunda., Bisa juga ditopping dengan gula halus. Taraaaaaa, donat kentang merdeka siap untuk dinikmati. Cocok untuk temen ngopi atau ngeteh Selamat mencoba bund"
resep-24981817,donat,https://cookpad.com/id/resep/24981817,Donat Pisang Wijen,https://img-global.cpcdn.com/recipes/6cfbc8861432a9dd/1200x630cq80/photo.jpg,"['250 g pisang (saya pakai pisang Saba Bandung frozen, 275 g)', '50 g gula pasir', '1/2 sdt vanila bubuk', '1/4 sdt garam halus', '100 g tepung ketan putih (saya: 190 g)', '5-10 tetes pewarna makanan kuning/oranye (optional)', 'Secukupnya wijen']","[{'text': 'Letakkan pisang di wadah dan hancurkan. (Aslinya pisang dikukus dulu ya. Tapi pisang saya udah matang banget)', 'images': ['https://img-global.cpcdn.com/steps/41a363808ea0e975/400x400cq80/photo.jpg']}, {'text': 'Campur dengan gula, vanila, garam, sampai rata dan gula larut. Lalu masukkan tepung ketan dan pewarna. Jumlah tepung sesuaikan dengan kelembaban pisangnya. Ulen sampai kalis.', 'images': ['https://img-global.cpcdn.com/steps/ffdbd5a06015bce5/400x400cq80/photo.jpg', 'https://img-global.cpcdn.com/steps/29260628ded3e818/400x400cq80/photo.jpg', 'https://img-global.cpcdn.com/steps/b2f46fe96c44bd7e/400x400cq80/photo.jpg']}, {'text': 'Bagi-bagi @ 50 g, dan bulatkan. Pipihkan, dan beri lubang. (sepertinya saya terlalu tipis nih . Bisa dipipihkan ukuran 6 cm saja, atau sesuai selera)', 'images': ['https://img-global.cpcdn.com/steps/f0545ddad0760d3e/400x400cq80/photo.jpg', 'https://img-global.cpcdn.com/steps/5ecbf1d96cf840cf/400x400cq80/photo.jpg']}, {'text': 'Sediakan air di mangkuk. Juga taruh secukupnya wijen di piring. Celup donat ke air, lalu masukkan ke wijen. Baluri rata dengan wijen. Lakukan sampai habis (donat boleh disimpan dulu di kulkas supaya lebih set).', 'images': ['https://img-global.cpcdn.com/steps/7d6b0cda5d9f8f8a/400x400cq80/photo.jpg', 'https://img-global.cpcdn.com/steps/c65212ec3e8ec190/400x400cq80/photo.jpg']}, {'text': 'Panaskan minyak, dan goreng. Balik jika donat sudah mengambang. Siap disajikan, hangat-hangat lebih enak..', 'images': ['https://img-global.cpcdn.com/steps/ca1eff528e79c16f/400x400cq80/photo.jpg']}]","Letakkan pisang di wadah dan hancurkan. (Aslinya pisang dikukus dulu ya. Tapi pisang saya udah matang banget), Campur dengan gula, vanila, garam, sampai rata dan gula larut. Lalu masukkan tepung ketan dan pewarna. Jumlah tepung sesuaikan dengan kelembaban pisangnya. Ulen sampai kalis., Bagi-bagi @ 50 g, dan bulatkan. Pipihkan, dan beri lubang. (sepertinya saya terlalu tipis nih . Bisa dipipihkan ukuran 6 cm saja, atau sesuai selera), Sediakan air di mangkuk. Juga taruh secukupnya wijen di piring. Celup donat ke air, lalu masukkan ke wijen. Baluri rata dengan wijen. Lakukan sampai habis (donat boleh disimpan dulu di kulkas supaya lebih set)., Panaskan minyak, dan goreng. Balik jika donat sudah mengambang. Siap disajikan, hangat-hangat lebih enak..","pisang s, gula pasir, vanila bubuk, garam, tepung ketan putih saya, tetes pewarna makanan kuningoranye, wijen","donat Donat Pisang Wijen Bahan pisang s, gula pasir, vanila bubuk, garam, tepung ketan putih saya, tetes pewarna makanan kuningoranye, wijen Langkah-Langkah Letakkan pisang di wadah dan hancurkan. (Aslinya pisang dikukus dulu ya. Tapi pisang saya udah matang banget), Campur dengan gula, vanila, garam, sampai rata dan gula larut. Lalu masukkan tepung ketan dan pewarna. Jumlah tepung sesuaikan dengan kelembaban pisangnya. Ulen sampai kalis., Bagi-bagi @ 50 g, dan bulatkan. Pipihkan, dan beri lubang. (sepertinya saya terlalu tipis nih . Bisa dipipihkan ukuran 6 cm saja, atau sesuai selera), Sediakan air di mangkuk. Juga taruh secukupnya wijen di piring. Celup donat ke air, lalu masukkan ke wijen. Baluri rata dengan wijen. Lakukan sampai habis (donat boleh disimpan dulu di kulkas supaya lebih set)., Panaskan minyak, dan goreng. Balik jika donat sudah mengambang. Siap disajikan, hangat-hangat lebih enak.."
resep-24982685,donat,https://cookpad.com/id/resep/24982685,Donat,https://img-global.cpcdn.com/recipes/468df0aa5fe65144/1200x630cq80/photo.jpg,"['250 gr terigu', '90 ml air', '1 sdt ragi', '2 sdm gula pasir', '1/2 sdt garam', '2 SDM mentega']","[{'text': 'Dalam wadah tuang semua bahan kecuali mentega dan garam', 'images': []}, {'text': 'Aduk adonan hingga 1/2 kalis', 'images': []}, {'text': 'Setelah 1/2 kalis tambahkan garam dan mentega aduk kembali hingga kalis', 'images': []}, {'text': 'Setelah kalis timbang adonan sesuai selera', 'images': []}, {'text': 'Selanjut nya bulatkan adonan baluri tepung', 'images': []}, {'text': 'Lanjut resting sebentar selama kurang lebih 15 menit', 'images': []}, {'text': 'Setelah 15 menit ambil 1 adonan pipihkan atau di tekan tekan kemudian bolongi tengah nya lanjut baluri kembali dengan tepung, lakukan hingga adonan habis', 'images': []}, {'text': 'Selanjut nya resting kembali selama 30 menit atau sesuaikan dengan suhu di ruangan masing masing', 'images': []}, {'text': 'Setelah 30 menit goreng adonan dengan api sedang agak kecil, saya mengunakan tehnik satu kali balik saja, kalau sudah matang boleh di angkat', 'images': []}]","Dalam wadah tuang semua bahan kecuali mentega dan garam, Aduk adonan hingga 1/2 kalis, Setelah 1/2 kalis tambahkan garam dan mentega aduk kembali hingga kalis, Setelah kalis timbang adonan sesuai selera, Selanjut nya bulatkan adonan baluri tepung, Lanjut resting sebentar selama kurang lebih 15 menit, Setelah 15 menit ambil 1 adonan pipihkan atau di tekan tekan kemudian bolongi tengah nya lanjut baluri kembali dengan tepung, lakukan hingga adonan habis, Selanjut nya resting kembali selama 30 menit atau sesuaikan dengan suhu di ruangan masing masing, Setelah 30 menit goreng adonan dengan api sedang agak kecil, saya mengunakan tehnik satu kali balik saja, kalau sudah matang boleh di angkat","terigu, air, ragi, gula pasir, garam, mentega","donat Donat Bahan terigu, air, ragi, gula pasir, garam, mentega Langkah-Langkah Dalam wadah tuang semua bahan kecuali mentega dan garam, Aduk adonan hingga 1/2 kalis, Setelah 1/2 kalis tambahkan garam dan mentega aduk kembali hingga kalis, Setelah kalis timbang adonan sesuai selera, Selanjut nya bulatkan adonan baluri tepung, Lanjut resting sebentar selama kurang lebih 15 menit, Setelah 15 menit ambil 1 adonan pipihkan atau di tekan tekan kemudian bolongi tengah nya lanjut baluri kembali dengan tepung, lakukan hingga adonan habis, Selanjut nya resting kembali selama 30 menit atau sesuaikan dengan suhu di ruangan masing masing, Setelah 30 menit goreng adonan dengan api sedang agak kecil, saya mengunakan tehnik satu kali balik saja, kalau sudah matang boleh di angkat"
resep-24953889,siomay,https://cookpad.com/id/resep/24953889,Siomay,https://img-global.cpcdn.com/recipes/c1c838715edc4cc6/1200x630cq80/photo.jpg,"['200 gram ayam fillet, bagian paha, haluskan', '100 gram udang, haluskan', '200 gram ikan tenggiri, haluskan', '1 buah labu siam, ukuran kecil. Parut halus, peras saring', '4 siung bawang putih, haluskan', '3 batang daun bawang. Iris halus, tumis dengan sedikit minyak', '1 butir telur', '1/2 sdt merica', '2 sdm gula pasir', '2 sdt garam', '1 sdm kecap asin', '3 sdm minyak goreng', '170 ml air es', '220 gram tepung tapioka', '40 gram terigu protein sedang', '100 gram kacang tanah goreng', '5 siung bawang putih, iris-iris', '7 siung bawang merah, iris-iris', '3 butir kemiri, geprek', '5 biji cabe merah, potong-potong', '80 gram gula merah', '2 lembar daun jeruk', '500 ml air', '3 sdm saos sambal', '1 sdm tepung beras, larutkan dengan sedikit air', '1 sdt garam', '80 ml minyak']","[{'text': 'Untuk siomay, campur semua bahan kemudian aduk rata.', 'images': ['https://img-global.cpcdn.com/steps/241c55d849acb4a3/400x400cq80/photo.jpg', 'https://img-global.cpcdn.com/steps/8c61d21cdfda5577/400x400cq80/photo.jpg', 'https://img-global.cpcdn.com/steps/b2c563d6b124c42e/400x400cq80/photo.jpg']}, {'text': 'Ambil 1sdm adonan, tata di atas daun pisang yang sudah dioles dengan sedikit minyak. Bentuk dengan bantuan garpu yang ditarik berulang dari arah samping ke atas. Kukus hingga matang selama kurang lebih 20menit.', 'images': ['https://img-global.cpcdn.com/steps/5e12e655e56ba348/400x400cq80/photo.jpg']}, {'text': 'Untuk bahan saus kacang. Tumis bawang merah, bawang putih, dan kemiri dengan sedikit minyak. Masukkan cabe rawit. Tumis sebentar, lalu matikan apinya.', 'images': ['https://img-global.cpcdn.com/steps/4c5a0e00f92eb23c/400x400cq80/photo.jpg']}, {'text': 'Pindahkan dalam blender, lalu tambahkan kacang, beri sedikit air. Haluskan.', 'images': ['https://img-global.cpcdn.com/steps/7515b02390ec85f1/400x400cq80/photo.jpg']}, {'text': 'Tuang kembali dalam panci, lalu masak sambil terus diaduk. Tambahkan gula merah, daun jeruk, saos sambal, garam, minyak, dan larutan tepung beras. Aduk terus hingga matang. Koreksi rasa.', 'images': ['https://img-global.cpcdn.com/steps/814f18eaa451e0a5/400x400cq80/photo.jpg', 'https://img-global.cpcdn.com/steps/45dcf73f0719c8f4/400x400cq80/photo.jpg', 'https://img-global.cpcdn.com/steps/d13a1032d8fad7eb/400x400cq80/photo.jpg']}]","Untuk siomay, campur semua bahan kemudian aduk rata., Ambil 1sdm adonan, tata di atas daun pisang yang sudah dioles dengan sedikit minyak. Bentuk dengan bantuan garpu yang ditarik berulang dari arah samping ke atas. Kukus hingga matang selama kurang lebih 20menit., Untuk bahan saus kacang. Tumis bawang merah, bawang putih, dan kemiri dengan sedikit minyak. Masukkan cabe rawit. Tumis sebentar, lalu matikan apinya., Pindahkan dalam blender, lalu tambahkan kacang, beri sedikit air. Haluskan., Tuang kembali dalam panci, lalu masak sambil terus diaduk. Tambahkan gula merah, daun jeruk, saos sambal, garam, minyak, dan larutan tepung beras. Aduk terus hingga matang. Koreksi rasa.","ayam fillet bagian paha, ikan tenggiri, labu siam peras saring, bawang putih, daun bawang, telur, merica, gula pasir, garam, kecap asin, minyak goreng, air es, tepung tapioka, terigu protein seg, kacang tanah goreng, bawang putih, bawang merah, kemiri, biji cabe merah, gula merah, daun jeruk, air, saos sambal, tepung beras, garam, minyak","siomay Siomay Bahan ayam fillet bagian paha, ikan tenggiri, labu siam peras saring, bawang putih, daun bawang, telur, merica, gula pasir, garam, kecap asin, minyak goreng, air es, tepung tapioka, terigu protein seg, kacang tanah goreng, bawang putih, bawang merah, kemiri, biji cabe merah, gula merah, daun jeruk, air, saos sambal, tepung beras, garam, minyak Langkah-Langkah Untuk siomay, campur semua bahan kemudian aduk rata., Ambil 1sdm adonan, tata di atas daun pisang yang sudah dioles dengan sedikit minyak. Bentuk dengan bantuan garpu yang ditarik berulang dari arah samping ke atas. Kukus hingga matang selama kurang lebih 20menit., Untuk bahan saus kacang. Tumis bawang merah, bawang putih, dan kemiri dengan sedikit minyak. Masukkan cabe rawit. Tumis sebentar, lalu matikan apinya., Pindahkan dalam blender, lalu tambahkan kacang, beri sedikit air. Haluskan., Tuang kembali dalam panci, lalu masak sambil terus diaduk. Tambahkan gula merah, daun jeruk, saos sambal, garam, minyak, dan larutan tepung beras. Aduk terus hingga matang. Koreksi rasa."
resep-24977202,siomay,https://cookpad.com/id/resep/24977202,Kulit Siomay Dimsum,https://img-global.cpcdn.com/recipes/e26aa40e2ef09ca4/1200x630cq80/photo.jpg,"['250 g Tepung terigu protein sedang', '1 SDM tepung tapioka', '1/2 SDT garam', '1 SDM Minyak goreng', '150-180 ml Air panas baru mendidih', 'Secukupnya tepung maizena untuk taburan']","[{'text': 'Siapkan bahan. Rebus air hingga mendidih lalu matikan & takar di gelas ukur. Ayak terigu, tapioka, garam.', 'images': ['https://img-global.cpcdn.com/steps/d5badf6f0bb80aa4/400x400cq80/photo.jpg', 'https://img-global.cpcdn.com/steps/0cc25f3c49d33278/400x400cq80/photo.jpg']}, {'text': 'Tuang minyak ke adonan. Aduk rata. Tuangkan air panas sedikit-sedikit sambil terus diaduk pake sendok/garpu/spatula hingga bergerindil. Lanjut uleni dengan tangan.', 'images': ['https://img-global.cpcdn.com/steps/40c8b212ff1fd2fe/400x400cq80/photo.jpg', 'https://img-global.cpcdn.com/steps/6d4b19f94e5ca347/400x400cq80/photo.jpg', 'https://img-global.cpcdn.com/steps/1238ff6ddaa0bed6/400x400cq80/photo.jpg']}, {'text': 'Uleni dengan tangan hingga tidak lengket, cukup kalis & bersatu. Ga musti kalis mulus ya. Yang penting udah ga lengket ditangan aja. Tutup adonan dengan plastick wrap & lap. Diamkan 30 menit. Buka adonan. Uleni lagi sekitar 5 menitan. Saya bagi adonan menjadi 2 bagian. Satu bagian saya beri warna merah. Uleni kembali untuk adonan merah hingga warna merata.', 'images': ['https://img-global.cpcdn.com/steps/509f77e290df8ee7/400x400cq80/photo.jpg', 'https://img-global.cpcdn.com/steps/f406e0526be26a53/400x400cq80/photo.jpg', 'https://img-global.cpcdn.com/steps/6707eee20dc81881/400x400cq80/photo.jpg']}, {'text': 'Ambil secukupnya adonan. Pipihkan dengan rolling pin. Klo punya gilingan pasta bisa pake. Gilas adonan hingga tipis sesuai selera lalu cetak. Beri maizena di sela2 kulit agar tidak menempel.', 'images': ['https://img-global.cpcdn.com/steps/3f0353bcf1e003c6/400x400cq80/photo.jpg', 'https://img-global.cpcdn.com/steps/6adbd36f2b9fb2fe/400x400cq80/photo.jpg']}, {'text': 'Kulit siomay siap digunakan. Atau bungkus dengan plastik wrap rapat & masukkan ke wadah tupperware kedap udara. Bisa disimpan dikulkas 3 hari. Di freezer 2 mingguan. Selamat mencoba..', 'images': ['https://img-global.cpcdn.com/steps/1957791e66c92ec2/400x400cq80/photo.jpg', 'https://img-global.cpcdn.com/steps/cca4ea65f0786ed2/400x400cq80/photo.jpg']}]","Siapkan bahan. Rebus air hingga mendidih lalu matikan & takar di gelas ukur. Ayak terigu, tapioka, garam., Tuang minyak ke adonan. Aduk rata. Tuangkan air panas sedikit-sedikit sambil terus diaduk pake sendok/garpu/spatula hingga bergerindil. Lanjut uleni dengan tangan., Uleni dengan tangan hingga tidak lengket, cukup kalis & bersatu. Ga musti kalis mulus ya. Yang penting udah ga lengket ditangan aja. Tutup adonan dengan plastick wrap & lap. Diamkan 30 menit. Buka adonan. Uleni lagi sekitar 5 menitan. Saya bagi adonan menjadi 2 bagian. Satu bagian saya beri warna merah. Uleni kembali untuk adonan merah hingga warna merata., Ambil secukupnya adonan. Pipihkan dengan rolling pin. Klo punya gilingan pasta bisa pake. Gilas adonan hingga tipis sesuai selera lalu cetak. Beri maizena di sela2 kulit agar tidak menempel., Kulit siomay siap digunakan. Atau bungkus dengan plastik wrap rapat & masukkan ke wadah tupperware kedap udara. Bisa disimpan dikulkas 3 hari. Di freezer 2 mingguan. Selamat mencoba..","tepung terigu protein seg, tepung tapioka, garam, minyak goreng, air panas, tepung maizena","siomay Kulit Siomay Dimsum Bahan tepung terigu protein seg, tepung tapioka, garam, minyak goreng, air panas, tepung maizena Langkah-Langkah Siapkan bahan. Rebus air hingga mendidih lalu matikan & takar di gelas ukur. Ayak terigu, tapioka, garam., Tuang minyak ke adonan. Aduk rata. Tuangkan air panas sedikit-sedikit sambil terus diaduk pake sendok/garpu/spatula hingga bergerindil. Lanjut uleni dengan tangan., Uleni dengan tangan hingga tidak lengket, cukup kalis & bersatu. Ga musti kalis mulus ya. Yang penting udah ga lengket ditangan aja. Tutup adonan dengan plastick wrap & lap. Diamkan 30 menit. Buka adonan. Uleni lagi sekitar 5 menitan. Saya bagi adonan menjadi 2 bagian. Satu bagian saya beri warna merah. Uleni kembali untuk adonan merah hingga warna merata., Ambil secukupnya adonan. Pipihkan dengan rolling pin. Klo punya gilingan pasta bisa pake. Gilas adonan hingga tipis sesuai selera lalu cetak. Beri maizena di sela2 kulit agar tidak menempel., Kulit siomay siap digunakan. Atau bungkus dengan plastik wrap rapat & masukkan ke wadah tupperware kedap udara. Bisa disimpan dikulkas 3 hari. Di freezer 2 mingguan. Selamat mencoba.."
resep-24977793,siomay,https://cookpad.com/id/resep/24977793,Siomay Ayam Bandung Bumbu Kacang,https://img-global.cpcdn.com/recipes/4d9d947fe1b871e0/1200x630cq80/photo.jpg,"['500 gr ayam paha fillet', '90 gr labu siam (berat setelah diperas) - aku skip', '30 gr putih telur (setara 1 pcs putih telur)', '170 ml es batu / air es', '5 siung bawang putih', '3 batang daun bawang, iris tipis', '2 sdm kecap ikan', '2 sdm gula pasir', '2 sdt garam', '2 sdt penyedap / kaldu ayam bubuk', '1/2 sdt lada', '220 gr tepung tapioka', '40 gr tepung protein sedang', 'Secukupnya kulit dimsum / pangsit / siomay', '100 gr kacang tanah, goreng', 'Secukupnya minyak goreng, untuk menggoreng', '7 siung bawang merah', '5 siung bawang putih', '10 pcs cabe merah keriting', '3 pcs kemiri', '2 pcs cabe rawit merah', '80 ml minyak', '80 gr gula merah', '3 sdm air asam jawa', '1 sdm kecap manis', '1 sdt garam', '3 lembar daun jeruk', '3 sdm saus sambal', '550 ml air', '1 sdm tepung beras']","[{'text': 'Siapkan semua bahan A.', 'images': ['https://img-global.cpcdn.com/steps/f02df2a7a5a866da/400x400cq80/photo.jpg', 'https://img-global.cpcdn.com/steps/56b5d2aa2c3b6cf1/400x400cq80/photo.jpg', 'https://img-global.cpcdn.com/steps/d917900d5b2477ea/400x400cq80/photo.jpg']}, {'text': 'Haluskan bawang putih dengan chopper.', 'images': ['https://img-global.cpcdn.com/steps/b88078f0af1137dc/400x400cq80/photo.jpg', 'https://img-global.cpcdn.com/steps/b3f1596e83a36e90/400x400cq80/photo.jpg']}, {'text': 'Dengan chopper yang tadi ada bawang putih halusnya, masukkan ayam fillet, es batu dan putih telur. Setelah sudah halus, pindahkan ke bowl.', 'images': ['https://img-global.cpcdn.com/steps/16bc1dfa7daf2d8d/400x400cq80/photo.jpg', 'https://img-global.cpcdn.com/steps/722d298dec1695e0/400x400cq80/photo.jpg', 'https://img-global.cpcdn.com/steps/697047b9bc56775a/400x400cq80/photo.jpg']}, {'text': 'Tambahkan semua bahan seasoning, aduk rata.', 'images': ['https://img-global.cpcdn.com/steps/0198747cf019f438/400x400cq80/photo.jpg']}, {'text': 'Tambahkan juga semua bahan tepung untuk siomay (tepung tapioka dan tepung terigu protein sedang). Aduk rata.', 'images': ['https://img-global.cpcdn.com/steps/6377f652f34e9284/400x400cq80/photo.jpg', 'https://img-global.cpcdn.com/steps/c4ff200d86cb4e08/400x400cq80/photo.jpg']}, {'text': 'Bentuk adonan siomay sesuai selera, aku bentuk bulat ukuran sedang. Kukus selama 20 menit atau sampai matang. Aku juga buat yang dibungkus dengan kulit siomay.', 'images': ['https://img-global.cpcdn.com/steps/fe8da749ca12ccc2/400x400cq80/photo.jpg', 'https://img-global.cpcdn.com/steps/22939e43c3d46b3e/400x400cq80/photo.jpg']}, {'text': 'Sambil menunggu siomay dikukus. Siapkan bumbu kacang. Goreng kacang tanah sampai kecoklatan, tiriskan. Haluskan (dengan chopper atau ulekan, bebas).', 'images': ['https://img-global.cpcdn.com/steps/5fb21c7367f111a5/400x400cq80/photo.jpg', 'https://img-global.cpcdn.com/steps/0a1178269132d6a6/400x400cq80/photo.jpg', 'https://img-global.cpcdn.com/steps/9a14ad3d14952a77/400x400cq80/photo.jpg']}, {'text': 'Blender semua bumbu halus untuk bumbu kacang dengan sedikit minyak. Tumis sampai harum.', 'images': ['https://img-global.cpcdn.com/steps/aa9423f4c686760f/400x400cq80/photo.jpg', 'https://img-global.cpcdn.com/steps/e1f673aabcfaa48b/400x400cq80/photo.jpg', 'https://img-global.cpcdn.com/steps/602eba6eb29d84f8/400x400cq80/photo.jpg']}, {'text': 'Tambahkan semua bahan bumbu kacang untuk seasoning. Aduk rata. Tambahkan juga 550 air, dan tepung beras. Masak sampai kental, mendidih, matikan api.', 'images': ['https://img-global.cpcdn.com/steps/21b3239a4d4ebd2a/400x400cq80/photo.jpg', 'https://img-global.cpcdn.com/steps/19eab63fb8cc605a/400x400cq80/photo.jpg', 'https://img-global.cpcdn.com/steps/167800e546dfde63/400x400cq80/photo.jpg']}, {'text': 'Sajikan siomay yang sudah dikukus dengan bumbu kacang, tambahkan kecap manis dan saus sambal sesuai selera.', 'images': ['https://img-global.cpcdn.com/steps/9547c3794e10cfa6/400x400cq80/photo.jpg', 'https://img-global.cpcdn.com/steps/6fa49f0f7f5647d0/400x400cq80/photo.jpg']}]","Siapkan semua bahan A., Haluskan bawang putih dengan chopper., Dengan chopper yang tadi ada bawang putih halusnya, masukkan ayam fillet, es batu dan putih telur. Setelah sudah halus, pindahkan ke bowl., Tambahkan semua bahan seasoning, aduk rata., Tambahkan juga semua bahan tepung untuk siomay (tepung tapioka dan tepung terigu protein sedang). Aduk rata., Bentuk adonan siomay sesuai selera, aku bentuk bulat ukuran sedang. Kukus selama 20 menit atau sampai matang. Aku juga buat yang dibungkus dengan kulit siomay., Sambil menunggu siomay dikukus. Siapkan bumbu kacang. Goreng kacang tanah sampai kecoklatan, tiriskan. Haluskan (dengan chopper atau ulekan, bebas)., Blender semua bumbu halus untuk bumbu kacang dengan sedikit minyak. Tumis sampai harum., Tambahkan semua bahan bumbu kacang untuk seasoning. Aduk rata. Tambahkan juga 550 air, dan tepung beras. Masak sampai kental, mendidih, matikan api., Sajikan siomay yang sudah dikukus dengan bumbu kacang, tambahkan kecap manis dan saus sambal sesuai selera.","ayam paha fillet, labu siam berat, putih telur, es batu air es, bawang putih, daun bawang iris, kecap ikan, gula pasir, garam, kaldu ayam bubuk, lada, tepung tapioka, tepung protein seg, kulit dimsum pangsit siomay, kacang tanah goreng, minyak goreng, bawang merah, bawang putih, cabe merah keriting, kemiri, cabe rawit merah, minyak, gula merah, air asam jawa, kecap manis, garam, daun jeruk, saus sambal, air, tepung beras","siomay Siomay Ayam Bandung Bumbu Kacang Bahan ayam paha fillet, labu siam berat, putih telur, es batu air es, bawang putih, daun bawang iris, kecap ikan, gula pasir, garam, kaldu ayam bubuk, lada, tepung tapioka, tepung protein seg, kulit dimsum pangsit siomay, kacang tanah goreng, minyak goreng, bawang merah, bawang putih, cabe merah keriting, kemiri, cabe rawit merah, minyak, gula merah, air asam jawa, kecap manis, garam, daun jeruk, saus sambal, air, tepung beras Langkah-Langkah Siapkan semua bahan A., Haluskan bawang putih dengan chopper., Dengan chopper yang tadi ada bawang putih halusnya, masukkan ayam fillet, es batu dan putih telur. Setelah sudah halus, pindahkan ke bowl., Tambahkan semua bahan seasoning, aduk rata., Tambahkan juga semua bahan tepung untuk siomay (tepung tapioka dan tepung terigu protein sedang). Aduk rata., Bentuk adonan siomay sesuai selera, aku bentuk bulat ukuran sedang. Kukus selama 20 menit atau sampai matang. Aku juga buat yang dibungkus dengan kulit siomay., Sambil menunggu siomay dikukus. Siapkan bumbu kacang. Goreng kacang tanah sampai kecoklatan, tiriskan. Haluskan (dengan chopper atau ulekan, bebas)., Blender semua bumbu halus untuk bumbu kacang dengan sedikit minyak. Tumis sampai harum., Tambahkan semua bahan bumbu kacang untuk seasoning. Aduk rata. Tambahkan juga 550 air, dan tepung beras. Masak sampai kental, mendidih, matikan api., Sajikan siomay yang sudah dikukus dengan bumbu kacang, tambahkan kecap manis dan saus sambal sesuai selera."
resep-24940916,siomay,https://cookpad.com/id/resep/24940916,Siomay Ayam Tahu Bayam Brazil,https://img-global.cpcdn.com/recipes/ee522f22d6a1ac64/1200x630cq80/photo.jpg,"['200 gr Fillet Ayam', '2 bh Tahu Putih', '1 sdm Bawang Goreng', '3 Siung Bawang Putih', '1 genggam Bayam Brazil', '1 btr Telur Ayam', '1 sdm Tepung Maizena', '2 sdm Tepung Tapioka', '2 sdm Saos Tiram', '1 sdm Kecap Inggris', '1 sdt Lada bubuk', 'secukupnya Gula, Garam, Kaldu Jamur', 'secukupnya Kulit Dinsum']","[{'text': 'Haluskan bahan kecuali Tahu dan Daun Bayam Brazil dengan Chopper sampai halus.', 'images': ['https://img-global.cpcdn.com/steps/7f9c43fdef9f0678/400x400cq80/photo.jpg', 'https://img-global.cpcdn.com/steps/7fe1da2451172346/400x400cq80/photo.jpg']}, {'text': 'Masukkan irisan Bayam Brazil dan juga Tahu, aduk rata. Koreksi rasanya.', 'images': ['https://img-global.cpcdn.com/steps/80c51c2bc012cc1b/400x400cq80/photo.jpg', 'https://img-global.cpcdn.com/steps/2aca2d2452ab611c/400x400cq80/photo.jpg', 'https://img-global.cpcdn.com/steps/569c4046c885fedf/400x400cq80/photo.jpg']}, {'text': 'Siapkan Kulit Dinsum, basahi permukaannya dengan air kemudian isi dengan adonan. Cubit2 bagian tepinya dan rapikan. Lakukan sampai selesai.', 'images': ['https://img-global.cpcdn.com/steps/89a9bdd4d99dba11/400x400cq80/photo.jpg', 'https://img-global.cpcdn.com/steps/f64eaa7699fe31d9/400x400cq80/photo.jpg', 'https://img-global.cpcdn.com/steps/d19daaf7fb9083fa/400x400cq80/photo.jpg']}, {'text': 'Kukus dalam dandang panas selama ±25 menit, angkat dan dinginkan.', 'images': ['https://img-global.cpcdn.com/steps/3739a4d4b2164164/400x400cq80/photo.jpg', 'https://img-global.cpcdn.com/steps/7208bbd166d30dbd/400x400cq80/photo.jpg', 'https://img-global.cpcdn.com/steps/bc271472abad41d5/400x400cq80/photo.jpg']}, {'text': 'Alhamdulillah sudah jadi Cemilan.', 'images': ['https://img-global.cpcdn.com/steps/6856366d7db8dbda/400x400cq80/photo.jpg', 'https://img-global.cpcdn.com/steps/701c3ec9c5819172/400x400cq80/photo.jpg', 'https://img-global.cpcdn.com/steps/673d33614d7d634c/400x400cq80/photo.jpg']}]","Haluskan bahan kecuali Tahu dan Daun Bayam Brazil dengan Chopper sampai halus., Masukkan irisan Bayam Brazil dan juga Tahu, aduk rata. Koreksi rasanya., Siapkan Kulit Dinsum, basahi permukaannya dengan air kemudian isi dengan adonan. Cubit2 bagian tepinya dan rapikan. Lakukan sampai selesai., Kukus dalam dandang panas selama ±25 menit, angkat dan dinginkan., Alhamdulillah sudah jadi Cemilan.","fillet ayam, tahu putih, bawang goreng, bawang putih, bayam brazil, telur ayam, tepung maizena, tepung tapioka, saos tiram, kecap inggris, lada bubuk, gula garam kaldu jamur, kulit dinsum","siomay Siomay Ayam Tahu Bayam Brazil Bahan fillet ayam, tahu putih, bawang goreng, bawang putih, bayam brazil, telur ayam, tepung maizena, tepung tapioka, saos tiram, kecap inggris, lada bubuk, gula garam kaldu jamur, kulit dinsum Langkah-Langkah Haluskan bahan kecuali Tahu dan Daun Bayam Brazil dengan Chopper sampai halus., Masukkan irisan Bayam Brazil dan juga Tahu, aduk rata. Koreksi rasanya., Siapkan Kulit Dinsum, basahi permukaannya dengan air kemudian isi dengan adonan. Cubit2 bagian tepinya dan rapikan. Lakukan sampai selesai., Kukus dalam dandang panas selama ±25 menit, angkat dan dinginkan., Alhamdulillah sudah jadi Cemilan."
resep-24951590,siomay,https://cookpad.com/id/resep/24951590,Siomay,https://img-global.cpcdn.com/recipes/e18d9c2d0913669f/1200x630cq80/photo.jpg,"['5 btr telur', '1/2 kg kentang', '1 bh kol utuh', '14 bh tahu', '200 gr terigu', '1 sachet Royco Ayam', '1 sdt garam', '5 siung bawang putih, dihaluskan', '1,5 gelas belimbing air', '200 gr tapioka', '1/4 kg kacang tanah', '1 sdt garam', '5 siung bawang putih', '50 gr gula merah', '600-800 ml air rebusan aci']","[{'text': 'Aci siomay : campurkan terigu, Royco, garam, bawang putih halus dan air. Aduk rata. Panaskan di atas kompor sambil diaduk sampai mengental. Matikan api, masukkan tapioka, aduk rata. Didihkan air, ambil secukupnya aci lalu bulatkan dengan sendok dan masukkan ke rebusan air. Biarkan aci mengapung dengan sendirinya. Lakukan sampai adonan habis. Angkat aci yang sudah mengapung dan bilas dengan air dingin agar tidak lengket. Tiriskan. Sisa air rebusan aci untuk mblender bumbu kacang', 'images': ['https://img-global.cpcdn.com/steps/72ed5a29d98a7e15/400x400cq80/photo.jpg', 'https://img-global.cpcdn.com/steps/63a6e1fdfe5437dd/400x400cq80/photo.jpg', 'https://img-global.cpcdn.com/steps/5b7033624d5f507a/400x400cq80/photo.jpg']}, {'text': 'Bumbu kacang : campur semua bahan bumbu kacang lalu blender sampai halus. Tumis sebentar untuk mematangkan bawangnya agar tidak bau langu', 'images': ['https://img-global.cpcdn.com/steps/1e749d5a4f9a89c3/400x400cq80/photo.jpg']}, {'text': 'Tata kentang yang sudah dipotong-potong, tahu, telur, aci, kol yang sudah direndam air panas dan dilipat gulung. Kukus sampai matang. Sajikan siomay dengan pelengkap sambal, saos, kecap, pilus dll', 'images': ['https://img-global.cpcdn.com/steps/20b2a1f348257c77/400x400cq80/photo.jpg', 'https://img-global.cpcdn.com/steps/e63b0fe5cb6cc512/400x400cq80/photo.jpg', 'https://img-global.cpcdn.com/steps/04eb8dcc0820f3b8/400x400cq80/photo.jpg']}]","Aci siomay : campurkan terigu, Royco, garam, bawang putih halus dan air. Aduk rata. Panaskan di atas kompor sambil diaduk sampai mengental. Matikan api, masukkan tapioka, aduk rata. Didihkan air, ambil secukupnya aci lalu bulatkan dengan sendok dan masukkan ke rebusan air. Biarkan aci mengapung dengan sendirinya. Lakukan sampai adonan habis. Angkat aci yang sudah mengapung dan bilas dengan air dingin agar tidak lengket. Tiriskan. Sisa air rebusan aci untuk mblender bumbu kacang, Bumbu kacang : campur semua bahan bumbu kacang lalu blender sampai halus. Tumis sebentar untuk mematangkan bawangnya agar tidak bau langu, Tata kentang yang sudah dipotong-potong, tahu, telur, aci, kol yang sudah direndam air panas dan dilipat gulung. Kukus sampai matang. Sajikan siomay dengan pelengkap sambal, saos, kecap, pilus dll","telur, kentang, kol utuh, tahu, terigu, royco ayam, garam, bawang putih, belimbing air, tapioka, kacang tanah, garam, bawang putih, gula merah, air rebusan aci","siomay Siomay Bahan telur, kentang, kol utuh, tahu, terigu, royco ayam, garam, bawang putih, belimbing air, tapioka, kacang tanah, garam, bawang putih, gula merah, air rebusan aci Langkah-Langkah Aci siomay : campurkan terigu, Royco, garam, bawang putih halus dan air. Aduk rata. Panaskan di atas kompor sambil diaduk sampai mengental. Matikan api, masukkan tapioka, aduk rata. Didihkan air, ambil secukupnya aci lalu bulatkan dengan sendok dan masukkan ke rebusan air. Biarkan aci mengapung dengan sendirinya. Lakukan sampai adonan habis. Angkat aci yang sudah mengapung dan bilas dengan air dingin agar tidak lengket. Tiriskan. Sisa air rebusan aci untuk mblender bumbu kacang, Bumbu kacang : campur semua bahan bumbu kacang lalu blender sampai halus. Tumis sebentar untuk mematangkan bawangnya agar tidak bau langu, Tata kentang yang sudah dipotong-potong, tahu, telur, aci, kol yang sudah direndam air panas dan dilipat gulung. Kukus sampai matang. Sajikan siomay dengan pelengkap sambal, saos, kecap, pilus dll"
resep-24972387,risoles,https://cookpad.com/id/resep/24972387,Risoles Sat Set isi Sayuran,https://img-global.cpcdn.com/recipes/61cbf794a2be6d94/1200x630cq80/photo.jpg,"['15 sendok makan Tepung Terigu', '2 sendok makan Tepung Tapioka', '1 sachet Susu Dancow fullcream', '1 butir Telur Ayam', '1/4 sendok teh Garam', '2 sendok makan Minyak Goreng', '2 gelas Air / Secukup nya', '2 buah Kentang', '2 Buah Wortel', '200 ml Susu UHT full cream', '1 buah Telur Ayam', '3 buah Bawang Putih', '2 buah Bawang Merah', '1 sendok makan Tepung terigu/maizena untuk pengental/penyatu isian', '2 sendok makan tepung terigu untuk mencelupkan risoles yg sudah di gulung', '1/2 kg tepung roti/panir', '1 sendok teh kaldu ayam', '1/2 sendok teh lada bubuk']","[{'text': 'Masuk kan sebuah bahan-bahan kulit risoles kedalam wadah (kecuali minyak goreng), tambahkan air lalu diaduk sampai merata dan dicek kekentalan nya (jangan sampai terlalu kental dan encer juga).', 'images': []}, {'text': 'Setelah diaduk dan dicek kekentalan nya, lalu saring agar tidak ada terigu yang menggumpal. Setelah disaring, lalu masukkan 2 sendok minyak goreng.', 'images': []}, {'text': 'Lalu cetak di wajan anti lengket/teflon sampai adonan habis. Sisihkan ditempat yang bersih.', 'images': ['https://img-global.cpcdn.com/steps/bf0a539bc8ff2020/400x400cq80/photo.jpg']}, {'text': 'Potong-potong wortel dan kentang menjadi dadu kecil-kecil. Haluskan bamer dan baput.', 'images': []}, {'text': 'Panaskan wsjan dengan sedikit minyak goreng, masukkan perbawangan tumis hingga harum lalu masukkan kentang dan wortel lalu aduk-aduk, setelah itu masukkan susu uht kedalam wajan. Tunggu sampai menyusut susu nya dan wortel jg kentang sudah melunak', 'images': []}, {'text': 'Tambahkan kaldu ayam, dan lada bubuk. Cek rasa agar sudah sesuai dengan selera.', 'images': []}, {'text': 'Lalu tambahkan telor ayam kocok lepas lalu masukkan, apabila isian wortel dan kentang masih basah ada susu, masukkan 1 sendok tepung terigu/maizena agar isian mengental dan menyatu. Agar nanti pas di gulung tidak beleber. (Seperti di foto)', 'images': ['https://img-global.cpcdn.com/steps/9403f3db048a9f5b/400x400cq80/photo.jpg']}, {'text': 'Masukkan isiian risoles ke dalam kulit risoles, gulung-gulung, laku selesaikan sampai semua adonan dan isian habis.', 'images': []}, {'text': 'Lalu celupkan risoles ke dalam tepung terigu yang sudah dikasih air, angkat lalu gulirkan ke tepung roti.', 'images': []}, {'text': 'Goreng hingga kecoklatan', 'images': ['https://img-global.cpcdn.com/steps/a47db7674670104f/400x400cq80/photo.jpg']}]","Masuk kan sebuah bahan-bahan kulit risoles kedalam wadah (kecuali minyak goreng), tambahkan air lalu diaduk sampai merata dan dicek kekentalan nya (jangan sampai terlalu kental dan encer juga)., Setelah diaduk dan dicek kekentalan nya, lalu saring agar tidak ada terigu yang menggumpal. Setelah disaring, lalu masukkan 2 sendok minyak goreng., Lalu cetak di wajan anti lengket/teflon sampai adonan habis. Sisihkan ditempat yang bersih., Potong-potong wortel dan kentang menjadi dadu kecil-kecil. Haluskan bamer dan baput., Panaskan wsjan dengan sedikit minyak goreng, masukkan perbawangan tumis hingga harum lalu masukkan kentang dan wortel lalu aduk-aduk, setelah itu masukkan susu uht kedalam wajan. Tunggu sampai menyusut susu nya dan wortel jg kentang sudah melunak, Tambahkan kaldu ayam, dan lada bubuk. Cek rasa agar sudah sesuai dengan selera., Lalu tambahkan telor ayam kocok lepas lalu masukkan, apabila isian wortel dan kentang masih basah ada susu, masukkan 1 sendok tepung terigu/maizena agar isian mengental dan menyatu. Agar nanti pas di gulung tidak beleber. (Seperti di foto), Masukkan isiian risoles ke dalam kulit risoles, gulung-gulung, laku selesaikan sampai semua adonan dan isian habis., Lalu celupkan risoles ke dalam tepung terigu yang sudah dikasih air, angkat lalu gulirkan ke tepung roti., Goreng hingga kecoklatan","tepung terigu, tepung tapioka, susu cow fullcream, telur ayam, teh garam, minyak goreng, air, kentang, wortel, susu uht full cream, telur ayam, bawang putih, bawang merah, tepung terigumaizena, tepung terigu, tepung rotipanir, teh kaldu ayam, teh lada bubuk","risoles Risoles Sat Set isi Sayuran Bahan tepung terigu, tepung tapioka, susu cow fullcream, telur ayam, teh garam, minyak goreng, air, kentang, wortel, susu uht full cream, telur ayam, bawang putih, bawang merah, tepung terigumaizena, tepung terigu, tepung rotipanir, teh kaldu ayam, teh lada bubuk Langkah-Langkah Masuk kan sebuah bahan-bahan kulit risoles kedalam wadah (kecuali minyak goreng), tambahkan air lalu diaduk sampai merata dan dicek kekentalan nya (jangan sampai terlalu kental dan encer juga)., Setelah diaduk dan dicek kekentalan nya, lalu saring agar tidak ada terigu yang menggumpal. Setelah disaring, lalu masukkan 2 sendok minyak goreng., Lalu cetak di wajan anti lengket/teflon sampai adonan habis. Sisihkan ditempat yang bersih., Potong-potong wortel dan kentang menjadi dadu kecil-kecil. Haluskan bamer dan baput., Panaskan wsjan dengan sedikit minyak goreng, masukkan perbawangan tumis hingga harum lalu masukkan kentang dan wortel lalu aduk-aduk, setelah itu masukkan susu uht kedalam wajan. Tunggu sampai menyusut susu nya dan wortel jg kentang sudah melunak, Tambahkan kaldu ayam, dan lada bubuk. Cek rasa agar sudah sesuai dengan selera., Lalu tambahkan telor ayam kocok lepas lalu masukkan, apabila isian wortel dan kentang masih basah ada susu, masukkan 1 sendok tepung terigu/maizena agar isian mengental dan menyatu. Agar nanti pas di gulung tidak beleber. (Seperti di foto), Masukkan isiian risoles ke dalam kulit risoles, gulung-gulung, laku selesaikan sampai semua adonan dan isian habis., Lalu celupkan risoles ke dalam tepung terigu yang sudah dikasih air, angkat lalu gulirkan ke tepung roti., Goreng hingga kecoklatan"
resep-24953802,risoles,https://cookpad.com/id/resep/24953802,Risol mpasi tanpa isi,https://img-global.cpcdn.com/recipes/893d164475680dcd/1200x630cq80/photo.jpg,"['1 gelas Santan', '1 bh Telur', 'Terigu 3 sdm atau tepung mocaf', '1 sdm Tepung ketan atau tapioka', 'secukupnya Garam']","[{'text': 'Campur semua bahan', 'images': []}, {'text': 'Apabila masih encer tambahkan lagi terigu', 'images': []}, {'text': 'Balur dgn tepung roti', 'images': []}, {'text': 'Goreng diatas teflon, kasih minyak dikit', 'images': []}]","Campur semua bahan, Apabila masih encer tambahkan lagi terigu, Balur dgn tepung roti, Goreng diatas teflon, kasih minyak dikit","santan, telur, terigu tepung mocaf, tepung ketan tapioka, garam","risoles Risol mpasi tanpa isi Bahan santan, telur, terigu tepung mocaf, tepung ketan tapioka, garam Langkah-Langkah Campur semua bahan, Apabila masih encer tambahkan lagi terigu, Balur dgn tepung roti, Goreng diatas teflon, kasih minyak dikit"
resep-24947253,risoles,https://cookpad.com/id/resep/24947253,Risol Bihun Mini Risol hap,https://img-global.cpcdn.com/recipes/baf52688b92348a0/1200x630cq80/photo.jpg,"['1 lempeng bihun (rendam air panas)', '1 bks kulit lumpia (aku pakai merk finna)', '1 bh wortel (parut/potong sesuai selera)', '3 bh telur rebus (potong memanjang dan tipis)', '1 btg daun bawang (potong tipis)', '50 cabai rawit kecil (boleh skip)', '5 siung bawang merah', '3 siung bawang putih', '3 buah udang kering/ebi', '1/4 sdt lada bubuk', 'secukupnya garam dan kaldu bubuk']","[{'text': 'Tumis bumbu halus masukan wortel dan daun bawang, aduk rata, masukan garam dan kaldu bubuk secukupnya, aduk rata, masukan bihun dan aduk kembali, cek rasa matikan api,', 'images': []}, {'text': 'Siapkan telur rebus yang sudah dipotong dan kulit lumpia yang sudah dipisahkan perlembar', 'images': ['https://img-global.cpcdn.com/steps/589f6675b9621138/400x400cq80/photo.jpg']}, {'text': 'Tata sepotong telur, bihun serta cabai rawit ke dalam selembar kulit lumpia, lalu gulung dan rekatkan, bisa langsung di goreng atau untuk stok di freezer', 'images': ['https://img-global.cpcdn.com/steps/94d5233ba526d7b2/400x400cq80/photo.jpg', 'https://img-global.cpcdn.com/steps/f1adf645aa2da0a8/400x400cq80/photo.jpg']}]","Tumis bumbu halus masukan wortel dan daun bawang, aduk rata, masukan garam dan kaldu bubuk secukupnya, aduk rata, masukan bihun dan aduk kembali, cek rasa matikan api,, Siapkan telur rebus yang sudah dipotong dan kulit lumpia yang sudah dipisahkan perlembar, Tata sepotong telur, bihun serta cabai rawit ke dalam selembar kulit lumpia, lalu gulung dan rekatkan, bisa langsung di goreng atau untuk stok di freezer","bihun, kulit lumpia, wortel, telur rebus memanjang, daun bawang, cabai rawit, bawang merah, bawang putih, ug keringebi, lada bubuk, garam kaldu bubuk","risoles Risol Bihun Mini Risol hap Bahan bihun, kulit lumpia, wortel, telur rebus memanjang, daun bawang, cabai rawit, bawang merah, bawang putih, ug keringebi, lada bubuk, garam kaldu bubuk Langkah-Langkah Tumis bumbu halus masukan wortel dan daun bawang, aduk rata, masukan garam dan kaldu bubuk secukupnya, aduk rata, masukan bihun dan aduk kembali, cek rasa matikan api,, Siapkan telur rebus yang sudah dipotong dan kulit lumpia yang sudah dipisahkan perlembar, Tata sepotong telur, bihun serta cabai rawit ke dalam selembar kulit lumpia, lalu gulung dan rekatkan, bisa langsung di goreng atau untuk stok di freezer"
resep-24943525,risoles,https://cookpad.com/id/resep/24943525,Risol Ayam Suwir Sambal Matah,https://img-global.cpcdn.com/recipes/c0173a79fffd0401/1200x630cq80/photo.jpg,"['10 sdm tepung terigu', '1 sdm tepung maizena', '1 butir telur', '3 sdm minyak goreng', '200 ml susu cair', '1/2 sdt garam', '250 g dada ayam suwir', '1 buah kentang potong kotak-kotak kecil', '1 pcs sosis potong kotak-kotak kecil', '20 siung bawang merah', '10 siung bawang putih', '20 cabe rawit', '3 batang serai', '5 lembar daun jeruk', '1 sdt terasi', 'Secukupnya jeruk nipis', 'Secukupnya garam, gula dan penyedap rasa', 'Secukupnya larutan tepung terigu', 'Secukupnya tepung roti']","[{'text': 'Aduk rata semua bahan kulit dan masak di atas teflon dengan api kecil', 'images': []}, {'text': 'Jika adonan kulit sudah matang, maka tinggal balik teflon dan akan lepas sendiri (pastikan kulit jangan sampai kering dan tidak terlalu tebal), sisihkan', 'images': []}, {'text': 'Rebus dada ayam kemudian suwir, sisihkan', 'images': []}, {'text': 'Goreng kentang yang sudah dipotong, sisihkan', 'images': []}, {'text': 'Untuk bahan sambal matah, diiris semua dan campur menjadi satu kemudian diremas-remas menggunakan tangan yang sudah terbungkus plastik atau hand gloves plastik sampai semua bahannya layu, jangan lupa cek rasa', 'images': []}, {'text': 'Kemudian tuang kentang, ayam suwir dan sosis, aduk rata', 'images': []}, {'text': 'Isi kulit risol dengan ayam suwir sambal matah lalu lipat kedua sisi dan gulung, bisa direkatkan larutan tepung terigu agar tidak terlepas saat di goreng, lanjutkan sampai selesai', 'images': []}, {'text': 'Untuk pelapis, celupkan ke larutan tepung terigu, lanjut balur dengan tepung roti sambil ditekan agar menempel sempurna, ulangi sampai selesai', 'images': []}, {'text': 'Diamkan beberapa saat agar tepung roti merekat sempurna', 'images': []}, {'text': 'Goreng di atas minyak panas dengan api sedang, cukup 1 kali balik agar tidak memakan banyak minyak tiriskan', 'images': ['https://img-global.cpcdn.com/steps/a32e938c5e4f0479/400x400cq80/photo.jpg', 'https://img-global.cpcdn.com/steps/70ff1ba01b1c68d4/400x400cq80/photo.jpg']}]","Aduk rata semua bahan kulit dan masak di atas teflon dengan api kecil, Jika adonan kulit sudah matang, maka tinggal balik teflon dan akan lepas sendiri (pastikan kulit jangan sampai kering dan tidak terlalu tebal), sisihkan, Rebus dada ayam kemudian suwir, sisihkan, Goreng kentang yang sudah dipotong, sisihkan, Untuk bahan sambal matah, diiris semua dan campur menjadi satu kemudian diremas-remas menggunakan tangan yang sudah terbungkus plastik atau hand gloves plastik sampai semua bahannya layu, jangan lupa cek rasa, Kemudian tuang kentang, ayam suwir dan sosis, aduk rata, Isi kulit risol dengan ayam suwir sambal matah lalu lipat kedua sisi dan gulung, bisa direkatkan larutan tepung terigu agar tidak terlepas saat di goreng, lanjutkan sampai selesai, Untuk pelapis, celupkan ke larutan tepung terigu, lanjut balur dengan tepung roti sambil ditekan agar menempel sempurna, ulangi sampai selesai, Diamkan beberapa saat agar tepung roti merekat sempurna, Goreng di atas minyak panas dengan api sedang, cukup 1 kali balik agar tidak memakan banyak minyak tiriskan","tepung terigu, tepung maizena, telur, minyak goreng, susu cair, garam, dada ayam suwir, kentang kotakkotak kecil, sosis kotakkotak kecil, bawang merah, bawang putih, cabe rawit, serai, daun jeruk, terasi, jeruk nipis, garam gula rasa, larutan tepung terigu, tepung roti","risoles Risol Ayam Suwir Sambal Matah Bahan tepung terigu, tepung maizena, telur, minyak goreng, susu cair, garam, dada ayam suwir, kentang kotakkotak kecil, sosis kotakkotak kecil, bawang merah, bawang putih, cabe rawit, serai, daun jeruk, terasi, jeruk nipis, garam gula rasa, larutan tepung terigu, tepung roti Langkah-Langkah Aduk rata semua bahan kulit dan masak di atas teflon dengan api kecil, Jika adonan kulit sudah matang, maka tinggal balik teflon dan akan lepas sendiri (pastikan kulit jangan sampai kering dan tidak terlalu tebal), sisihkan, Rebus dada ayam kemudian suwir, sisihkan, Goreng kentang yang sudah dipotong, sisihkan, Untuk bahan sambal matah, diiris semua dan campur menjadi satu kemudian diremas-remas menggunakan tangan yang sudah terbungkus plastik atau hand gloves plastik sampai semua bahannya layu, jangan lupa cek rasa, Kemudian tuang kentang, ayam suwir dan sosis, aduk rata, Isi kulit risol dengan ayam suwir sambal matah lalu lipat kedua sisi dan gulung, bisa direkatkan larutan tepung terigu agar tidak terlepas saat di goreng, lanjutkan sampai selesai, Untuk pelapis, celupkan ke larutan tepung terigu, lanjut balur dengan tepung roti sambil ditekan agar menempel sempurna, ulangi sampai selesai, Diamkan beberapa saat agar tepung roti merekat sempurna, Goreng di atas minyak panas dengan api sedang, cukup 1 kali balik agar tidak memakan banyak minyak tiriskan"
resep-24942644,risoles,https://cookpad.com/id/resep/24942644,Risoles mochi coklat pisang,https://img-global.cpcdn.com/recipes/ee93b9fbb2f7e0ff/1200x630cq80/photo.jpg,"['200 g BOLA deli Tepung ketan', '120 g BOLA Deli Gula Halus', '1 sdt garam', '1 sdt essens banana', '1 sdm butter', '450 ml susu uht', '80 g BOLA Deli Tapioka', '250 g BOLA Salju Tepung Terigu', '20 g coklat bubuk', '60 ml minyak goreng', '2 btr telur', '1/2 sdm garam', '1 bks vanilla sachet', '600 ml susu cair', 'Secukupnya Tepung panir putih', 'Secukupnya Coklat bubuk', 'Secukupnya Meises coklat', 'Secukupnya Pisang raja', 'Secukupnya 3 btr telur']","[{'text': 'Campur semua bahan mochi aduk sampai rata, lalu kukus selama 30 menit, angkat mochi aduk-aduk sampai mochi kalis dan dingin, diamkan dalam kulkas.', 'images': []}, {'text': 'Campur semua kulit risoles, aduk rata lalu saring.', 'images': []}, {'text': 'Masak dan dadar kulit rioles sampai habis.', 'images': []}, {'text': 'Ambil satu lembar kulit risoles, isi dengan mochi 30 gram lalu beri meises coklat dan pisang raja yang sudah dipotong, gulung menyerupai risoles lakukan sampai habis.', 'images': []}, {'text': 'Tuang tepung panir putih lalu beri coklat bubuk sedikit aduk sampai rata, sisihkan.', 'images': []}, {'text': 'Masukan risoles ke dalam kocokan telur lalu gulinkan ke tepung panir, lakukan sampai habis.', 'images': []}, {'text': 'Goreng risoles hingga matang, angkat dan sajikan.', 'images': []}]","Campur semua bahan mochi aduk sampai rata, lalu kukus selama 30 menit, angkat mochi aduk-aduk sampai mochi kalis dan dingin, diamkan dalam kulkas., Campur semua kulit risoles, aduk rata lalu saring., Masak dan dadar kulit rioles sampai habis., Ambil satu lembar kulit risoles, isi dengan mochi 30 gram lalu beri meises coklat dan pisang raja yang sudah dipotong, gulung menyerupai risoles lakukan sampai habis., Tuang tepung panir putih lalu beri coklat bubuk sedikit aduk sampai rata, sisihkan., Masukan risoles ke dalam kocokan telur lalu gulinkan ke tepung panir, lakukan sampai habis., Goreng risoles hingga matang, angkat dan sajikan.","bola deli tepung ketan, bola deli gula, garam, essens banana, butter, susu uht, bola deli tapioka, bola salju tepung terigu, coklat bubuk, minyak goreng, telur, garam, vanilla, susu cair, tepung panir putih, coklat bubuk, meises coklat, pisang raja, telur","risoles Risoles mochi coklat pisang Bahan bola deli tepung ketan, bola deli gula, garam, essens banana, butter, susu uht, bola deli tapioka, bola salju tepung terigu, coklat bubuk, minyak goreng, telur, garam, vanilla, susu cair, tepung panir putih, coklat bubuk, meises coklat, pisang raja, telur Langkah-Langkah Campur semua bahan mochi aduk sampai rata, lalu kukus selama 30 menit, angkat mochi aduk-aduk sampai mochi kalis dan dingin, diamkan dalam kulkas., Campur semua kulit risoles, aduk rata lalu saring., Masak dan dadar kulit rioles sampai habis., Ambil satu lembar kulit risoles, isi dengan mochi 30 gram lalu beri meises coklat dan pisang raja yang sudah dipotong, gulung menyerupai risoles lakukan sampai habis., Tuang tepung panir putih lalu beri coklat bubuk sedikit aduk sampai rata, sisihkan., Masukan risoles ke dalam kocokan telur lalu gulinkan ke tepung panir, lakukan sampai habis., Goreng risoles hingga matang, angkat dan sajikan."
resep-24982148,pukis,https://cookpad.com/id/resep/24982148,Pukis Kayu Manis Sourdough,https://img-global.cpcdn.com/recipes/ba831c546981ef76/1200x630cq80/photo.jpg,"['140 gr sourdough starter (lihat resep)', '225 gr tepung terigu pro tinggi', '10 gr susu bubuk', '5 gr kayu manis bubuk', '125 gr gula pasir', '200 ml air / susu cair / santan', '3 butir telur', '40-50 gr gula pasir (sesuaikan selera manis)', '1/2 sdt garam', '30 gr margarin, lelehkan']","[{'text': 'Malam harinya saya sudah mengaktifkan starter dengan perbandingan 1:5:5 yaitu 15gr starter : 75gr tepung terigu protein tinggi: 75gr air', 'images': ['https://img-global.cpcdn.com/steps/5294710fcb9402f7/400x400cq80/photo.jpg', 'https://img-global.cpcdn.com/steps/bd7c78e498f399e2/400x400cq80/photo.jpg', 'https://img-global.cpcdn.com/steps/f4e70f91b6569767/400x400cq80/photo.jpg']}, {'text': 'Campur bahan kering lalu buat lubang di bagian tengahnya. Lalu tuang susu cair dan juga starter. Aduk rata hingga bahan tercampur semua. Ini tekstur memang sudah kental. Lalu adonan saya istirahatkan 4 jam di suhu ruang', 'images': ['https://img-global.cpcdn.com/steps/d41e80364331cdc2/400x400cq80/photo.jpg', 'https://img-global.cpcdn.com/steps/09c1d3049ff23d02/400x400cq80/photo.jpg']}, {'text': 'Setelah 4 jam, nanti akan muncul gelembung2 kecil. Bertanda ragi sudah aktif', 'images': ['https://img-global.cpcdn.com/steps/ce168a0f9b721cc5/400x400cq80/photo.jpg', 'https://img-global.cpcdn.com/steps/df780eed4f920f6c/400x400cq80/photo.jpg']}, {'text': 'Kocok telur dan gula hingga gula larut saja. Lalu masukan adonan yang sudah lama diistirahatkan. Aduk rata kembali, cukup tercampur saja Tambahkan lelehan margarin, istirahatkan kembali 2 jam', 'images': ['https://img-global.cpcdn.com/steps/fedac5de00d0d7a8/400x400cq80/photo.jpg', 'https://img-global.cpcdn.com/steps/01a50b0c151a1391/400x400cq80/photo.jpg', 'https://img-global.cpcdn.com/steps/f19e6c49c6d18d5a/400x400cq80/photo.jpg']}, {'text': 'Setelah 2 jam diistirahatkan, akan muncul bubble kecil2 dan siap di masak', 'images': ['https://img-global.cpcdn.com/steps/80910253d953676b/400x400cq80/photo.jpg', 'https://img-global.cpcdn.com/steps/6a681624a9665bd5/400x400cq80/photo.jpg']}, {'text': 'Panaskan cetakan hingga benar-benar panas. Jangan lupa oleh cetakan dengan sedikit margarin. Lalu tuang adonan ke dalam cetakan 3/4 bagian saja. Karena dia akan mengembang. Jika sudah ada gelembung-gelembung atau buih bagian atasnya. Bertanda pukis sudah setengah matang. Tutup cetakan nya sebentar lalu tabur kayu manis bubuk sebagai topping di atasnya. Dan tutup kembali cetakannya.', 'images': ['https://img-global.cpcdn.com/steps/c22d6fe75145c010/400x400cq80/photo.jpg', 'https://img-global.cpcdn.com/steps/5ac33fc0517d8c37/400x400cq80/photo.jpg', 'https://img-global.cpcdn.com/steps/5dc91de46cd44213/400x400cq80/photo.jpg']}, {'text': 'Tandanya sudah matang bagian atas kering. Setelah matang oles dengan margarin. Sajikan pukis kayu manis sourdough sebagai camilan favorit keluarga', 'images': ['https://img-global.cpcdn.com/steps/a14f7e3aa79593ed/400x400cq80/photo.jpg', 'https://img-global.cpcdn.com/steps/791d06de929668ad/400x400cq80/photo.jpg', 'https://img-global.cpcdn.com/steps/746d4e6e105297ad/400x400cq80/photo.jpg']}]","Malam harinya saya sudah mengaktifkan starter dengan perbandingan 1:5:5 yaitu 15gr starter : 75gr tepung terigu protein tinggi: 75gr air, Campur bahan kering lalu buat lubang di bagian tengahnya. Lalu tuang susu cair dan juga starter. Aduk rata hingga bahan tercampur semua. Ini tekstur memang sudah kental. Lalu adonan saya istirahatkan 4 jam di suhu ruang, Setelah 4 jam, nanti akan muncul gelembung2 kecil. Bertanda ragi sudah aktif, Kocok telur dan gula hingga gula larut saja. Lalu masukan adonan yang sudah lama diistirahatkan. Aduk rata kembali, cukup tercampur saja Tambahkan lelehan margarin, istirahatkan kembali 2 jam, Setelah 2 jam diistirahatkan, akan muncul bubble kecil2 dan siap di masak, Panaskan cetakan hingga benar-benar panas. Jangan lupa oleh cetakan dengan sedikit margarin. Lalu tuang adonan ke dalam cetakan 3/4 bagian saja. Karena dia akan mengembang. Jika sudah ada gelembung-gelembung atau buih bagian atasnya. Bertanda pukis sudah setengah matang. Tutup cetakan nya sebentar lalu tabur kayu manis bubuk sebagai topping di atasnya. Dan tutup kembali cetakannya., Tandanya sudah matang bagian atas kering. Setelah matang oles dengan margarin. Sajikan pukis kayu manis sourdough sebagai camilan favorit keluarga","sourdough, tepung terigu pro tinggi, susu bubuk, kayu manis bubuk, gula pasir, air susu cair santan, telur, gula pasir, garam, margarin","pukis Pukis Kayu Manis Sourdough Bahan sourdough, tepung terigu pro tinggi, susu bubuk, kayu manis bubuk, gula pasir, air susu cair santan, telur, gula pasir, garam, margarin Langkah-Langkah Malam harinya saya sudah mengaktifkan starter dengan perbandingan 1:5:5 yaitu 15gr starter : 75gr tepung terigu protein tinggi: 75gr air, Campur bahan kering lalu buat lubang di bagian tengahnya. Lalu tuang susu cair dan juga starter. Aduk rata hingga bahan tercampur semua. Ini tekstur memang sudah kental. Lalu adonan saya istirahatkan 4 jam di suhu ruang, Setelah 4 jam, nanti akan muncul gelembung2 kecil. Bertanda ragi sudah aktif, Kocok telur dan gula hingga gula larut saja. Lalu masukan adonan yang sudah lama diistirahatkan. Aduk rata kembali, cukup tercampur saja Tambahkan lelehan margarin, istirahatkan kembali 2 jam, Setelah 2 jam diistirahatkan, akan muncul bubble kecil2 dan siap di masak, Panaskan cetakan hingga benar-benar panas. Jangan lupa oleh cetakan dengan sedikit margarin. Lalu tuang adonan ke dalam cetakan 3/4 bagian saja. Karena dia akan mengembang. Jika sudah ada gelembung-gelembung atau buih bagian atasnya. Bertanda pukis sudah setengah matang. Tutup cetakan nya sebentar lalu tabur kayu manis bubuk sebagai topping di atasnya. Dan tutup kembali cetakannya., Tandanya sudah matang bagian atas kering. Setelah matang oles dengan margarin. Sajikan pukis kayu manis sourdough sebagai camilan favorit keluarga"
resep-24969135,pukis,https://cookpad.com/id/resep/24969135,Kue Pukis Original,https://img-global.cpcdn.com/recipes/2ae2113e9ec510b1/1200x630cq80/photo.jpg,"['2 butir Telur', '170 g Gula pasir', '250 g Tepung terigu', 'Sejumput Garam', '1 sdt Ragi instan', '1 sachet SKM', '370 ml Santan', '100 g Margarin cair', '20 g Meses cokelat', '20 g Keju parut']","[{'text': 'Campur tepung, gula, telur, ragi, santan, skm dan garam. Aduk rata.', 'images': ['https://img-global.cpcdn.com/steps/680b6bc254553530/400x400cq80/photo.jpg', 'https://img-global.cpcdn.com/steps/46f7f94fbc3cf05b/400x400cq80/photo.jpg', 'https://img-global.cpcdn.com/steps/c4c4d050a95d8672/400x400cq80/photo.jpg']}, {'text': 'Tambahkan margarin cair, aduk rata. Lalu diamkan 15 menit', 'images': ['https://img-global.cpcdn.com/steps/a63f886daf10aab8/400x400cq80/photo.jpg', 'https://img-global.cpcdn.com/steps/f60094e5cd4f69ff/400x400cq80/photo.jpg']}, {'text': 'Tuang adonan ke cetakan wadah corong, panaskan cetakan pukis lalu tuang adonan kemudian tutup.', 'images': ['https://img-global.cpcdn.com/steps/a7a33e6ee77c37e6/400x400cq80/photo.jpg', 'https://img-global.cpcdn.com/steps/de858594930bd49a/400x400cq80/photo.jpg', 'https://img-global.cpcdn.com/steps/b05d9c9f66a9a7ae/400x400cq80/photo.jpg']}, {'text': 'Masak dengan api kecil hingga matang dan permukaan mengering. Lakukan sampai adonan habis.', 'images': ['https://img-global.cpcdn.com/steps/873de0bf6e1be968/400x400cq80/photo.jpg', 'https://img-global.cpcdn.com/steps/e15dec16cc8639d2/400x400cq80/photo.jpg']}, {'text': 'Angkat, lalu beri topping meses cokelat dan keju parut / sesuai selera, saat kue masih hangat.sajikan enjoy', 'images': ['https://img-global.cpcdn.com/steps/60aabbf671e5a931/400x400cq80/photo.jpg', 'https://img-global.cpcdn.com/steps/22858df9cd74879e/400x400cq80/photo.jpg']}]","Campur tepung, gula, telur, ragi, santan, skm dan garam. Aduk rata., Tambahkan margarin cair, aduk rata. Lalu diamkan 15 menit, Tuang adonan ke cetakan wadah corong, panaskan cetakan pukis lalu tuang adonan kemudian tutup., Masak dengan api kecil hingga matang dan permukaan mengering. Lakukan sampai adonan habis., Angkat, lalu beri topping meses cokelat dan keju parut / sesuai selera, saat kue masih hangat.sajikan enjoy","telur, gula pasir, tepung terigu, garam, ragi instan, skm, santan, margarin cair, meses cokelat, keju","pukis Kue Pukis Original Bahan telur, gula pasir, tepung terigu, garam, ragi instan, skm, santan, margarin cair, meses cokelat, keju Langkah-Langkah Campur tepung, gula, telur, ragi, santan, skm dan garam. Aduk rata., Tambahkan margarin cair, aduk rata. Lalu diamkan 15 menit, Tuang adonan ke cetakan wadah corong, panaskan cetakan pukis lalu tuang adonan kemudian tutup., Masak dengan api kecil hingga matang dan permukaan mengering. Lakukan sampai adonan habis., Angkat, lalu beri topping meses cokelat dan keju parut / sesuai selera, saat kue masih hangat.sajikan enjoy"
resep-24949392,pukis,https://cookpad.com/id/resep/24949392,Pukis menul anti gagal,https://img-global.cpcdn.com/recipes/a510f0e1286d4fc9/1200x630cq80/photo.jpg,"['4 butir telur', '1 kg tepung terigu cakra', '600 gram gula pasir', '4 sachet SKM (opsional)', '1 sachet ragi instan /fermipan', '400 gram margarin', '1 sdt baking powder', '1.340 ml santan hangat /bisa di ganti air hangat', 'Secukupnya pewarna makanan sesuai selera']","[{'text': 'Lelehkan margarin, sisihkan', 'images': []}, {'text': 'Siapkan wadah. Masukkan telur dan gula lalu mixer sampai larut saja.', 'images': []}, {'text': 'Tambahkan santan, ragi, dan skm mixer dengan speed rendah saja. Masukkan terigu beserta baking powder secara bertahap sampai tercampur dan tidak bergerindil.', 'images': []}, {'text': 'Tambahkan margarin cair aduk balik saja pakai spatula. Jika sudah tercampur tutup wadah menggunakan plastik /kain lap. Diamkan selama 1 jam sampai mengembang.', 'images': []}, {'text': 'Panaskan cetakan olesi margarin lalu tuang adonan jgn sampai penuh ya agar tidak meluber. Tutup cetakan tunggu sampai matang.', 'images': ['https://img-global.cpcdn.com/steps/095068a591ee659a/400x400cq80/photo.jpg', 'https://img-global.cpcdn.com/steps/45b628123a76c2d3/400x400cq80/photo.jpg']}]","Lelehkan margarin, sisihkan, Siapkan wadah. Masukkan telur dan gula lalu mixer sampai larut saja., Tambahkan santan, ragi, dan skm mixer dengan speed rendah saja. Masukkan terigu beserta baking powder secara bertahap sampai tercampur dan tidak bergerindil., Tambahkan margarin cair aduk balik saja pakai spatula. Jika sudah tercampur tutup wadah menggunakan plastik /kain lap. Diamkan selama 1 jam sampai mengembang., Panaskan cetakan olesi margarin lalu tuang adonan jgn sampai penuh ya agar tidak meluber. Tutup cetakan tunggu sampai matang.","telur, tepung terigu cakra, gula pasir, skm, ragi instan fermipan, margarin, baking powder, santan, pewarna makanan","pukis Pukis menul anti gagal Bahan telur, tepung terigu cakra, gula pasir, skm, ragi instan fermipan, margarin, baking powder, santan, pewarna makanan Langkah-Langkah Lelehkan margarin, sisihkan, Siapkan wadah. Masukkan telur dan gula lalu mixer sampai larut saja., Tambahkan santan, ragi, dan skm mixer dengan speed rendah saja. Masukkan terigu beserta baking powder secara bertahap sampai tercampur dan tidak bergerindil., Tambahkan margarin cair aduk balik saja pakai spatula. Jika sudah tercampur tutup wadah menggunakan plastik /kain lap. Diamkan selama 1 jam sampai mengembang., Panaskan cetakan olesi margarin lalu tuang adonan jgn sampai penuh ya agar tidak meluber. Tutup cetakan tunggu sampai matang."
resep-24948758,pukis,https://cookpad.com/id/resep/24948758,Pukis susu,https://img-global.cpcdn.com/recipes/59c64a78e5e22424/1200x630cq80/photo.jpg,"['6 butir telor', '800 ml susu uht putih,1 kg terigu', '600 gr gula pasir', '150 gr susu bubuk', '3 sendok makan vanilli pasta', '1 sachet fernipan,1 sendok teh garam', '1 sendok makan baking powder', '400 gr butter (200 gr blueband+ 200gr roombutter)', 'Secukupnya potongan nangka untuk topping', 'Secukupnya blueband untuk oles cetakan']","[{'text': 'Mixer telor+gula+garam+fernipan+vanilli+baking powder hingga mengembang.', 'images': ['https://img-global.cpcdn.com/steps/a82dfa50b07c140f/400x400cq80/photo.jpg']}, {'text': 'Masukkan terigu+ susu bubuk+ susu uht lalu mixer hingga tercampur rata. Masukkan adonan dalam wadah kedap udara dan diamkan hingga 2jam.', 'images': ['https://img-global.cpcdn.com/steps/0bb3706f97d8de80/400x400cq80/photo.jpg', 'https://img-global.cpcdn.com/steps/b882321e9fb06e40/400x400cq80/photo.jpg']}, {'text': 'Setelah 2jam,buka tutup adonan dan aduk aduk adonan. Panaskan cetakan dan olesi dengan blueband,tuang adonan satu persatu hingga 3/4 bagian lalu beri potongan nangka dan tutup cetakan. Biarkan hingga matang lalu angkat dan dinginkan. Lakukan hingga selesai', 'images': ['https://img-global.cpcdn.com/steps/facc63cb1f206670/400x400cq80/photo.jpg', 'https://img-global.cpcdn.com/steps/4d32d67c87faf87d/400x400cq80/photo.jpg', 'https://img-global.cpcdn.com/steps/3bd46f5963f3e944/400x400cq80/photo.jpg']}]","Mixer telor+gula+garam+fernipan+vanilli+baking powder hingga mengembang., Masukkan terigu+ susu bubuk+ susu uht lalu mixer hingga tercampur rata. Masukkan adonan dalam wadah kedap udara dan diamkan hingga 2jam., Setelah 2jam,buka tutup adonan dan aduk aduk adonan. Panaskan cetakan dan olesi dengan blueband,tuang adonan satu persatu hingga 3/4 bagian lalu beri potongan nangka dan tutup cetakan. Biarkan hingga matang lalu angkat dan dinginkan. Lakukan hingga selesai","telor, susu uht putih terigu, gula pasir, susu bubuk, vanilli pasta, fernipan teh garam, baking powder, butter blueband roombutter, potongan nangka, blueband","pukis Pukis susu Bahan telor, susu uht putih terigu, gula pasir, susu bubuk, vanilli pasta, fernipan teh garam, baking powder, butter blueband roombutter, potongan nangka, blueband Langkah-Langkah Mixer telor+gula+garam+fernipan+vanilli+baking powder hingga mengembang., Masukkan terigu+ susu bubuk+ susu uht lalu mixer hingga tercampur rata. Masukkan adonan dalam wadah kedap udara dan diamkan hingga 2jam., Setelah 2jam,buka tutup adonan dan aduk aduk adonan. Panaskan cetakan dan olesi dengan blueband,tuang adonan satu persatu hingga 3/4 bagian lalu beri potongan nangka dan tutup cetakan. Biarkan hingga matang lalu angkat dan dinginkan. Lakukan hingga selesai"
resep-24947214,pukis,https://cookpad.com/id/resep/24947214,Pukis toping keju kismis nangka choco chips,https://img-global.cpcdn.com/recipes/b2d7eda74f2fe3a9/1200x630cq80/photo.jpg,"['1/2 sdt Garam', '150 gr gula', '3 telur', '1/2 cepuk vanili', '250 gr terigu', '50 gr margarin di lelegkan', '300 ml susu', '1 sdt fermipan', '25 gr tepung', '1 sdt gula', '50 ml air hangat', 'secukupnya Keju parut', 'secukupnya Kismis', 'secukupnya Meses']","[{'text': 'Campur semua bahan biang, aduk rata.. diamkan 15 menit', 'images': []}, {'text': 'Mik gula+ telur hingga putih berjejak,', 'images': []}, {'text': 'Masukkan terigu sedikit demi sedikit,aduk hingga tercampur semua', 'images': []}, {'text': 'Masukkan garam, vanili,', 'images': []}, {'text': 'Masukkan susu, aduk rata', 'images': []}, {'text': 'Masukkan bahan biang, aduk rata', 'images': []}, {'text': 'Masukkan margarin.. adik rata', 'images': []}, {'text': 'Tutup dengan kain bersih', 'images': []}, {'text': 'Diamkan selama 1 jam', 'images': []}, {'text': 'Siap di cetak', 'images': []}, {'text': 'Selamat mencoba', 'images': []}]","Campur semua bahan biang, aduk rata.. diamkan 15 menit, Mik gula+ telur hingga putih berjejak,, Masukkan terigu sedikit demi sedikit,aduk hingga tercampur semua, Masukkan garam, vanili,, Masukkan susu, aduk rata, Masukkan bahan biang, aduk rata, Masukkan margarin.. adik rata, Tutup dengan kain bersih, Diamkan selama 1 jam, Siap di cetak, Selamat mencoba","garam, gula, telur, cepuk vanili, terigu, margarin, susu, fermipan, tepung, gula, air, keju, kismis, meses","pukis Pukis toping keju kismis nangka choco chips Bahan garam, gula, telur, cepuk vanili, terigu, margarin, susu, fermipan, tepung, gula, air, keju, kismis, meses Langkah-Langkah Campur semua bahan biang, aduk rata.. diamkan 15 menit, Mik gula+ telur hingga putih berjejak,, Masukkan terigu sedikit demi sedikit,aduk hingga tercampur semua, Masukkan garam, vanili,, Masukkan susu, aduk rata, Masukkan bahan biang, aduk rata, Masukkan margarin.. adik rata, Tutup dengan kain bersih, Diamkan selama 1 jam, Siap di cetak, Selamat mencoba"
resep-24978632,cilok,https://cookpad.com/id/resep/24978632,Bumbu saus Kacang Bisa untuk cilok Pecel dll,https://img-global.cpcdn.com/recipes/299d95435d67d54a/1200x630cq80/photo.jpg,"['100 gr kacang tanah', 'Secukupnya minyak ROSE BRAND untuk menggoreng kacang dan bawang', '3 bh cabe merah (aku skip. biar anak-anak juga bisa pake saus kacang)', '4 bh bawang merah', '4 bh bawang putih', '2 lembar daun jeruk', 'Secukupnya gula merah', 'Secukupnya garam, kaldu bubuk jamur', 'Secukupnya air (sebanyak yang dibutuhkan)', 'Secukupnya gula ROSE BRAND', 'Secukupnya kecap manis', 'secukupnya tepung maizena ROSE BRAND + air (untuk pengental)', 'Resep cilok', 'Resep pecel sayur']","[{'text': 'Panaskan minyak ROSE BRAND. Goreng kacang. Kemudian goreng duo bawang hingga layu.', 'images': ['https://img-global.cpcdn.com/steps/0f56bb6896edfbf3/400x400cq80/photo.jpg', 'https://img-global.cpcdn.com/steps/3775b28628176e19/400x400cq80/photo.jpg', 'https://img-global.cpcdn.com/steps/2a311a6216758381/400x400cq80/photo.jpg']}, {'text': 'Lalu blender kacang tanah goreng dan bumbu dg air secukupnya', 'images': ['https://img-global.cpcdn.com/steps/1dc3eef26675e069/400x400cq80/photo.jpg']}, {'text': 'Kemudian masak di wajan bumbui dg gula merah, gula ROSE BRAND, garam dan daun jeruk, aduk rata dan koreksi rasanya. Masak hingga meletup-letup lalu tambahkan sedikit kecap. Jika sudah pas, campurkan tepung maizena ROSE BRAND dengan air. masukkan dalam saus, aduk rata. Matikan api', 'images': ['https://img-global.cpcdn.com/steps/b001ceeba176a0f4/400x400cq80/photo.jpg', 'https://img-global.cpcdn.com/steps/e753063d9b6d126c/400x400cq80/photo.jpg']}, {'text': 'Saus kacang siap digunakan', 'images': ['https://img-global.cpcdn.com/steps/90cb9201acb34a9a/400x400cq80/photo.jpg', 'https://img-global.cpcdn.com/steps/ae26d67054566505/400x400cq80/photo.jpg', 'https://img-global.cpcdn.com/steps/bedd006ab2a37402/400x400cq80/photo.jpg']}]","Panaskan minyak ROSE BRAND. Goreng kacang. Kemudian goreng duo bawang hingga layu., Lalu blender kacang tanah goreng dan bumbu dg air secukupnya, Kemudian masak di wajan bumbui dg gula merah, gula ROSE BRAND, garam dan daun jeruk, aduk rata dan koreksi rasanya. Masak hingga meletup-letup lalu tambahkan sedikit kecap. Jika sudah pas, campurkan tepung maizena ROSE BRAND dengan air. masukkan dalam saus, aduk rata. Matikan api, Saus kacang siap digunakan","kacang tanah, minyak rose brand kacang bawang, cabe merah, bawang merah, bawang putih, daun jeruk, gula merah, garam kaldu bubuk jamur, air, gula rose brand, kecap manis, tepung maizena rose brand air untuk pengental, resep cilok, resep pecel sayur","cilok Bumbu saus Kacang Bisa untuk cilok Pecel dll Bahan kacang tanah, minyak rose brand kacang bawang, cabe merah, bawang merah, bawang putih, daun jeruk, gula merah, garam kaldu bubuk jamur, air, gula rose brand, kecap manis, tepung maizena rose brand air untuk pengental, resep cilok, resep pecel sayur Langkah-Langkah Panaskan minyak ROSE BRAND. Goreng kacang. Kemudian goreng duo bawang hingga layu., Lalu blender kacang tanah goreng dan bumbu dg air secukupnya, Kemudian masak di wajan bumbui dg gula merah, gula ROSE BRAND, garam dan daun jeruk, aduk rata dan koreksi rasanya. Masak hingga meletup-letup lalu tambahkan sedikit kecap. Jika sudah pas, campurkan tepung maizena ROSE BRAND dengan air. masukkan dalam saus, aduk rata. Matikan api, Saus kacang siap digunakan"
resep-24968278,cilok,https://cookpad.com/id/resep/24968278,Cilok kenyal seharian takaran sendok,https://img-global.cpcdn.com/recipes/aa58e20cb39beaad/1200x630cq80/photo.jpg,"['14 sdm tepung terigu', '14 sdm tepung kanji(tapioka)', '2 batang daun bawang', 'secukupnya garam', '1 bubgkus penyedap rasa/ masako', '3 siung bawang putih halus']","[{'text': 'Siapkan tepung terigu kasih air secukupnya,nyalakan kompor,aduk tepung tadi sampek tercampur rata dengan air,', 'images': []}, {'text': 'Tambahkan daun bawang,masako,garam bawang putih yg udh dihaluskan.', 'images': []}, {'text': 'Aduk sampek kalis habis itu matikan adonan tepung,campur sedikit demi sedikit tepung kanji', 'images': []}, {'text': 'Uleni sampek kalis lalu bentuk bulat2 sesuai selera.', 'images': []}, {'text': 'Habis itu masukkan di air mendidih yang apinya udah dimatikan.klo sudah semua hidupin apinya,masak sampei cilok menggambang hbis itu di atusin biar ngak ada airnya', 'images': ['https://img-global.cpcdn.com/steps/4b87187bcc235c4f/400x400cq80/photo.jpg']}]","Siapkan tepung terigu kasih air secukupnya,nyalakan kompor,aduk tepung tadi sampek tercampur rata dengan air,, Tambahkan daun bawang,masako,garam bawang putih yg udh dihaluskan., Aduk sampek kalis habis itu matikan adonan tepung,campur sedikit demi sedikit tepung kanji, Uleni sampek kalis lalu bentuk bulat2 sesuai selera., Habis itu masukkan di air mendidih yang apinya udah dimatikan.klo sudah semua hidupin apinya,masak sampei cilok menggambang hbis itu di atusin biar ngak ada airnya","tepung terigu, tepung kanjitapioka, daun bawang, garam, bubgkus rasa masako, bawang putih","cilok Cilok kenyal seharian takaran sendok Bahan tepung terigu, tepung kanjitapioka, daun bawang, garam, bubgkus rasa masako, bawang putih Langkah-Langkah Siapkan tepung terigu kasih air secukupnya,nyalakan kompor,aduk tepung tadi sampek tercampur rata dengan air,, Tambahkan daun bawang,masako,garam bawang putih yg udh dihaluskan., Aduk sampek kalis habis itu matikan adonan tepung,campur sedikit demi sedikit tepung kanji, Uleni sampek kalis lalu bentuk bulat2 sesuai selera., Habis itu masukkan di air mendidih yang apinya udah dimatikan.klo sudah semua hidupin apinya,masak sampei cilok menggambang hbis itu di atusin biar ngak ada airnya"
resep-24923891,cilok,https://cookpad.com/id/resep/24923891,Cilok Aci Bumbu Kacang,https://img-global.cpcdn.com/recipes/a75e331c0918a282/1200x630cq80/photo.jpg,"['5 sdm tepung terigu', '5 sdm tepung kanji', '2 siung bawang putih', '1/2 sdm penyedap', '1 sdt garam', '100 ml Air']","[{'text': 'Campur tepung terigu, garam, penyedap, lada bubuk dan bawang putih yang sudah dihaluskan aduk rata lalu tambahkan air', 'images': []}, {'text': 'Nyalakan kompor dan aduk2 sampai adonan kalis', 'images': []}, {'text': 'Setelah kalis matikan kompor, masukkan tepung kanji lalu uleni dan bentuk bulat2 kecil', 'images': []}, {'text': 'Didihkan air, masak hingga cilok mengapung lalu angkat dan tiriskan', 'images': []}, {'text': 'Haluskan kacang, bawang putih, cabe, gula merah dan garam dengan sedikit air', 'images': []}, {'text': 'Masak diatas kompor dan beri kecap sesuai selera.', 'images': []}, {'text': 'Cilok siap disajikan dengan bumbu kacang', 'images': ['https://img-global.cpcdn.com/steps/cf421acbdda69cf1/400x400cq80/photo.jpg']}]","Campur tepung terigu, garam, penyedap, lada bubuk dan bawang putih yang sudah dihaluskan aduk rata lalu tambahkan air, Nyalakan kompor dan aduk2 sampai adonan kalis, Setelah kalis matikan kompor, masukkan tepung kanji lalu uleni dan bentuk bulat2 kecil, Didihkan air, masak hingga cilok mengapung lalu angkat dan tiriskan, Haluskan kacang, bawang putih, cabe, gula merah dan garam dengan sedikit air, Masak diatas kompor dan beri kecap sesuai selera., Cilok siap disajikan dengan bumbu kacang","tepung terigu, tepung kanji, bawang putih, garam, air","cilok Cilok Aci Bumbu Kacang Bahan tepung terigu, tepung kanji, bawang putih, garam, air Langkah-Langkah Campur tepung terigu, garam, penyedap, lada bubuk dan bawang putih yang sudah dihaluskan aduk rata lalu tambahkan air, Nyalakan kompor dan aduk2 sampai adonan kalis, Setelah kalis matikan kompor, masukkan tepung kanji lalu uleni dan bentuk bulat2 kecil, Didihkan air, masak hingga cilok mengapung lalu angkat dan tiriskan, Haluskan kacang, bawang putih, cabe, gula merah dan garam dengan sedikit air, Masak diatas kompor dan beri kecap sesuai selera., Cilok siap disajikan dengan bumbu kacang"
resep-24969912,cilok,https://cookpad.com/id/resep/24969912,Cilok Ayam Tetap Empuk Walaupun Udah Dingin,https://img-global.cpcdn.com/recipes/5476206404dd8f06/1200x630cq80/photo.jpg,"['150 gr tepung terigu', '300 ml air', '2 bawang putih haluskan (aku pake 1 sdt bawang putih bubuk)', 'secukupnya garam', '1/4 sdt lada bubuk', '1/2 sdt ketumbar bubuk', 'Secukupnya kaldu bubuk', 'Seujung sdt Gula ROSE BRAND', '180 tepung tapioka Cap Pak Tani', 'secukupnya daun bawang (aku skip karna anak-anak nggak suka)']","[{'text': 'Campur bahan biang di teflon/wajan anti lengket. Campur sampai benar-benar tercampur rata', 'images': ['https://img-global.cpcdn.com/steps/1b69942b74f9c0e3/400x400cq80/photo.jpg', 'https://img-global.cpcdn.com/steps/531ac16bebf34373/400x400cq80/photo.jpg']}, {'text': 'Masak dengan api kecil sambil terus di aduk, masak sampai menjadi adonan (tidak ada air nya lagi) atau sampai adonan memadat, angkat, dinginkan', 'images': ['https://img-global.cpcdn.com/steps/5b0a6055e0e1d4e4/400x400cq80/photo.jpg']}, {'text': 'Tambahkan daun bawang (aku skip), aduk menggunakan tangan, tuang t.kanji bertahap sampai adonan Kalis/ tidak lengket di tangan', 'images': ['https://img-global.cpcdn.com/steps/967d330e36ae1854/400x400cq80/photo.jpg', 'https://img-global.cpcdn.com/steps/85d0870e32f93160/400x400cq80/photo.jpg']}, {'text': 'Bentuk bulat2 sesuai selera hingga adonan habis', 'images': ['https://img-global.cpcdn.com/steps/7e0638f7380f6579/400x400cq80/photo.jpg']}, {'text': 'Rebus di air mendidih yang sudah di tambahkan minyak ROSE BRAND sedikit agar tidak menempel, rebus hingga mengapung, angkat, tiriskan. Siap diolah atau langsung makan', 'images': ['https://img-global.cpcdn.com/steps/543069e6016f7269/400x400cq80/photo.jpg']}]","Campur bahan biang di teflon/wajan anti lengket. Campur sampai benar-benar tercampur rata, Masak dengan api kecil sambil terus di aduk, masak sampai menjadi adonan (tidak ada air nya lagi) atau sampai adonan memadat, angkat, dinginkan, Tambahkan daun bawang (aku skip), aduk menggunakan tangan, tuang t.kanji bertahap sampai adonan Kalis/ tidak lengket di tangan, Bentuk bulat2 sesuai selera hingga adonan habis, Rebus di air mendidih yang sudah di tambahkan minyak ROSE BRAND sedikit agar tidak menempel, rebus hingga mengapung, angkat, tiriskan. Siap diolah atau langsung makan","tepung terigu, air, bawang putih, garam, lada bubuk, ketumbar bubuk, kaldu bubuk, seujung gula rose brand, tepung tapioka cap pak tani, daun bawang","cilok Cilok Ayam Tetap Empuk Walaupun Udah Dingin Bahan tepung terigu, air, bawang putih, garam, lada bubuk, ketumbar bubuk, kaldu bubuk, seujung gula rose brand, tepung tapioka cap pak tani, daun bawang Langkah-Langkah Campur bahan biang di teflon/wajan anti lengket. Campur sampai benar-benar tercampur rata, Masak dengan api kecil sambil terus di aduk, masak sampai menjadi adonan (tidak ada air nya lagi) atau sampai adonan memadat, angkat, dinginkan, Tambahkan daun bawang (aku skip), aduk menggunakan tangan, tuang t.kanji bertahap sampai adonan Kalis/ tidak lengket di tangan, Bentuk bulat2 sesuai selera hingga adonan habis, Rebus di air mendidih yang sudah di tambahkan minyak ROSE BRAND sedikit agar tidak menempel, rebus hingga mengapung, angkat, tiriskan. Siap diolah atau langsung makan"
resep-24977928,cilok,https://cookpad.com/id/resep/24977928,Cilok kuah goang,https://img-global.cpcdn.com/recipes/b23ebfb761cd8fff/1200x630cq80/photo.jpg,"['200 gram tepung terigu', '200 gram tepung tapioka/sagu', '270 ml air panas mendidih', '1 sdt garam', '1 sdt kaldu ayam', '1/2 sdt lada bubuk', '2 batang bawang daun', '1 lt air', '4 siung bawang putih', '5 bh cabe merah keriting', '10 bh rawit merah', 'Seruas kencur', '5 lembar Daun jeruk', '2 batang Daun bawang', '1 sdt saos tiram', '2 sdm saos sambal', 'Secukupnya Garam, kaldu ayam, sasa, sedikit gula pasir']","[{'text': 'Aduk semua bahan, tuang air mendidih sedikit demi sedikit, uleni dan bulat2kan mnjd pentol', 'images': []}, {'text': 'Didihkan air+sedikit minyak, masukkan pentol cilok, masak sampai mengapung (angkat dan tiriskan)', 'images': []}, {'text': 'Ulek bumbu kecuali daun bawang dan daun jeruk', 'images': []}, {'text': 'Tumis bumbu halus sampai wangi, masukkan garam, kaldu, sasa, gula, saos tiram dan saos sambal', 'images': []}, {'text': 'Tambahkan air mendidih, masukkan cilok (saya menambahkan ceker yg sdh empuk ke dlm kuah cilok)', 'images': []}, {'text': 'Tes rasa dan sajikan', 'images': []}]","Aduk semua bahan, tuang air mendidih sedikit demi sedikit, uleni dan bulat2kan mnjd pentol, Didihkan air+sedikit minyak, masukkan pentol cilok, masak sampai mengapung (angkat dan tiriskan), Ulek bumbu kecuali daun bawang dan daun jeruk, Tumis bumbu halus sampai wangi, masukkan garam, kaldu, sasa, gula, saos tiram dan saos sambal, Tambahkan air mendidih, masukkan cilok (saya menambahkan ceker yg sdh empuk ke dlm kuah cilok), Tes rasa dan sajikan","tepung terigu, tepung tapiokasagu, air panas mendidih, garam, kaldu ayam, lada bubuk, bawang daun, lt air, bawang putih, cabe merah keriting, rawit merah, seruas kencur, daun jeruk, daun bawang, saos tiram, saos sambal, garam kaldu ayam sasa gula pasir","cilok Cilok kuah goang Bahan tepung terigu, tepung tapiokasagu, air panas mendidih, garam, kaldu ayam, lada bubuk, bawang daun, lt air, bawang putih, cabe merah keriting, rawit merah, seruas kencur, daun jeruk, daun bawang, saos tiram, saos sambal, garam kaldu ayam sasa gula pasir Langkah-Langkah Aduk semua bahan, tuang air mendidih sedikit demi sedikit, uleni dan bulat2kan mnjd pentol, Didihkan air+sedikit minyak, masukkan pentol cilok, masak sampai mengapung (angkat dan tiriskan), Ulek bumbu kecuali daun bawang dan daun jeruk, Tumis bumbu halus sampai wangi, masukkan garam, kaldu, sasa, gula, saos tiram dan saos sambal, Tambahkan air mendidih, masukkan cilok (saya menambahkan ceker yg sdh empuk ke dlm kuah cilok), Tes rasa dan sajikan"
resep-24981482,sop,https://cookpad.com/id/resep/24981482,Sop Iga Berempah,https://img-global.cpcdn.com/recipes/0138fce2bfd3cb4c/1200x630cq80/photo.jpg,"['3 butir Kapulaga', '3 butir cengkeh', '1/4 butir Pala, memarkan', '1 batang Kayumanis', '1 Jempol Jahe, geprek', '2 lembar Daun Salam', '1 btg Daun Bawang', '1 btg Daun seledri', '1 sdm Minyak goreng', '4 siung, iris Bawang merah', '5 siung, memarkan Bawang putih', '1/2 Butir Bawang Bombay, potong 6 bagian', '500 gr Iga', '1-11/2 sdm Garam, sesuai selera', '1 sdt Lada bubuk', '1/2 sdt Gula pasir', '1 buah, potong 4 bagian Tomat', '2 buah, potong besar Wortel', '2 buah, potong besar Kentang', '2 sdm Bawang Goreng', '1500 ml Air']","[{'text': 'Rebus iga sapi dengan air dingin, tambahkan daun salam, untuk menghilangkan bau, nyalakan kompor dan masak hingga hingga mendidih, buang busa yang muncul agar kuah bening.', 'images': ['https://img-global.cpcdn.com/steps/1af1e6c22a65bcad/400x400cq80/photo.jpg', 'https://img-global.cpcdn.com/steps/33182494a05d28b7/400x400cq80/photo.jpg', 'https://img-global.cpcdn.com/steps/bcccb546c9d488bd/400x400cq80/photo.jpg']}, {'text': 'Tumis bawang putih, Bawang Bombay, bawang merah dan Bumbu rempah hingga harum, masukkan ke dalam rebusan iga.', 'images': ['https://img-global.cpcdn.com/steps/d352dcf626cb6b6a/400x400cq80/photo.jpg', 'https://img-global.cpcdn.com/steps/e1e41decc0f7e968/400x400cq80/photo.jpg']}, {'text': 'Masak dengan api kecil hingga iga empuk dan kaldu terasa kuat. Tambahkan daun bawang, seledri, lada, garam', 'images': ['https://img-global.cpcdn.com/steps/8cc28d4df0f79a6c/400x400cq80/photo.jpg', 'https://img-global.cpcdn.com/steps/59bf107a01ba86b7/400x400cq80/photo.jpg', 'https://img-global.cpcdn.com/steps/60f1f50d79d59709/400x400cq80/photo.jpg']}, {'text': 'Tambahkan garam, lada, kentang dan wortel. Masak hingga sayuran matang', 'images': ['https://img-global.cpcdn.com/steps/af4e679cdc0eb267/400x400cq80/photo.jpg', 'https://img-global.cpcdn.com/steps/48875cca414ffbc3/400x400cq80/photo.jpg']}, {'text': 'Sop iga berempah siap disajikan dengan irisan tomat dan taburan bawang goreng', 'images': ['https://img-global.cpcdn.com/steps/ae9662e63f126574/400x400cq80/photo.jpg']}]","Rebus iga sapi dengan air dingin, tambahkan daun salam, untuk menghilangkan bau, nyalakan kompor dan masak hingga hingga mendidih, buang busa yang muncul agar kuah bening., Tumis bawang putih, Bawang Bombay, bawang merah dan Bumbu rempah hingga harum, masukkan ke dalam rebusan iga., Masak dengan api kecil hingga iga empuk dan kaldu terasa kuat. Tambahkan daun bawang, seledri, lada, garam, Tambahkan garam, lada, kentang dan wortel. Masak hingga sayuran matang, Sop iga berempah siap disajikan dengan irisan tomat dan taburan bawang goreng","kapulaga, cengkeh, pala, kayumanis, jempol jahe, daun salam, daun bawang, daun seledri, minyak goreng, iris bawang merah, bawang putih, bawang bombay bagian, iga, garam, lada bubuk, gula pasir, bagian tomat, besar wortel, besar kentang, bawang goreng, air","sop Sop Iga Berempah Bahan kapulaga, cengkeh, pala, kayumanis, jempol jahe, daun salam, daun bawang, daun seledri, minyak goreng, iris bawang merah, bawang putih, bawang bombay bagian, iga, garam, lada bubuk, gula pasir, bagian tomat, besar wortel, besar kentang, bawang goreng, air Langkah-Langkah Rebus iga sapi dengan air dingin, tambahkan daun salam, untuk menghilangkan bau, nyalakan kompor dan masak hingga hingga mendidih, buang busa yang muncul agar kuah bening., Tumis bawang putih, Bawang Bombay, bawang merah dan Bumbu rempah hingga harum, masukkan ke dalam rebusan iga., Masak dengan api kecil hingga iga empuk dan kaldu terasa kuat. Tambahkan daun bawang, seledri, lada, garam, Tambahkan garam, lada, kentang dan wortel. Masak hingga sayuran matang, Sop iga berempah siap disajikan dengan irisan tomat dan taburan bawang goreng"
resep-24060627,sop,https://cookpad.com/id/resep/24060627,Sop Iga Kayumanis,https://img-global.cpcdn.com/recipes/d17f9abb33d2c25f/1200x630cq80/photo.jpg,"['250 gr tulang iga, rebus, ambil kaldunya', '250 gr daging, rebus hingga empuk, sisihkan. Jadikan satu dengan kaldu tulang', '1.5 liter air', '1,5 sdt garam', '1 sdt merica bubuk', '2 buah wortel, iris', '1 buah kentang, potong kotak', '8 batang buncis, iris memanjang', '7 siung bawang merah', '5 siung bawang putih', '2 potong kecil kayu manis', '10 buah cengkeh', '2 potong jahe', '2 buah kapulaga', '1 sdt bawang putih goreng', '1 sdt gula pasir', '1 mangkok sambal kecap', '1 batang daun bawang, iris', '1 buah tomat merah, iris', '2 sdm bawang goreng']","[{'text': 'Siapkan bahan. Tumis bumbu uleg kasar hingga harum.', 'images': ['https://img-global.cpcdn.com/steps/123dcd31a61c5561/400x400cq80/photo.jpg', 'https://img-global.cpcdn.com/steps/d1500226db5e145f/400x400cq80/photo.jpg', 'https://img-global.cpcdn.com/steps/318dac9ee9cd3f67/400x400cq80/photo.jpg']}, {'text': 'Masukkan tumisan bumbu ke dalam kuah kaldu. Beri bumbu cemplung. Tunggu mendidih, beri garam dan merica.', 'images': ['https://img-global.cpcdn.com/steps/3261035df889bcc2/400x400cq80/photo.jpg', 'https://img-global.cpcdn.com/steps/361182f762d26607/400x400cq80/photo.jpg', 'https://img-global.cpcdn.com/steps/565010150fc9c9ec/400x400cq80/photo.jpg']}, {'text': 'Uleg bumbu tabur terakhir. Beri garam jika dirasa kurang asin, (aku tambah lagi garam karna suka asin ). Iris wortel, buncis dan kentang. Cek rasa, matikan api.', 'images': ['https://img-global.cpcdn.com/steps/53a36228c78d24ac/400x400cq80/photo.jpg', 'https://img-global.cpcdn.com/steps/77247c4471606357/400x400cq80/photo.jpg', 'https://img-global.cpcdn.com/steps/555b145dd2ef6879/400x400cq80/photo.jpg']}, {'text': 'Rebus sayuran hingga matang. Sajikan', 'images': ['https://img-global.cpcdn.com/steps/fc9d577214686b44/400x400cq80/photo.jpg', 'https://img-global.cpcdn.com/steps/2969c58b8a8453d0/400x400cq80/photo.jpg']}]","Siapkan bahan. Tumis bumbu uleg kasar hingga harum., Masukkan tumisan bumbu ke dalam kuah kaldu. Beri bumbu cemplung. Tunggu mendidih, beri garam dan merica., Uleg bumbu tabur terakhir. Beri garam jika dirasa kurang asin, (aku tambah lagi garam karna suka asin ). Iris wortel, buncis dan kentang. Cek rasa, matikan api., Rebus sayuran hingga matang. Sajikan","tulang iga, daging, air, garam, merica bubuk, wortel iris, kentang, buncis, bawang merah, bawang putih, kecil kayu manis, cengkeh, jahe, kapulaga, bawang putih goreng, gula pasir, mangkok sambal kecap, daun bawang iris, tomat merah iris, bawang goreng","sop Sop Iga Kayumanis Bahan tulang iga, daging, air, garam, merica bubuk, wortel iris, kentang, buncis, bawang merah, bawang putih, kecil kayu manis, cengkeh, jahe, kapulaga, bawang putih goreng, gula pasir, mangkok sambal kecap, daun bawang iris, tomat merah iris, bawang goreng Langkah-Langkah Siapkan bahan. Tumis bumbu uleg kasar hingga harum., Masukkan tumisan bumbu ke dalam kuah kaldu. Beri bumbu cemplung. Tunggu mendidih, beri garam dan merica., Uleg bumbu tabur terakhir. Beri garam jika dirasa kurang asin, (aku tambah lagi garam karna suka asin ). Iris wortel, buncis dan kentang. Cek rasa, matikan api., Rebus sayuran hingga matang. Sajikan"
resep-24983629,sop,https://cookpad.com/id/resep/24983629,Sup Tulang Rempah ala Melayu,https://img-global.cpcdn.com/recipes/2ddfc61e0731115c/1200x630cq80/photo.jpg,"['1 kg tulang sapi', '2 buah wortel potong kotak besar', '1/2 kg kentang potong kotak besar', '1.5 liter air', '3 sdm bawang goreng', '5 tangkai daun bawang diiris', '2 buah tomat potong besar', '1.5 sdt garam (selera)', '1/2 sdt kaldu bubuk', '7 siung bawang putih', '2 ruas jari jahe', '2 biji pala utuh', '7 biji cengkeh', '10 cm kayu manis ukuran kecil', '1/4 sdt lada bubuk', '1 mangkuk kecil irisan dan bawang', '3 sdm bawang goreng', '1 mangkuk sambal kecap']","[{'text': 'Siapkan bahan-bahannya.', 'images': ['https://img-global.cpcdn.com/steps/946edf6fa446775f/400x400cq80/photo.jpg', 'https://img-global.cpcdn.com/steps/8d1644cb393ab324/400x400cq80/photo.jpg', 'https://img-global.cpcdn.com/steps/6b8ad7d93abc120e/400x400cq80/photo.jpg']}, {'text': 'Rebus kentang dan wortel hingga empuk sisihkan.', 'images': ['https://img-global.cpcdn.com/steps/86ed00d3fda4dc38/400x400cq80/photo.jpg']}, {'text': 'Rebus tulang sapi hingga dagingnya empuk.', 'images': ['https://img-global.cpcdn.com/steps/9fa7b204a26e06c4/400x400cq80/photo.jpg', 'https://img-global.cpcdn.com/steps/8b9875d006166a78/400x400cq80/photo.jpg']}, {'text': 'Tumis bumbu rempah halus hingga harum, masukkan rempah cemplung seperti kayu manis dan cengkeh. Tuang bumbu tumis ke dalam rebusan tulang. Tambahkan garam, kaldu bubuk dan lada bubuk. Biarkan tulang empuk dan bumbu meresap. Koreksi rasa. Angkat.', 'images': ['https://img-global.cpcdn.com/steps/3fa8f17f375a1e3c/400x400cq80/photo.jpg', 'https://img-global.cpcdn.com/steps/876dc54b4dcd46b1/400x400cq80/photo.jpg']}, {'text': 'Sajikan sup tulang di mangkuk bersama wortel, kentang, tomat, taburan daun bawang dan taburan bawang goreng. Lengkapi dengan sambal kecap dan perasan jeruk sambal.', 'images': ['https://img-global.cpcdn.com/steps/8471fa83008bcc43/400x400cq80/photo.jpg']}]","Siapkan bahan-bahannya., Rebus kentang dan wortel hingga empuk sisihkan., Rebus tulang sapi hingga dagingnya empuk., Tumis bumbu rempah halus hingga harum, masukkan rempah cemplung seperti kayu manis dan cengkeh. Tuang bumbu tumis ke dalam rebusan tulang. Tambahkan garam, kaldu bubuk dan lada bubuk. Biarkan tulang empuk dan bumbu meresap. Koreksi rasa. Angkat., Sajikan sup tulang di mangkuk bersama wortel, kentang, tomat, taburan daun bawang dan taburan bawang goreng. Lengkapi dengan sambal kecap dan perasan jeruk sambal.","tulang sapi, wortel besar, kentang besar, air, bawang goreng, tangkai daun bawang diiris, tomat besar, garam selera, kaldu bubuk, bawang putih, jari jahe, biji pala utuh, biji cengkeh, kayu manis, lada bubuk, mangkuk kecil irisan bawang, bawang goreng, mangkuk sambal kecap","sop Sup Tulang Rempah ala Melayu Bahan tulang sapi, wortel besar, kentang besar, air, bawang goreng, tangkai daun bawang diiris, tomat besar, garam selera, kaldu bubuk, bawang putih, jari jahe, biji pala utuh, biji cengkeh, kayu manis, lada bubuk, mangkuk kecil irisan bawang, bawang goreng, mangkuk sambal kecap Langkah-Langkah Siapkan bahan-bahannya., Rebus kentang dan wortel hingga empuk sisihkan., Rebus tulang sapi hingga dagingnya empuk., Tumis bumbu rempah halus hingga harum, masukkan rempah cemplung seperti kayu manis dan cengkeh. Tuang bumbu tumis ke dalam rebusan tulang. Tambahkan garam, kaldu bubuk dan lada bubuk. Biarkan tulang empuk dan bumbu meresap. Koreksi rasa. Angkat., Sajikan sup tulang di mangkuk bersama wortel, kentang, tomat, taburan daun bawang dan taburan bawang goreng. Lengkapi dengan sambal kecap dan perasan jeruk sambal."
resep-24981758,sop,https://cookpad.com/id/resep/24981758,Sop Kambing Creamy,https://img-global.cpcdn.com/recipes/18fcad7ef233328e/1200x630cq80/photo.jpg,"['1 kg kambing plus tulang', '1 L Air', '2 jempol jahe', '2 jempol lengkuas', '1 sdm garam', '15 butir bawang merah', '20 butir bawang putih', '6 butir kemiri', '1/2 jempol jahe', '1 buah biji pala sangrai', '12 butir cengkeh', '1 batang kayu manis', '2 buah pekak', '3 batang sereh', '12 lembar daun jeruk', '6 lembar daun salam', '1 jempol lengkuas', '2,2 liter air', '1 set Bumbu halus yang sudah ditumis', '3 sdt kaldu sapi bubuk', '1-2 sdt garam', '2 sdt penyedap', '400 ml susu evaporasi (masukin di akhir) jangan ikut di presto', 'Potongan Tomat secukupnya', 'secukupnya Sambel rebus', 'secukupnya Daun bawang - Seledri', 'secukupnya Jeruk limau', 'secukupnya Emping']","[{'text': 'Siapkan semua bahan yang di gunakan.', 'images': ['https://img-global.cpcdn.com/steps/735dba0b0ae07bf6/400x400cq80/photo.jpg']}, {'text': 'Siapkan air dalam panci dan juga tambahkan senua bahan rebusan, kemudian masukan daging & tulang kambingnya rebus ± 5 menit aja untuk mengeluarkan kotoran yang menempel. Kemudian pisahkan daging & tulang kambing dari air rebusan tadi (buang airnya) Lalu haluskan bahan bumbu halusnya.', 'images': ['https://img-global.cpcdn.com/steps/1cc33a0cbde3c010/400x400cq80/photo.jpg', 'https://img-global.cpcdn.com/steps/35b064f0efaf9e46/400x400cq80/photo.jpg', 'https://img-global.cpcdn.com/steps/f3276bbd708c07d0/400x400cq80/photo.jpg']}, {'text': 'Setelah bumbu halus kenudian tumis dengan sedikit minyak hingga matang tidak bau langu lagi. Rebus kembali daging & tulang kambing di dalam panci kemudian masukan bumbu presto (bahan Aromatik).', 'images': ['https://img-global.cpcdn.com/steps/f24fd1b2660f211f/400x400cq80/photo.jpg', 'https://img-global.cpcdn.com/steps/68f9e5bb04abddc4/400x400cq80/photo.jpg', 'https://img-global.cpcdn.com/steps/73b4411f5068fbcb/400x400cq80/photo.jpg']}, {'text': 'Setelah itu masukan bumbu halus yang sudah di tumis tadi kedalam panci aduk hingga rata, masak hingga matang daging kambing pun empuk (krn saya tidak menggunakan panci presto jadi saya menggunakan metode 5:30:10 agar hemat gas & daging pun cepat empuk). Setelah di rasa hampir matang kemudian tidak lupa masukan susu evaporasi nya, aduk2 hingga tercampur merata.', 'images': ['https://img-global.cpcdn.com/steps/19001c7368084419/400x400cq80/photo.jpg', 'https://img-global.cpcdn.com/steps/ebf1b3f46eaad550/400x400cq80/photo.jpg', 'https://img-global.cpcdn.com/steps/db48d42d55ee0cdf/400x400cq80/photo.jpg']}, {'text': 'Terakhir test rasa, bila dirasa masih kurang bisa tambahkan lagi, garam, kaldu bubuk & lada. Matikan kompor, angkat dan sajikan bersama bahan pelengkap lainya.', 'images': ['https://img-global.cpcdn.com/steps/e405a487d6ec5584/400x400cq80/photo.jpg', 'https://img-global.cpcdn.com/steps/92889f255b82ed7b/400x400cq80/photo.jpg', 'https://img-global.cpcdn.com/steps/4e73a5c183b94bf9/400x400cq80/photo.jpg']}]","Siapkan semua bahan yang di gunakan., Siapkan air dalam panci dan juga tambahkan senua bahan rebusan, kemudian masukan daging & tulang kambingnya rebus ± 5 menit aja untuk mengeluarkan kotoran yang menempel. Kemudian pisahkan daging & tulang kambing dari air rebusan tadi (buang airnya) Lalu haluskan bahan bumbu halusnya., Setelah bumbu halus kenudian tumis dengan sedikit minyak hingga matang tidak bau langu lagi. Rebus kembali daging & tulang kambing di dalam panci kemudian masukan bumbu presto (bahan Aromatik)., Setelah itu masukan bumbu halus yang sudah di tumis tadi kedalam panci aduk hingga rata, masak hingga matang daging kambing pun empuk (krn saya tidak menggunakan panci presto jadi saya menggunakan metode 5:30:10 agar hemat gas & daging pun cepat empuk). Setelah di rasa hampir matang kemudian tidak lupa masukan susu evaporasi nya, aduk2 hingga tercampur merata., Terakhir test rasa, bila dirasa masih kurang bisa tambahkan lagi, garam, kaldu bubuk & lada. Matikan kompor, angkat dan sajikan bersama bahan pelengkap lainya.","kambing plus tulang, air, jempol jahe, jempol lengkuas, garam, bawang merah, bawang putih, kemiri, jempol jahe, biji pala, cengkeh, kayu manis, pekak, sereh, daun jeruk, daun salam, jempol lengkuas, air, set bumbu ditumis, kaldu sapi bubuk, garam, susu evaporasi, potongan tomat, sambel rebus, daun bawang seledri, jeruk limau, emping","sop Sop Kambing Creamy Bahan kambing plus tulang, air, jempol jahe, jempol lengkuas, garam, bawang merah, bawang putih, kemiri, jempol jahe, biji pala, cengkeh, kayu manis, pekak, sereh, daun jeruk, daun salam, jempol lengkuas, air, set bumbu ditumis, kaldu sapi bubuk, garam, susu evaporasi, potongan tomat, sambel rebus, daun bawang seledri, jeruk limau, emping Langkah-Langkah Siapkan semua bahan yang di gunakan., Siapkan air dalam panci dan juga tambahkan senua bahan rebusan, kemudian masukan daging & tulang kambingnya rebus ± 5 menit aja untuk mengeluarkan kotoran yang menempel. Kemudian pisahkan daging & tulang kambing dari air rebusan tadi (buang airnya) Lalu haluskan bahan bumbu halusnya., Setelah bumbu halus kenudian tumis dengan sedikit minyak hingga matang tidak bau langu lagi. Rebus kembali daging & tulang kambing di dalam panci kemudian masukan bumbu presto (bahan Aromatik)., Setelah itu masukan bumbu halus yang sudah di tumis tadi kedalam panci aduk hingga rata, masak hingga matang daging kambing pun empuk (krn saya tidak menggunakan panci presto jadi saya menggunakan metode 5:30:10 agar hemat gas & daging pun cepat empuk). Setelah di rasa hampir matang kemudian tidak lupa masukan susu evaporasi nya, aduk2 hingga tercampur merata., Terakhir test rasa, bila dirasa masih kurang bisa tambahkan lagi, garam, kaldu bubuk & lada. Matikan kompor, angkat dan sajikan bersama bahan pelengkap lainya."
resep-24982137,sop,https://cookpad.com/id/resep/24982137,Sup ayam jagung,https://img-global.cpcdn.com/recipes/a250cde2f80e9854/1200x630cq80/photo.jpg,"['250 gram ayam fillet', '2 buah telor ayam (saya pakai telor omega)', '1 buah wortel', '4 potong tahu putih', '1 buah jagung pipil', '2 sdm minyak goreng', '1,5 liter air', '2 siung bawang putih', '1 batang daun bawang', '1 sdm minyak wijen', '2 sdm saos tiram', 'secukupnya Garam', 'secukupnya Penyedap', 'secukupnya Lada bubuk']","[{'text': 'Siapkan bumbu dan bahan. Potong dadu ayam fillet, wortel, dan tahu putih, sisihkan. Kocok lepas telur, sisihkan.', 'images': ['https://img-global.cpcdn.com/steps/257e4446c34dde8d/400x400cq80/photo.jpg']}, {'text': 'Cincang bawang putih. Potong daun bawang', 'images': ['https://img-global.cpcdn.com/steps/a85246a4ba45c63c/400x400cq80/photo.jpg']}, {'text': 'Tuang minyak. Tumis ayam hingga berubah warna, sisihkan.', 'images': ['https://img-global.cpcdn.com/steps/3f29658c1b24d637/400x400cq80/photo.jpg']}, {'text': 'Tumis bawang putih hingga berwarna kecoklatan. Masukkan batang daun bawang.', 'images': ['https://img-global.cpcdn.com/steps/9ad6a59f8347cc8a/400x400cq80/photo.jpg', 'https://img-global.cpcdn.com/steps/1761db64b6b48427/400x400cq80/photo.jpg']}, {'text': 'Masukkan setengah bagian dari telur yang sudah dikocok lepas, orak arik. Lalu masukkan wortel, jagung pipil, dan ayam yang sudah di tumis. Tumis bersama.', 'images': ['https://img-global.cpcdn.com/steps/61f202478fc00c09/400x400cq80/photo.jpg']}, {'text': 'Masukan air, masak hingga mendidih. Masukkan tahu.', 'images': ['https://img-global.cpcdn.com/steps/6ffffbc30d0a09e8/400x400cq80/photo.jpg']}, {'text': 'Masukkan garam, penyedap, dan lada bubuk secukupnya. Sesuaikan rasa sesuai selera.', 'images': []}, {'text': 'Masukkan sisa bagian telur yang sudah dikocok lepas, aduk merata. Masak hingga matang. Terakhir, masukkan daun bawang, aduk merata. Lalu matikan api.', 'images': ['https://img-global.cpcdn.com/steps/ac71408a9d950b83/400x400cq80/photo.jpg']}, {'text': 'Masakan sudah siap untuk dihidangkan. Cocok dihidangkan dalam kondisi hangat.', 'images': ['https://img-global.cpcdn.com/steps/0f79b2ce4bf394b0/400x400cq80/photo.jpg']}]","Siapkan bumbu dan bahan. Potong dadu ayam fillet, wortel, dan tahu putih, sisihkan. Kocok lepas telur, sisihkan., Cincang bawang putih. Potong daun bawang, Tuang minyak. Tumis ayam hingga berubah warna, sisihkan., Tumis bawang putih hingga berwarna kecoklatan. Masukkan batang daun bawang., Masukkan setengah bagian dari telur yang sudah dikocok lepas, orak arik. Lalu masukkan wortel, jagung pipil, dan ayam yang sudah di tumis. Tumis bersama., Masukan air, masak hingga mendidih. Masukkan tahu., Masukkan garam, penyedap, dan lada bubuk secukupnya. Sesuaikan rasa sesuai selera., Masukkan sisa bagian telur yang sudah dikocok lepas, aduk merata. Masak hingga matang. Terakhir, masukkan daun bawang, aduk merata. Lalu matikan api., Masakan sudah siap untuk dihidangkan. Cocok dihidangkan dalam kondisi hangat.","ayam fillet, telor ayam, wortel, tahu putih, jagung pipil, minyak goreng, air, bawang putih, daun bawang, minyak wijen, saos tiram, garam, lada bubuk","sop Sup ayam jagung Bahan ayam fillet, telor ayam, wortel, tahu putih, jagung pipil, minyak goreng, air, bawang putih, daun bawang, minyak wijen, saos tiram, garam, lada bubuk Langkah-Langkah Siapkan bumbu dan bahan. Potong dadu ayam fillet, wortel, dan tahu putih, sisihkan. Kocok lepas telur, sisihkan., Cincang bawang putih. Potong daun bawang, Tuang minyak. Tumis ayam hingga berubah warna, sisihkan., Tumis bawang putih hingga berwarna kecoklatan. Masukkan batang daun bawang., Masukkan setengah bagian dari telur yang sudah dikocok lepas, orak arik. Lalu masukkan wortel, jagung pipil, dan ayam yang sudah di tumis. Tumis bersama., Masukan air, masak hingga mendidih. Masukkan tahu., Masukkan garam, penyedap, dan lada bubuk secukupnya. Sesuaikan rasa sesuai selera., Masukkan sisa bagian telur yang sudah dikocok lepas, aduk merata. Masak hingga matang. Terakhir, masukkan daun bawang, aduk merata. Lalu matikan api., Masakan sudah siap untuk dihidangkan. Cocok dihidangkan dalam kondisi hangat."
resep-24982267,soto,https://cookpad.com/id/resep/24982267,Soto Bandung,https://img-global.cpcdn.com/recipes/3190decbacf4bcc9/1200x630cq80/photo.jpg,"['400 gr daging sapi', '1 liter air', '1 buah lobak (saya labu siam)', '1 batang daun bawang', '1 batang seledri', '3 sdm minyak goreng', 'Secukupnya kedelai goreng (saya skip)', '1 sdt merica', '4 buah bawang merah', '4 buah bawang putih', '3 buah bawang merah (iris tipis)', '3 buah bawang putih (iris tipis)', '3 cm jahe (digeprek)', '2 batang sereh', '1/2 buah pala', '3 lembar daun salam', '2 lembar daun jeruk purut', '3/4 sdt garam', '1/2 sdt penyedap rasa']","[{'text': ' Langkah pertama kita Cuci bersih daging lalu potong dadu. Didihkan air. Rebus sebentar daging sampai keluar busa-busa. Buang airnya. Rebus lagi dengan air yang baru sampai daging empuk.', 'images': []}, {'text': ' Sembari menunggu daging empuk (kira-kira 30 menit). Kita haluskan bumbunya. Lanjut panaskan minyak goreng,lalu tumis bumbu sampai wangi,masukkan bumbu lainnya. Tumis sampai tanak kemudian masukkan ke dalam rebusan daging.', 'images': ['https://img-global.cpcdn.com/steps/afd7f76c0493446f/400x400cq80/photo.jpg', 'https://img-global.cpcdn.com/steps/8ec6c5070a2c4cdf/400x400cq80/photo.jpg', 'https://img-global.cpcdn.com/steps/d6d60f92b804750b/400x400cq80/photo.jpg']}, {'text': ' Tambahkan garam dan penyedap rasa. Aduk rata. Jika sudah mendidih masukkan irisan lobak (sebelumnya sudsh direbus ya),irisan daun bawang dan seledri. Siap deh', 'images': ['https://img-global.cpcdn.com/steps/7970aae512e36744/400x400cq80/photo.jpg']}]","Langkah pertama kita Cuci bersih daging lalu potong dadu. Didihkan air. Rebus sebentar daging sampai keluar busa-busa. Buang airnya. Rebus lagi dengan air yang baru sampai daging empuk., Sembari menunggu daging empuk (kira-kira 30 menit). Kita haluskan bumbunya. Lanjut panaskan minyak goreng,lalu tumis bumbu sampai wangi,masukkan bumbu lainnya. Tumis sampai tanak kemudian masukkan ke dalam rebusan daging., Tambahkan garam dan penyedap rasa. Aduk rata. Jika sudah mendidih masukkan irisan lobak (sebelumnya sudsh direbus ya),irisan daun bawang dan seledri. Siap deh","daging sapi, air, lobak, daun bawang, seledri, minyak goreng, kedelai goreng, merica, bawang merah, bawang putih, bawang merah iris, bawang putih iris, jahe, sereh, pala, daun salam, daun jeruk purut, garam, rasa","soto Soto Bandung Bahan daging sapi, air, lobak, daun bawang, seledri, minyak goreng, kedelai goreng, merica, bawang merah, bawang putih, bawang merah iris, bawang putih iris, jahe, sereh, pala, daun salam, daun jeruk purut, garam, rasa Langkah-Langkah Langkah pertama kita Cuci bersih daging lalu potong dadu. Didihkan air. Rebus sebentar daging sampai keluar busa-busa. Buang airnya. Rebus lagi dengan air yang baru sampai daging empuk., Sembari menunggu daging empuk (kira-kira 30 menit). Kita haluskan bumbunya. Lanjut panaskan minyak goreng,lalu tumis bumbu sampai wangi,masukkan bumbu lainnya. Tumis sampai tanak kemudian masukkan ke dalam rebusan daging., Tambahkan garam dan penyedap rasa. Aduk rata. Jika sudah mendidih masukkan irisan lobak (sebelumnya sudsh direbus ya),irisan daun bawang dan seledri. Siap deh"
resep-24980457,soto,https://cookpad.com/id/resep/24980457,Soto tangkar,https://img-global.cpcdn.com/recipes/fddcbd07843630de/1200x630cq80/photo.jpg,"['1 bungkus kikil', '6 siung bawang merah', '4 siung bawang putih', '2 butir kemiri', '5 buah cabe merah', '1 jempol jahe', '1 ruas kunyit', '1 ruas lengkuas', '1 SDM ketumbar', '1 sdt pala bubuk', '1/2 sdt merica bubuk', '1 batang sereh', '2 lembar daun salam', '3 lebar daun jeruk', '2 cm kayu manis', '2 butir Cengkeh', '1 buah Tomat', '1 batang daun bawang', '125 mili susu uht full cream / santan', '1/2 bungkus royco', '1/2 sdm garam', '1/4 pcs gula merah', '2 sdm kecap manis']","[{'text': 'Rebus kikil di air mendidih kurang lebih 15 menit. Lalu cuci sampe bersih kemudian potong potong', 'images': ['https://img-global.cpcdn.com/steps/b4874174c64aa2f6/400x400cq80/photo.jpg']}, {'text': 'Haluskan bumbu. Tumis hingga harum. Tambahkan daun jeruk, daun salam, satu batang sereh yang sudah di geprek, kayu manis dan cengkeh. Tumis lagi sebentar', 'images': ['https://img-global.cpcdn.com/steps/81522b5dfc102358/400x400cq80/photo.jpg', 'https://img-global.cpcdn.com/steps/bbd70fc3e9e8f81e/400x400cq80/photo.jpg']}, {'text': 'Tambahkan 2 setengah gelas air. Masukan kikil. Tambahkan gula, garam, penyedap, dan kecap. Tunggu hingga mendidih. Setelah itu masukan susu uht. (Harga lebih murah dari santan)', 'images': ['https://img-global.cpcdn.com/steps/422d7509d24a9ad8/400x400cq80/photo.jpg']}, {'text': 'Terahir potong potong tomat, daun bawang dan seledri. Masukan ke soto. Tunggu sebentar hingga layu. Soto tangkar siap di hidangkan.', 'images': ['https://img-global.cpcdn.com/steps/0db465e74845bccb/400x400cq80/photo.jpg', 'https://img-global.cpcdn.com/steps/a9e888a059261cb1/400x400cq80/photo.jpg']}]","Rebus kikil di air mendidih kurang lebih 15 menit. Lalu cuci sampe bersih kemudian potong potong, Haluskan bumbu. Tumis hingga harum. Tambahkan daun jeruk, daun salam, satu batang sereh yang sudah di geprek, kayu manis dan cengkeh. Tumis lagi sebentar, Tambahkan 2 setengah gelas air. Masukan kikil. Tambahkan gula, garam, penyedap, dan kecap. Tunggu hingga mendidih. Setelah itu masukan susu uht. (Harga lebih murah dari santan), Terahir potong potong tomat, daun bawang dan seledri. Masukan ke soto. Tunggu sebentar hingga layu. Soto tangkar siap di hidangkan.","kikil, bawang merah, bawang putih, kemiri, cabe merah, jempol jahe, kunyit, lengkuas, ketumbar, pala bubuk, merica bubuk, sereh, daun salam, lebar daun jeruk, kayu manis, cengkeh, tomat, daun bawang, mili susu uht full cream santan, royco, garam, gula merah, kecap manis","soto Soto tangkar Bahan kikil, bawang merah, bawang putih, kemiri, cabe merah, jempol jahe, kunyit, lengkuas, ketumbar, pala bubuk, merica bubuk, sereh, daun salam, lebar daun jeruk, kayu manis, cengkeh, tomat, daun bawang, mili susu uht full cream santan, royco, garam, gula merah, kecap manis Langkah-Langkah Rebus kikil di air mendidih kurang lebih 15 menit. Lalu cuci sampe bersih kemudian potong potong, Haluskan bumbu. Tumis hingga harum. Tambahkan daun jeruk, daun salam, satu batang sereh yang sudah di geprek, kayu manis dan cengkeh. Tumis lagi sebentar, Tambahkan 2 setengah gelas air. Masukan kikil. Tambahkan gula, garam, penyedap, dan kecap. Tunggu hingga mendidih. Setelah itu masukan susu uht. (Harga lebih murah dari santan), Terahir potong potong tomat, daun bawang dan seledri. Masukan ke soto. Tunggu sebentar hingga layu. Soto tangkar siap di hidangkan."
resep-24730112,soto,https://cookpad.com/id/resep/24730112,Sambal untuk soto,https://img-global.cpcdn.com/recipes/9250a2ac175f4871/1200x630cq80/photo.jpg,"['11 cabai keriting', '6 cabai rawit oranye', '3 siung bawang putih', '1/4 sdt garam', '2 butir kemiri, sangrai', 'Secukupnya air untuk merebus']","[{'text': 'Rebus cabai keriting, rawit dan bawang putih sekitar 5 menit. Angkat, tiriskan.', 'images': []}, {'text': 'Haluskan kemiri, garam, cabai dan bawang putih hingga halus. Simpan dalam wadah. Bisa disimpan di kulkas.', 'images': ['https://img-global.cpcdn.com/steps/0e78012fced7dc6a/400x400cq80/photo.jpg']}]","Rebus cabai keriting, rawit dan bawang putih sekitar 5 menit. Angkat, tiriskan., Haluskan kemiri, garam, cabai dan bawang putih hingga halus. Simpan dalam wadah. Bisa disimpan di kulkas.","cabai keriting, cabai rawit oranye, bawang putih, garam, kemiri, air","soto Sambal untuk soto Bahan cabai keriting, cabai rawit oranye, bawang putih, garam, kemiri, air Langkah-Langkah Rebus cabai keriting, rawit dan bawang putih sekitar 5 menit. Angkat, tiriskan., Haluskan kemiri, garam, cabai dan bawang putih hingga halus. Simpan dalam wadah. Bisa disimpan di kulkas."
resep-24959742,soto,https://cookpad.com/id/resep/24959742,Soto Segar Ala Soto Kwali,https://img-global.cpcdn.com/recipes/4b1003463ef9bae1/1200x630cq80/photo.jpg,"['1 kg dada ayam fillet', '5 bh ceker ayam', '1.5 liter air', '2 sdm bumbu putih', '1 sdm ketumbar bubuk', '1 sdt pala bubuk', '2 batang sereh', '3 lembar daun salam', '3 lembar daun jeruk', '2 bh bunga lawang/pekak', '7 bh cengkeh', '3 bh kapulaga', '2 ruas jari laos', '1 ruas jari jahe', 'Secukupnya gula pasir, garam dan kaldu bubuk bila suka', 'Secukupnya nasi putih', 'Secukupnya toge pendek', 'Secukupnya Bawang putih goreng', 'secukupnya Seledri', 'Sambal dan jeruk nipis']","[{'text': 'Siapkan bahan', 'images': ['https://img-global.cpcdn.com/steps/b08f4b9ee6cf71d3/400x400cq80/photo.jpg', 'https://img-global.cpcdn.com/steps/26c46c0c4b4b77dc/400x400cq80/photo.jpg']}, {'text': 'Rebus ayam dengan air smp setengah matang, mimi gunakan fillet tanpa kulit agar kuahnya bening. Sementara merebus, tumis bumbu putih, rempah dan aromatik smp harum dan matang.', 'images': ['https://img-global.cpcdn.com/steps/249843cfb7557df9/400x400cq80/photo.jpg', 'https://img-global.cpcdn.com/steps/ff34e46d90cb105c/400x400cq80/photo.jpg', 'https://img-global.cpcdn.com/steps/b06378453d87ec38/400x400cq80/photo.jpg']}, {'text': 'Masukkan kedalam rebusan ayam..tambahkan seasoning (gula, garam dan kaldu). Masak smp ayam matang dan empuk. Koreksi rasa.', 'images': ['https://img-global.cpcdn.com/steps/f4080bd5c659fa05/400x400cq80/photo.jpg', 'https://img-global.cpcdn.com/steps/18fdea0ddb44a8ce/400x400cq80/photo.jpg', 'https://img-global.cpcdn.com/steps/8709212c22b84e53/400x400cq80/photo.jpg']}, {'text': 'Tiriskan ayam, bisa digoreng atau tidak..suwir2.. rebus juga toge. Sisihkan', 'images': ['https://img-global.cpcdn.com/steps/5163799838ac3f3d/400x400cq80/photo.jpg', 'https://img-global.cpcdn.com/steps/a30d26411eb59f0c/400x400cq80/photo.jpg']}, {'text': 'Penyajian : dalam mangkok tata nasi putih, toge dan suwiran ayam. Siram dengan kuah panas, taburi bawang putih goreng dan seledri. Sajikan soto saat masih panas dengan pelengkapnya.', 'images': ['https://img-global.cpcdn.com/steps/ac5bc5b70a73874b/400x400cq80/photo.jpg', 'https://img-global.cpcdn.com/steps/bd35e601c81aadb0/400x400cq80/photo.jpg', 'https://img-global.cpcdn.com/steps/107fea61d5465cef/400x400cq80/photo.jpg']}]","Siapkan bahan, Rebus ayam dengan air smp setengah matang, mimi gunakan fillet tanpa kulit agar kuahnya bening. Sementara merebus, tumis bumbu putih, rempah dan aromatik smp harum dan matang., Masukkan kedalam rebusan ayam..tambahkan seasoning (gula, garam dan kaldu). Masak smp ayam matang dan empuk. Koreksi rasa., Tiriskan ayam, bisa digoreng atau tidak..suwir2.. rebus juga toge. Sisihkan, Penyajian : dalam mangkok tata nasi putih, toge dan suwiran ayam. Siram dengan kuah panas, taburi bawang putih goreng dan seledri. Sajikan soto saat masih panas dengan pelengkapnya.","dada ayam fillet, ceker ayam, air, bumbu putih, ketumbar bubuk, pala bubuk, sereh, daun salam, daun jeruk, bunga lawangpekak, cengkeh, kapulaga, jari laos, jari jahe, gula pasir garam kaldu bubuk, nasi putih, toge pendek, bawang putih goreng, seledri, sambal jeruk nipis","soto Soto Segar Ala Soto Kwali Bahan dada ayam fillet, ceker ayam, air, bumbu putih, ketumbar bubuk, pala bubuk, sereh, daun salam, daun jeruk, bunga lawangpekak, cengkeh, kapulaga, jari laos, jari jahe, gula pasir garam kaldu bubuk, nasi putih, toge pendek, bawang putih goreng, seledri, sambal jeruk nipis Langkah-Langkah Siapkan bahan, Rebus ayam dengan air smp setengah matang, mimi gunakan fillet tanpa kulit agar kuahnya bening. Sementara merebus, tumis bumbu putih, rempah dan aromatik smp harum dan matang., Masukkan kedalam rebusan ayam..tambahkan seasoning (gula, garam dan kaldu). Masak smp ayam matang dan empuk. Koreksi rasa., Tiriskan ayam, bisa digoreng atau tidak..suwir2.. rebus juga toge. Sisihkan, Penyajian : dalam mangkok tata nasi putih, toge dan suwiran ayam. Siram dengan kuah panas, taburi bawang putih goreng dan seledri. Sajikan soto saat masih panas dengan pelengkapnya."
resep-24978815,soto,https://cookpad.com/id/resep/24978815,Soto Lamongan soto kuah kuning tanpa santan,https://img-global.cpcdn.com/recipes/a7a2660008f46c29/1200x630cq80/photo.jpg,"['500 gr ayam fillet', '6 siung bawang merah', '5 siung bawang putih', '3 sdm ketumbar bubuk', '1/2 sdm merica bubuk', 'Seruas jahe', 'Seruas lengkuas', '1/2 batang serai', '1 sdm kecap', '2 sdm bawang goreng', 'Secukupnya garam', '1/2 sdm gula pasir', '1 panci air', '1 ruas kunyit']","[{'text': 'Didihkan air. Sambil menunggu, siapkan bahan lainnya. Potong ayam bentuk dadu, hilangkan amisnya dengan jeruk nipis dan garam. Bilas.', 'images': ['https://img-global.cpcdn.com/steps/8735d010e8d8b5f7/400x400cq80/photo.jpg']}, {'text': 'Tumis bawang merah dan bawang putih yang sudah dihaluskan. Masukkan ayam, aduk-aduk sampai berubah warna.', 'images': ['https://img-global.cpcdn.com/steps/67a33ab23f6d4303/400x400cq80/photo.jpg']}, {'text': 'Masukkan ayam ke dalam panci yang airnya sudah mendidih. Tambahkan bumbu-bumbu lainnya. Didihkan kembali. Koreksi rasa.', 'images': ['https://img-global.cpcdn.com/steps/4b1f5f7db679e07a/400x400cq80/photo.jpg']}, {'text': 'Soto ayam bisa ditambahkan pelengkap seperti telur, kol, dll.', 'images': ['https://img-global.cpcdn.com/steps/c0ec4378d30f0ee2/400x400cq80/photo.jpg']}]","Didihkan air. Sambil menunggu, siapkan bahan lainnya. Potong ayam bentuk dadu, hilangkan amisnya dengan jeruk nipis dan garam. Bilas., Tumis bawang merah dan bawang putih yang sudah dihaluskan. Masukkan ayam, aduk-aduk sampai berubah warna., Masukkan ayam ke dalam panci yang airnya sudah mendidih. Tambahkan bumbu-bumbu lainnya. Didihkan kembali. Koreksi rasa., Soto ayam bisa ditambahkan pelengkap seperti telur, kol, dll.","ayam fillet, bawang merah, bawang putih, ketumbar bubuk, merica bubuk, seruas jahe, seruas lengkuas, serai, kecap, bawang goreng, garam, gula pasir, panci air, kunyit","soto Soto Lamongan soto kuah kuning tanpa santan Bahan ayam fillet, bawang merah, bawang putih, ketumbar bubuk, merica bubuk, seruas jahe, seruas lengkuas, serai, kecap, bawang goreng, garam, gula pasir, panci air, kunyit Langkah-Langkah Didihkan air. Sambil menunggu, siapkan bahan lainnya. Potong ayam bentuk dadu, hilangkan amisnya dengan jeruk nipis dan garam. Bilas., Tumis bawang merah dan bawang putih yang sudah dihaluskan. Masukkan ayam, aduk-aduk sampai berubah warna., Masukkan ayam ke dalam panci yang airnya sudah mendidih. Tambahkan bumbu-bumbu lainnya. Didihkan kembali. Koreksi rasa., Soto ayam bisa ditambahkan pelengkap seperti telur, kol, dll."
resep-24930221,semur,https://cookpad.com/id/resep/24930221,Semur Kikil Sapi,https://img-global.cpcdn.com/recipes/5195eec8c427c218/1200x630cq80/photo.jpg,"['1/2 kg kikil sapi', '1/2 buah bawang Bombay,iris kasar', '2 daun salam', '1 buah kapulaga', '3 bunga lawang', '2 butir cengkih', '4 cm kayumanis', '2 cm jahe,keprek', '1 gr garam', '5 SDM kecap manis', '1 SDM saus tiram', '1 sdm gula merah sisir', '5 siung bawang merah', '5 siung bawang putih', '4 butir kemiri', '1 buah buah pala, geprek atau boleh juga pakai bubuk pala']","[{'text': 'Potong-potong kikil, kemudian rebus, tetap rebus 10 menit setelah mendidih', 'images': ['https://img-global.cpcdn.com/steps/2d9086b7dd647739/400x400cq80/photo.jpg']}, {'text': '1. haluskan bumbu halus 2. tumis dengan minyak, pastikan bumbu matang dan harum menyerbak', 'images': ['https://img-global.cpcdn.com/steps/86ad5579191b6cb2/400x400cq80/photo.jpg']}, {'text': '3. tambahkan kikil, dan bumbu cemplung 4. tambahkan air masak hingga mendidih', 'images': ['https://img-global.cpcdn.com/steps/1d80047eecc077b0/400x400cq80/photo.jpg', 'https://img-global.cpcdn.com/steps/ee55f452962240c5/400x400cq80/photo.jpg']}, {'text': '5. tambahkan kecap, garam, saus tiram, gula merah 6. koreksi rasa terlebih dahulu 7. biarkan air meresap, sisakan sedikit saja kuahnya. 8. koreksi rasa kembali.', 'images': ['https://img-global.cpcdn.com/steps/99b7732aae4e608c/400x400cq80/photo.jpg', 'https://img-global.cpcdn.com/steps/ef6c8c039a8ada5a/400x400cq80/photo.jpg']}]","Potong-potong kikil, kemudian rebus, tetap rebus 10 menit setelah mendidih, 1. haluskan bumbu halus 2. tumis dengan minyak, pastikan bumbu matang dan harum menyerbak, 3. tambahkan kikil, dan bumbu cemplung 4. tambahkan air masak hingga mendidih, 5. tambahkan kecap, garam, saus tiram, gula merah 6. koreksi rasa terlebih dahulu 7. biarkan air meresap, sisakan sedikit saja kuahnya. 8. koreksi rasa kembali.","kikil sapi, bawang bombayiris kasar, daun salam, kapulaga, bunga lawang, cengkih, kayumanis, jahekeprek, garam, kecap manis, saus tiram, gula merah sisir, bawang merah, bawang putih, kemiri, pala","semur Semur Kikil Sapi Bahan kikil sapi, bawang bombayiris kasar, daun salam, kapulaga, bunga lawang, cengkih, kayumanis, jahekeprek, garam, kecap manis, saus tiram, gula merah sisir, bawang merah, bawang putih, kemiri, pala Langkah-Langkah Potong-potong kikil, kemudian rebus, tetap rebus 10 menit setelah mendidih, 1. haluskan bumbu halus 2. tumis dengan minyak, pastikan bumbu matang dan harum menyerbak, 3. tambahkan kikil, dan bumbu cemplung 4. tambahkan air masak hingga mendidih, 5. tambahkan kecap, garam, saus tiram, gula merah 6. koreksi rasa terlebih dahulu 7. biarkan air meresap, sisakan sedikit saja kuahnya. 8. koreksi rasa kembali."
resep-24964196,semur,https://cookpad.com/id/resep/24964196,Semur Betawi,https://img-global.cpcdn.com/recipes/1d27ad681ea5d984/1200x630cq80/photo.jpg,"['500 gr paha ayam', '4 butir telur ayam', '250 ml air', '8 siung bawang merah', '3 siung bawang putih', '2 buah kemiri', '1/2 sdt merica', '1 sdm ketumbah', '1 buah kunyit', '1 ruas jari jahe', '2 batang sereh', '2 lembar daun salam', '3 lembar daun jeruk', '1 ruas jari langkuas', '2 batang kayu manis', '3 butir cengkeh']","[{'text': 'Siapkan bahan - bahan, kukus telur selama 10 menit, iris dua buah bawang merah lalu sisihkan. Haluskan bumbu halus. Goreng tahu sampai matang.', 'images': ['https://img-global.cpcdn.com/steps/5348e8f10d699466/400x400cq80/photo.jpg', 'https://img-global.cpcdn.com/steps/c2c569cf125309ec/400x400cq80/photo.jpg', 'https://img-global.cpcdn.com/steps/505fc32ec6760683/400x400cq80/photo.jpg']}, {'text': 'Panaskan minyak, setelah panas tumis bawang merah yang sudah diiiris sampai matang lalu tambahkan bumbu halus dan bumbu cemplung tumis sampai matang', 'images': ['https://img-global.cpcdn.com/steps/25c26f6867182a65/400x400cq80/photo.jpg', 'https://img-global.cpcdn.com/steps/72a9ceee84153447/400x400cq80/photo.jpg', 'https://img-global.cpcdn.com/steps/66f632e4d5f14b91/400x400cq80/photo.jpg']}, {'text': 'Tambahkan air 500 ml, tambahkan kecap dan garam. Setelah mendidih masukan ayam masak sampai aga empuk, lalu tambahkan telur dan tahu. Masak sampai kuah susut. Lalu koreksi rasa.', 'images': ['https://img-global.cpcdn.com/steps/e3ed2a832105f0b9/400x400cq80/photo.jpg', 'https://img-global.cpcdn.com/steps/df6b5fa75bd95ec5/400x400cq80/photo.jpg', 'https://img-global.cpcdn.com/steps/699e328bd44aa7de/400x400cq80/photo.jpg']}]","Siapkan bahan - bahan, kukus telur selama 10 menit, iris dua buah bawang merah lalu sisihkan. Haluskan bumbu halus. Goreng tahu sampai matang., Panaskan minyak, setelah panas tumis bawang merah yang sudah diiiris sampai matang lalu tambahkan bumbu halus dan bumbu cemplung tumis sampai matang, Tambahkan air 500 ml, tambahkan kecap dan garam. Setelah mendidih masukan ayam masak sampai aga empuk, lalu tambahkan telur dan tahu. Masak sampai kuah susut. Lalu koreksi rasa.","paha ayam, telur ayam, air, bawang merah, bawang putih, kemiri, merica, ketumbah, kunyit, jari jahe, sereh, daun salam, daun jeruk, jari langkuas, kayu manis, cengkeh","semur Semur Betawi Bahan paha ayam, telur ayam, air, bawang merah, bawang putih, kemiri, merica, ketumbah, kunyit, jari jahe, sereh, daun salam, daun jeruk, jari langkuas, kayu manis, cengkeh Langkah-Langkah Siapkan bahan - bahan, kukus telur selama 10 menit, iris dua buah bawang merah lalu sisihkan. Haluskan bumbu halus. Goreng tahu sampai matang., Panaskan minyak, setelah panas tumis bawang merah yang sudah diiiris sampai matang lalu tambahkan bumbu halus dan bumbu cemplung tumis sampai matang, Tambahkan air 500 ml, tambahkan kecap dan garam. Setelah mendidih masukan ayam masak sampai aga empuk, lalu tambahkan telur dan tahu. Masak sampai kuah susut. Lalu koreksi rasa."
resep-24962771,semur,https://cookpad.com/id/resep/24962771,Semur Ayam Praktis,https://img-global.cpcdn.com/recipes/0e619167e4057a53/1200x630cq80/photo.jpg,"['500 g Dada ayam', '1 bungkus (30 g) Bumbu praktis marinasi', '300 ml Air', '2 sdm Kecap manis', '1 sdm Minyak goreng', '2 lembar Daun salam', '2 lembar Daun jeruk', '2 cm, memarkan Lengkuas', '1 sdt Garam', '2 sdt Gula', '1 cm, memarkan Jahe', '1 sachet (5 g) Bawang putih bubuk']","[{'text': 'Potong dada ayam. Pilih: marinasi ayam dengan bumbu praktis selama 15 menit, atau cukup olesi ayam dengan bumbu.', 'images': []}, {'text': 'Panaskan minyak, tumis ayam hingga berubah warna.', 'images': []}, {'text': 'Masukkan daun salam, daun jeruk, lengkuas, jahe, dan bawang putih bubuk, aduk rata.', 'images': []}, {'text': 'Tambahkan air, kecap manis, garam, dan gula, aduk rata.', 'images': []}, {'text': 'Masak dengan api kecil hingga ayam matang dan kuah mengental.', 'images': []}]","Potong dada ayam. Pilih: marinasi ayam dengan bumbu praktis selama 15 menit, atau cukup olesi ayam dengan bumbu., Panaskan minyak, tumis ayam hingga berubah warna., Masukkan daun salam, daun jeruk, lengkuas, jahe, dan bawang putih bubuk, aduk rata., Tambahkan air, kecap manis, garam, dan gula, aduk rata., Masak dengan api kecil hingga ayam matang dan kuah mengental.","dada ayam, bumbu praktis, air, kecap manis, minyak goreng, daun salam, daun jeruk, lengkuas, garam, gula, jahe, bawang putih bubuk","semur Semur Ayam Praktis Bahan dada ayam, bumbu praktis, air, kecap manis, minyak goreng, daun salam, daun jeruk, lengkuas, garam, gula, jahe, bawang putih bubuk Langkah-Langkah Potong dada ayam. Pilih: marinasi ayam dengan bumbu praktis selama 15 menit, atau cukup olesi ayam dengan bumbu., Panaskan minyak, tumis ayam hingga berubah warna., Masukkan daun salam, daun jeruk, lengkuas, jahe, dan bawang putih bubuk, aduk rata., Tambahkan air, kecap manis, garam, dan gula, aduk rata., Masak dengan api kecil hingga ayam matang dan kuah mengental."
resep-24957856,semur,https://cookpad.com/id/resep/24957856,Semur Tahu Telor,https://img-global.cpcdn.com/recipes/d2a0974010ad4a00/1200x630cq80/photo.jpg,"['5 butir telur ayam', '5 buah tahu putih', '2 lembar daun salam', '2 cm lengkuas, geprek', '2 batang serai, geprek', '2 sdm kecap manis / sesuai selera', '1 sdm saus tiram', '1/2 sdt gula merah, sisir', '1/2 sdt garam / sesuai selera', '1/2 sdt kaldu bubuk', '400 ml air', '3 sdm minyak untuk menumis', '6 siung bawang merah', '3 siung bawang putih', '3 butir kemiri sanggrai', '1/2 sdt merica bubuk', '1/2 sdt ketumbar']","[{'text': 'Rebus telur sampai matang, tiriskan dan kupas, sisihkan. Potong tahu jadi segi tiga atau sesuai selera, goreng sampai matang, angkat dan tiriskan.', 'images': ['https://img-global.cpcdn.com/steps/c80448874977ff4d/400x400cq80/photo.jpg']}, {'text': 'Panaskan minyak, tumis bumbu halus, daun salam, lengkuas, dan serai sampai harum & matang.', 'images': ['https://img-global.cpcdn.com/steps/c83027ee907186be/400x400cq80/photo.jpg']}, {'text': 'Masukkan tahu dan telur rebus, aduk rata dengan bumbu. Tuang air, tambahkan kecap manis, saus tiram, gula merah, garam, dan kaldu bubuk.', 'images': ['https://img-global.cpcdn.com/steps/28c011b5d3bfdee8/400x400cq80/photo.jpg']}, {'text': 'Masak dengan api kecil sampai kuah mengental dan bumbu meresap. Cicipi rasa, sesuaikan manis-gurihnya. Angkat, sajikan hangat.', 'images': ['https://img-global.cpcdn.com/steps/2a979e10fbbcca3a/400x400cq80/photo.jpg', 'https://img-global.cpcdn.com/steps/b47011cc4cafcd20/400x400cq80/photo.jpg']}]","Rebus telur sampai matang, tiriskan dan kupas, sisihkan. Potong tahu jadi segi tiga atau sesuai selera, goreng sampai matang, angkat dan tiriskan., Panaskan minyak, tumis bumbu halus, daun salam, lengkuas, dan serai sampai harum & matang., Masukkan tahu dan telur rebus, aduk rata dengan bumbu. Tuang air, tambahkan kecap manis, saus tiram, gula merah, garam, dan kaldu bubuk., Masak dengan api kecil sampai kuah mengental dan bumbu meresap. Cicipi rasa, sesuaikan manis-gurihnya. Angkat, sajikan hangat.","telur ayam, tahu putih, daun salam, lengkuas, serai, kecap manis, saus tiram, gula merah sisir, garam, kaldu bubuk, air, minyak, bawang merah, bawang putih, kemiri sanggrai, merica bubuk, ketumbar","semur Semur Tahu Telor Bahan telur ayam, tahu putih, daun salam, lengkuas, serai, kecap manis, saus tiram, gula merah sisir, garam, kaldu bubuk, air, minyak, bawang merah, bawang putih, kemiri sanggrai, merica bubuk, ketumbar Langkah-Langkah Rebus telur sampai matang, tiriskan dan kupas, sisihkan. Potong tahu jadi segi tiga atau sesuai selera, goreng sampai matang, angkat dan tiriskan., Panaskan minyak, tumis bumbu halus, daun salam, lengkuas, dan serai sampai harum & matang., Masukkan tahu dan telur rebus, aduk rata dengan bumbu. Tuang air, tambahkan kecap manis, saus tiram, gula merah, garam, dan kaldu bubuk., Masak dengan api kecil sampai kuah mengental dan bumbu meresap. Cicipi rasa, sesuaikan manis-gurihnya. Angkat, sajikan hangat."
resep-24960208,semur,https://cookpad.com/id/resep/24960208,Semur babi,https://img-global.cpcdn.com/recipes/f1d9adf922bcebb4/1200x630cq80/photo.jpg,"['Marinasi daging dengan kecap manis dan lada biarkan 30 menit', '2 daun salam', 'secukupnya Jahe', 'secukupnya Lengkuas', '1 tomat', '1 buah Tahu (di goreng)', '1 buah kentang potong', '1 biji pala', '3 kemiri', '6 bawang merah', '3 bawang putih']","[{'text': 'Tumis bumbu halus sampe wangi masukan daun salam jahe dan lengkuas tumis', 'images': []}, {'text': 'Masukan daging yang sudah di marinasi aduk2, masukan tomat lalu air tutup', 'images': []}, {'text': 'Lalu beri totole lada garam, lalu masukan kentang(tidak usah goreng) setelah agak empukan masukan tahu (yang telah di goreng)', 'images': []}, {'text': 'Masak sampe empuk lalu koreksi rasa.. mateng deh ', 'images': []}]","Tumis bumbu halus sampe wangi masukan daun salam jahe dan lengkuas tumis, Masukan daging yang sudah di marinasi aduk2, masukan tomat lalu air tutup, Lalu beri totole lada garam, lalu masukan kentang(tidak usah goreng) setelah agak empukan masukan tahu (yang telah di goreng), Masak sampe empuk lalu koreksi rasa.. mateng deh","daging, daun salam, jahe, lengkuas, tomat, tahu di goreng, kentang, biji pala, kemiri, bawang merah, bawang putih","semur Semur babi Bahan daging, daun salam, jahe, lengkuas, tomat, tahu di goreng, kentang, biji pala, kemiri, bawang merah, bawang putih Langkah-Langkah Tumis bumbu halus sampe wangi masukan daun salam jahe dan lengkuas tumis, Masukan daging yang sudah di marinasi aduk2, masukan tomat lalu air tutup, Lalu beri totole lada garam, lalu masukan kentang(tidak usah goreng) setelah agak empukan masukan tahu (yang telah di goreng), Masak sampe empuk lalu koreksi rasa.. mateng deh"
resep-24788856,sayur lodeh,https://cookpad.com/id/resep/24788856,Lodeh Koro ungu,https://img-global.cpcdn.com/recipes/57b9fcd6390f1ce0/1200x630cq80/photo.jpg,"['400 gr koro kulit merah', '500 ml santan', '2 lembar daun salam', 'secukupnya Garam', 'secukupnya Kaldu bubuk', '5 buah bawang merah', '2 siung bawang putih', '7 buah cabe rawit asmoro', '2 jumput lada bubuk', 'Sejumput kunyit bubuk']","[{'text': 'Rebus potongan koro yang sudah bersih hingga koro empuk. Buang airnya, sisihkan.', 'images': ['https://img-global.cpcdn.com/steps/fb52c590cc4bd499/400x400cq80/photo.jpg', 'https://img-global.cpcdn.com/steps/4e6a0c24a5abe2d2/400x400cq80/photo.jpg', 'https://img-global.cpcdn.com/steps/f702ac593aa9aee4/400x400cq80/photo.jpg']}, {'text': 'Siapkan bahan bumbu halus, haluskan bumbu, lalu tumis hingga harum.', 'images': ['https://img-global.cpcdn.com/steps/b1de6632768572e4/400x400cq80/photo.jpg']}, {'text': 'Masukkan koro yang sudah di rebus, lalu aduk2 hingga bumbu rata dengan sayur koro', 'images': ['https://img-global.cpcdn.com/steps/b3cd4811d69c65e0/400x400cq80/photo.jpg']}, {'text': 'Tambahkan santan,dan daun salam bumbu lain, lalu koreksi rasa. Jika sudah pas, matikan kompor, sajikan.', 'images': ['https://img-global.cpcdn.com/steps/f44295768c02ef71/400x400cq80/photo.jpg', 'https://img-global.cpcdn.com/steps/aa605d066719a8ba/400x400cq80/photo.jpg']}]","Rebus potongan koro yang sudah bersih hingga koro empuk. Buang airnya, sisihkan., Siapkan bahan bumbu halus, haluskan bumbu, lalu tumis hingga harum., Masukkan koro yang sudah di rebus, lalu aduk2 hingga bumbu rata dengan sayur koro, Tambahkan santan,dan daun salam bumbu lain, lalu koreksi rasa. Jika sudah pas, matikan kompor, sajikan.","koro kulit merah, santan, daun salam, garam, kaldu bubuk, bawang merah, bawang putih, cabe rawit asmoro, jumput lada bubuk, kunyit bubuk","sayur lodeh Lodeh Koro ungu Bahan koro kulit merah, santan, daun salam, garam, kaldu bubuk, bawang merah, bawang putih, cabe rawit asmoro, jumput lada bubuk, kunyit bubuk Langkah-Langkah Rebus potongan koro yang sudah bersih hingga koro empuk. Buang airnya, sisihkan., Siapkan bahan bumbu halus, haluskan bumbu, lalu tumis hingga harum., Masukkan koro yang sudah di rebus, lalu aduk2 hingga bumbu rata dengan sayur koro, Tambahkan santan,dan daun salam bumbu lain, lalu koreksi rasa. Jika sudah pas, matikan kompor, sajikan."
resep-24944349,sayur lodeh,https://cookpad.com/id/resep/24944349,Lodeh Terong Jawa,https://img-global.cpcdn.com/recipes/fdeea4c150bc6137/1200x630cq80/photo.jpg,"['~~ ~~', '1 bh terong ungu', '1 papan kecil tempe', '1 bh kentang', '1 sdm bumbu jadi', '1 sdt ketumbar bubuk', '1 sdm bumbu gulai jadi', 'secukupnya Santan', 'secukupnya garam,gula,totole', 'bumbu iris :', '2 siung bawang putih', '2 siung bawang merah', '2 bh cabe keriting', '2 bh cabe ijo', '4 bh cabe pedas', '1 lbr daun salam dn daun jeruk', '1 tangkai serai geprek']","[{'text': 'Potong terong rendam sebentar, goreng kentang, potong"" tempe', 'images': ['https://img-global.cpcdn.com/steps/bfed4817ba236d7c/400x400cq80/photo.jpg', 'https://img-global.cpcdn.com/steps/cd1b0feb7d3bcafe/400x400cq80/photo.jpg', 'https://img-global.cpcdn.com/steps/ce871864cdb65f92/400x400cq80/photo.jpg']}, {'text': 'Iris semua bumbu, tumis bumbu iris dn bumbu jadi hingga wangi', 'images': ['https://img-global.cpcdn.com/steps/fa074c0ced95ab60/400x400cq80/photo.jpg', 'https://img-global.cpcdn.com/steps/f6d3d1734d80b33f/400x400cq80/photo.jpg']}, {'text': 'Masukkn tempe tumis sebentar hingga layu lalu beri santan, terong dn kentang goreng', 'images': ['https://img-global.cpcdn.com/steps/a9baed3924c8b32e/400x400cq80/photo.jpg', 'https://img-global.cpcdn.com/steps/038f47ed1aacc2be/400x400cq80/photo.jpg']}, {'text': 'Beri seasoning dn bumbu gulai, aduk rata sambil koreksi rasa', 'images': ['https://img-global.cpcdn.com/steps/c825ee3d5425664d/400x400cq80/photo.jpg']}, {'text': 'Bila telah pas rasa dan keempukan terong sesuai, angkat dn sajikan', 'images': ['https://img-global.cpcdn.com/steps/af6bee7a2d7e2662/400x400cq80/photo.jpg', 'https://img-global.cpcdn.com/steps/37ab710842fa752b/400x400cq80/photo.jpg']}]","Potong terong rendam sebentar, goreng kentang, potong"" tempe, Iris semua bumbu, tumis bumbu iris dn bumbu jadi hingga wangi, Masukkn tempe tumis sebentar hingga layu lalu beri santan, terong dn kentang goreng, Beri seasoning dn bumbu gulai, aduk rata sambil koreksi rasa, Bila telah pas rasa dan keempukan terong sesuai, angkat dn sajikan","~~ ~~, terong ungu, papan kecil tempe, kentang, bumbu jadi, ketumbar bubuk, bumbu gulai jadi, santan, garamgulatotole, bumbu iris, bawang putih, bawang merah, cabe keriting, cabe ijo, cabe pedas, daun salam dn daun jeruk, tangkai serai","sayur lodeh Lodeh Terong Jawa Bahan ~~ ~~, terong ungu, papan kecil tempe, kentang, bumbu jadi, ketumbar bubuk, bumbu gulai jadi, santan, garamgulatotole, bumbu iris, bawang putih, bawang merah, cabe keriting, cabe ijo, cabe pedas, daun salam dn daun jeruk, tangkai serai Langkah-Langkah Potong terong rendam sebentar, goreng kentang, potong"" tempe, Iris semua bumbu, tumis bumbu iris dn bumbu jadi hingga wangi, Masukkn tempe tumis sebentar hingga layu lalu beri santan, terong dn kentang goreng, Beri seasoning dn bumbu gulai, aduk rata sambil koreksi rasa, Bila telah pas rasa dan keempukan terong sesuai, angkat dn sajikan"
resep-24855020,sayur lodeh,https://cookpad.com/id/resep/24855020,Sayur Lodeh Sunda,https://img-global.cpcdn.com/recipes/c5f3766afeb53f46/1200x630cq80/photo.jpg,"['1/2 buah labu siam potong potong', '5 lonjor kacang panjang potong potong', '1/2 papan tempe potong kotak', '1 buah jagung manis potong potong', '1 buah terong ungu potong potong', '1 ikat daun melinjo ambil daun nya', '2 lembar daun salam', '1 jari lengkuas geprek', 'Secukup nya garam, gula, kaldu jamur', '500 ml santan encer', '1000 ml santan kental', 'Bumbu halus:', '8 butir bawang merah', '3 butir bawang putih', '3 butir kemiri(saya skip)', '5 buah cabe rawit merah(sesuai selera pedasnya)', '2 sdm minyak utk menumis']","[{'text': 'Siapkan bahan sayuran dan cuci bersih,potong potong tempe', 'images': ['https://img-global.cpcdn.com/steps/af0e193b4d39ea46/400x400cq80/photo.jpg', 'https://img-global.cpcdn.com/steps/c61f898ed3ca0c68/400x400cq80/photo.jpg']}, {'text': 'Panaskan minyak tumis bumbu halus tambah daun salam,lengkuas hingga wangi lalu tambahkan santan encer masak hingga mendidih', 'images': ['https://img-global.cpcdn.com/steps/48aa4f806ead62a8/400x400cq80/photo.jpg']}, {'text': 'Masukan jagung,labu siam dan tempe masak hingga jagung dan labu siam matang lalu masukan santan kental dan terong beri gula garam dan kaldu jamur cek rasa masak hingga terong matang masukan kacang panjang dan daun melinjo.', 'images': ['https://img-global.cpcdn.com/steps/f9275063f88476ac/400x400cq80/photo.jpg', 'https://img-global.cpcdn.com/steps/ba09a554aa6dbfdb/400x400cq80/photo.jpg', 'https://img-global.cpcdn.com/steps/d38fedb2c8b7ec7f/400x400cq80/photo.jpg']}, {'text': 'Masak sebentar lalu matikan api', 'images': ['https://img-global.cpcdn.com/steps/3efae697ac4e02d5/400x400cq80/photo.jpg']}, {'text': 'Sayur lodeh sunda siap disajikan', 'images': ['https://img-global.cpcdn.com/steps/dc70765f6f2df762/400x400cq80/photo.jpg', 'https://img-global.cpcdn.com/steps/73ce8ec858b21657/400x400cq80/photo.jpg']}]","Siapkan bahan sayuran dan cuci bersih,potong potong tempe, Panaskan minyak tumis bumbu halus tambah daun salam,lengkuas hingga wangi lalu tambahkan santan encer masak hingga mendidih, Masukan jagung,labu siam dan tempe masak hingga jagung dan labu siam matang lalu masukan santan kental dan terong beri gula garam dan kaldu jamur cek rasa masak hingga terong matang masukan kacang panjang dan daun melinjo., Masak sebentar lalu matikan api, Sayur lodeh sunda siap disajikan","labu siam, lonjor kacang panjang, papan tempe, jagung manis, terong ungu, daun melinjo, daun salam, jari lengkuas, garam gula kaldu jamur, santan encer, santan kental, bumbu, bawang merah, bawang putih, kemiri, cabe rawit merahsesuai, minyak","sayur lodeh Sayur Lodeh Sunda Bahan labu siam, lonjor kacang panjang, papan tempe, jagung manis, terong ungu, daun melinjo, daun salam, jari lengkuas, garam gula kaldu jamur, santan encer, santan kental, bumbu, bawang merah, bawang putih, kemiri, cabe rawit merahsesuai, minyak Langkah-Langkah Siapkan bahan sayuran dan cuci bersih,potong potong tempe, Panaskan minyak tumis bumbu halus tambah daun salam,lengkuas hingga wangi lalu tambahkan santan encer masak hingga mendidih, Masukan jagung,labu siam dan tempe masak hingga jagung dan labu siam matang lalu masukan santan kental dan terong beri gula garam dan kaldu jamur cek rasa masak hingga terong matang masukan kacang panjang dan daun melinjo., Masak sebentar lalu matikan api, Sayur lodeh sunda siap disajikan"
resep-24948193,sayur lodeh,https://cookpad.com/id/resep/24948193,Lodeh Santan Labu Kuning Bayam Kacang Panjang dan Jagung,https://img-global.cpcdn.com/recipes/523a92471e1f7f23/1200x630cq80/photo.jpg,"['250 gr labu kuning', '6 bh kacang panjang', '1 bh jagung', '1 ikat bayam', '12 bh bawang merah', '3 bh bawang putih', '3 bh kemiri', '1 sdt ketumbar', '1 ruas lengkuas', '1 bh santan kara', 'Secukupnya gula putih', 'Secukupnya garamse', 'Secukupnya kaldu jamur ', 'Secukupnya bawang goreng']","[{'text': 'Uleg bumbu hingga halus. Kemudian tumis hingga harum dengan sedikit minyak.', 'images': ['https://img-global.cpcdn.com/steps/ebfa58c7618a3840/400x400cq80/photo.jpg']}, {'text': 'Didihkan air, masukkan labu kuning dan jagung yg sudah dipotong hingga setengah lembut. Lalu masukkan kacang panjang dan santan. Tambahkan gula, garam dan kaldu, koreksi rasa. Terakhir masukkan bayam (tidak terlalu lama) dan koreksi rasa', 'images': ['https://img-global.cpcdn.com/steps/6246a11ae84c9683/400x400cq80/photo.jpg', 'https://img-global.cpcdn.com/steps/dc777f92a0338fa7/400x400cq80/photo.jpg']}, {'text': 'Bisa dihidangkan dan disantap. Jgn lupa ditambahkan topping bawang goreng biar lebih endul..', 'images': ['https://img-global.cpcdn.com/steps/f6108f036dce55c3/400x400cq80/photo.jpg', 'https://img-global.cpcdn.com/steps/1ee1c5cec6229ee0/400x400cq80/photo.jpg', 'https://img-global.cpcdn.com/steps/c5aca397635deab6/400x400cq80/photo.jpg']}]","Uleg bumbu hingga halus. Kemudian tumis hingga harum dengan sedikit minyak., Didihkan air, masukkan labu kuning dan jagung yg sudah dipotong hingga setengah lembut. Lalu masukkan kacang panjang dan santan. Tambahkan gula, garam dan kaldu, koreksi rasa. Terakhir masukkan bayam (tidak terlalu lama) dan koreksi rasa, Bisa dihidangkan dan disantap. Jgn lupa ditambahkan topping bawang goreng biar lebih endul..","labu kuning, kacang panjang, jagung, bayam, bawang merah, bawang putih, kemiri, ketumbar, lengkuas, santan kara, gula putih, garamse, kaldu jamur, bawang goreng","sayur lodeh Lodeh Santan Labu Kuning Bayam Kacang Panjang dan Jagung Bahan labu kuning, kacang panjang, jagung, bayam, bawang merah, bawang putih, kemiri, ketumbar, lengkuas, santan kara, gula putih, garamse, kaldu jamur, bawang goreng Langkah-Langkah Uleg bumbu hingga halus. Kemudian tumis hingga harum dengan sedikit minyak., Didihkan air, masukkan labu kuning dan jagung yg sudah dipotong hingga setengah lembut. Lalu masukkan kacang panjang dan santan. Tambahkan gula, garam dan kaldu, koreksi rasa. Terakhir masukkan bayam (tidak terlalu lama) dan koreksi rasa, Bisa dihidangkan dan disantap. Jgn lupa ditambahkan topping bawang goreng biar lebih endul.."
resep-24961384,sayur lodeh,https://cookpad.com/id/resep/24961384,Lodeh Kluwih,https://img-global.cpcdn.com/recipes/7be19670e55c76b8/1200x630cq80/photo.jpg,"['1 buah kluwih, kupas - potong - cuci bersih', '5 lonjor kacang panjang', '1 batang daun bawang', '1 liter air', '7 siung bawang merah', '4 siung bawang putih', '3 butir kemiri', '4 buah cabai rawit', '3 buah cabai kriting merah', 'Sedikit tempe busuk', 'Secukupnya garam', '1 lembar daun jeruk', '2 lembar daun salam', '1 ruas lengkuas, memarkan', '100 ml santan']","[{'text': ' Siapkan bahan dan bumbu  Haluskan semua bumbu halus sesuai resep', 'images': ['https://img-global.cpcdn.com/steps/a36c32499d8e8669/400x400cq80/photo.jpg', 'https://img-global.cpcdn.com/steps/d0f25ebea07af58d/400x400cq80/photo.jpg', 'https://img-global.cpcdn.com/steps/8ff5bd91f8b979d0/400x400cq80/photo.jpg']}, {'text': ' Didihkan air  Rebus kluwih bersama daun jeruk dan daun salam hingga lunak  Setelah kluwih lunak, masukkan bumbu halus, lengkuas dan kacang panjang. Masak hingga kacang empuk', 'images': ['https://img-global.cpcdn.com/steps/c81ac25cd2b0fb3a/400x400cq80/photo.jpg', 'https://img-global.cpcdn.com/steps/2276af83ea34dc41/400x400cq80/photo.jpg', 'https://img-global.cpcdn.com/steps/11b090a2f0b0004f/400x400cq80/photo.jpg']}, {'text': ' Tuang santan, biarkan mendidih kembali.  Koreksi rasa  Setelah mendidih masukkan irisan daun bawang', 'images': ['https://img-global.cpcdn.com/steps/2858851d7dc126fd/400x400cq80/photo.jpg', 'https://img-global.cpcdn.com/steps/2d690c21a30c9e79/400x400cq80/photo.jpg']}, {'text': 'Siap dihidangkan', 'images': ['https://img-global.cpcdn.com/steps/9ae0253e51d6b69c/400x400cq80/photo.jpg', 'https://img-global.cpcdn.com/steps/d35b8e9f4b240f98/400x400cq80/photo.jpg', 'https://img-global.cpcdn.com/steps/5184fa0c36b1ce2a/400x400cq80/photo.jpg']}]","Siapkan bahan dan bumbu  Haluskan semua bumbu halus sesuai resep, Didihkan air  Rebus kluwih bersama daun jeruk dan daun salam hingga lunak  Setelah kluwih lunak, masukkan bumbu halus, lengkuas dan kacang panjang. Masak hingga kacang empuk, Tuang santan, biarkan mendidih kembali.  Koreksi rasa  Setelah mendidih masukkan irisan daun bawang, Siap dihidangkan","kluwih, lonjor kacang panjang, daun bawang, air, bawang merah, bawang putih, kemiri, cabai rawit, cabai kriting merah, tempe busuk, garam, daun jeruk, daun salam, lengkuas, santan","sayur lodeh Lodeh Kluwih Bahan kluwih, lonjor kacang panjang, daun bawang, air, bawang merah, bawang putih, kemiri, cabai rawit, cabai kriting merah, tempe busuk, garam, daun jeruk, daun salam, lengkuas, santan Langkah-Langkah Siapkan bahan dan bumbu  Haluskan semua bumbu halus sesuai resep, Didihkan air  Rebus kluwih bersama daun jeruk dan daun salam hingga lunak  Setelah kluwih lunak, masukkan bumbu halus, lengkuas dan kacang panjang. Masak hingga kacang empuk, Tuang santan, biarkan mendidih kembali.  Koreksi rasa  Setelah mendidih masukkan irisan daun bawang, Siap dihidangkan"
resep-24783196,opor,https://cookpad.com/id/resep/24783196,Opor Ayam Kering Khas Jawa Tengah,https://img-global.cpcdn.com/recipes/6df7c205b8cd0e79/1200x630cq80/photo.jpg,"['1 ekor ayam dipotong 10', '1 1/2 liter air', '1 sachet santan instant segitiga', '10 siung bawang putih', '15 siung bawang merah', '3 cm jahe', '1 sdt ketumbar bubuk', '3 cm lengkuas', '1/4 sdt lada putih bubuk', '1 iris tipis kencur (boleh skip)', '1 batang daun sereh di geprek', '3 lembar daun salam', '3 lembar daun jeruk', '1 sdt garam', '1 sdm gula merah diserut', '1/2 sdt kaldu jamur']","[{'text': 'Siapkan bahannya Haluskan semua bahan bumbu halus', 'images': ['https://img-global.cpcdn.com/steps/0d73ccec3f5bdbfd/400x400cq80/photo.jpg', 'https://img-global.cpcdn.com/steps/0be98dd974ec5b2a/400x400cq80/photo.jpg', 'https://img-global.cpcdn.com/steps/5487a5a9e63cf6e7/400x400cq80/photo.jpg']}, {'text': 'Tumis bumbu halus hingga harum, tambahkan ayam yang sudah dipotong-potong Aduk terus hingga ayam berubah warna', 'images': ['https://img-global.cpcdn.com/steps/308f66dd10d17e33/400x400cq80/photo.jpg', 'https://img-global.cpcdn.com/steps/4d29c1d2bb59860a/400x400cq80/photo.jpg']}, {'text': 'Tambahkan air, santan, bumbu cemplung. Masak terus diatas api sedang sambil diaduk hingga rata dan air menyusut agak kering', 'images': ['https://img-global.cpcdn.com/steps/771338f083fd5941/400x400cq80/photo.jpg', 'https://img-global.cpcdn.com/steps/4034de515baca805/400x400cq80/photo.jpg', 'https://img-global.cpcdn.com/steps/25a6bdf312115db9/400x400cq80/photo.jpg']}]","Siapkan bahannya Haluskan semua bahan bumbu halus, Tumis bumbu halus hingga harum, tambahkan ayam yang sudah dipotong-potong Aduk terus hingga ayam berubah warna, Tambahkan air, santan, bumbu cemplung. Masak terus diatas api sedang sambil diaduk hingga rata dan air menyusut agak kering","ayam, air, santan instant, bawang putih, bawang merah, jahe, ketumbar bubuk, lengkuas, lada putih bubuk, iris kencur, daun sereh di, daun salam, daun jeruk, garam, gula merah, kaldu jamur","opor Opor Ayam Kering Khas Jawa Tengah Bahan ayam, air, santan instant, bawang putih, bawang merah, jahe, ketumbar bubuk, lengkuas, lada putih bubuk, iris kencur, daun sereh di, daun salam, daun jeruk, garam, gula merah, kaldu jamur Langkah-Langkah Siapkan bahannya Haluskan semua bahan bumbu halus, Tumis bumbu halus hingga harum, tambahkan ayam yang sudah dipotong-potong Aduk terus hingga ayam berubah warna, Tambahkan air, santan, bumbu cemplung. Masak terus diatas api sedang sambil diaduk hingga rata dan air menyusut agak kering"
resep-24973660,opor,https://cookpad.com/id/resep/24973660,Opor Ayam,https://img-global.cpcdn.com/recipes/aaacef1427493d49/1200x630cq80/photo.jpg,"['1/2 ekor ayam', '4 butir telur rebus (optional)', '4 buah tahu', '1/2 butir kelapa tua parut untuk santan (santan sachet)', '1 bungkus bawang goreng untuk penyajian', '2 lembar daun salam', '2 batang sereh', '3 lembar daun jeruk', 'Lengkuas', '10 buah bawang merah', '8 buah bawang putih', '5 cm kunir', '1/2 ruas jahe', '1/2 sdt ketumbar', '1/2 sdt merica bubuk', '5 buah kemiri', 'Garam, gula, penyedap rasa, kaldu ayam (sesuaikan rasa)']","[{'text': 'Bersihkan ayam, kemudian direbus sebentar, siapkan jg telur rebus', 'images': []}, {'text': 'Tumis bumbu halus dan masukkan daun salam, sereh, lengkuas. Ditumis hingga harum dan layu', 'images': []}, {'text': 'Siapkan santan (parut kelapa tua)', 'images': []}, {'text': 'Masukkan bumbu yg sudah ditumis kedalam panci rebusan ayam, dan masukkan santan', 'images': []}, {'text': 'Tambahkan garam gula penyedap, masak hingga santan matang dan harum.', 'images': []}, {'text': 'Koreksi rasa, dan siap disajikan', 'images': []}]","Bersihkan ayam, kemudian direbus sebentar, siapkan jg telur rebus, Tumis bumbu halus dan masukkan daun salam, sereh, lengkuas. Ditumis hingga harum dan layu, Siapkan santan (parut kelapa tua), Masukkan bumbu yg sudah ditumis kedalam panci rebusan ayam, dan masukkan santan, Tambahkan garam gula penyedap, masak hingga santan matang dan harum., Koreksi rasa, dan siap disajikan","ayam, telur rebus, tahu, kelapa tua untuk santan santan, bawang goreng, daun salam, sereh, daun jeruk, lengkuas, bawang merah, bawang putih, kunir, jahe, ketumbar, merica bubuk, kemiri, garam gula rasa kaldu ayam sesuaikan rasa","opor Opor Ayam Bahan ayam, telur rebus, tahu, kelapa tua untuk santan santan, bawang goreng, daun salam, sereh, daun jeruk, lengkuas, bawang merah, bawang putih, kunir, jahe, ketumbar, merica bubuk, kemiri, garam gula rasa kaldu ayam sesuaikan rasa Langkah-Langkah Bersihkan ayam, kemudian direbus sebentar, siapkan jg telur rebus, Tumis bumbu halus dan masukkan daun salam, sereh, lengkuas. Ditumis hingga harum dan layu, Siapkan santan (parut kelapa tua), Masukkan bumbu yg sudah ditumis kedalam panci rebusan ayam, dan masukkan santan, Tambahkan garam gula penyedap, masak hingga santan matang dan harum., Koreksi rasa, dan siap disajikan"
resep-24957337,opor,https://cookpad.com/id/resep/24957337,Opor Ayam Panggang Jepara,https://img-global.cpcdn.com/recipes/0b18d860f6ef0984/1200x630cq80/photo.jpg,"['8 potong sayap ayam (resep asli 1 ekor ayam bisa jg pakai ayam kampung)', '1 sdm ketumbar bubuk', '1 sdt kunyit bubuk', '1/2 sdt garam', '1 buah jeruk lemon (bisa diganti jeruk nipis)', '4 siung bawang putih', '5 siung bawang merah', '2 cm lengkuas', '3 butir kemiri', '1 cm jahe', '1 sdt ketumbar bubuk', '1 batang serai', '2 lembar daun jeruk', '500 ml santan (65 ml santan instan + air) resep asli 750 ml', '1 sdt garam', '1/2 sdt gula pasir', '1 sdt gula merah', '1/2 sdt penyedap']","[{'text': 'Cuci bersih ayam, boleh tambah perasan jeruk nipis. Masukkan ketumbar bubuk, kunyit bubuk, garam dan beri perasan lemon. Aduk sampai rata, diamkan 30 menit.', 'images': ['https://img-global.cpcdn.com/steps/d2d5a08d1199914b/400x400cq80/photo.jpg', 'https://img-global.cpcdn.com/steps/46cd2e4130f05990/400x400cq80/photo.jpg', 'https://img-global.cpcdn.com/steps/7d7923a0b9918481/400x400cq80/photo.jpg']}, {'text': 'Panggang ayam di atas teflon atau arang sampai matang (tingkat kematangan sesuai selera).', 'images': ['https://img-global.cpcdn.com/steps/f8d8a510fec52153/400x400cq80/photo.jpg', 'https://img-global.cpcdn.com/steps/30b399516c548faa/400x400cq80/photo.jpg']}, {'text': 'Haluskan bumbu dengan chopper. Tumis bumbu halus, tambahkan daun jeruk dan serai sampai wangi. Masukkan ayam yang sudah di panggang, aduk rata.', 'images': ['https://img-global.cpcdn.com/steps/d10fa21090f59b43/400x400cq80/photo.jpg', 'https://img-global.cpcdn.com/steps/5a55f80f0467c281/400x400cq80/photo.jpg', 'https://img-global.cpcdn.com/steps/0f5e9a108badc6dc/400x400cq80/photo.jpg']}, {'text': 'Tambahkan santan tunggu sampai mendidih. Masukkan garam, gula pasir, gula merah dan penyedap lalu koreksi rasa.', 'images': ['https://img-global.cpcdn.com/steps/93d18d771fabeba9/400x400cq80/photo.jpg', 'https://img-global.cpcdn.com/steps/a6f91e71386966d5/400x400cq80/photo.jpg']}, {'text': 'Boleh ditambah santan kental, disini aku gak pakai ya. Setelah matang, angkat dan sajikan. Beri taburan bawang goreng.', 'images': ['https://img-global.cpcdn.com/steps/0d92c72e7b423242/400x400cq80/photo.jpg', 'https://img-global.cpcdn.com/steps/121414f607d57c83/400x400cq80/photo.jpg']}]","Cuci bersih ayam, boleh tambah perasan jeruk nipis. Masukkan ketumbar bubuk, kunyit bubuk, garam dan beri perasan lemon. Aduk sampai rata, diamkan 30 menit., Panggang ayam di atas teflon atau arang sampai matang (tingkat kematangan sesuai selera)., Haluskan bumbu dengan chopper. Tumis bumbu halus, tambahkan daun jeruk dan serai sampai wangi. Masukkan ayam yang sudah di panggang, aduk rata., Tambahkan santan tunggu sampai mendidih. Masukkan garam, gula pasir, gula merah dan penyedap lalu koreksi rasa., Boleh ditambah santan kental, disini aku gak pakai ya. Setelah matang, angkat dan sajikan. Beri taburan bawang goreng.","sayap ayam, ketumbar bubuk, kunyit bubuk, garam, jeruk lemon, bawang putih, bawang merah, lengkuas, kemiri, jahe, ketumbar bubuk, serai, daun jeruk, santan santan instan air resep asli, garam, gula pasir, gula merah","opor Opor Ayam Panggang Jepara Bahan sayap ayam, ketumbar bubuk, kunyit bubuk, garam, jeruk lemon, bawang putih, bawang merah, lengkuas, kemiri, jahe, ketumbar bubuk, serai, daun jeruk, santan santan instan air resep asli, garam, gula pasir, gula merah Langkah-Langkah Cuci bersih ayam, boleh tambah perasan jeruk nipis. Masukkan ketumbar bubuk, kunyit bubuk, garam dan beri perasan lemon. Aduk sampai rata, diamkan 30 menit., Panggang ayam di atas teflon atau arang sampai matang (tingkat kematangan sesuai selera)., Haluskan bumbu dengan chopper. Tumis bumbu halus, tambahkan daun jeruk dan serai sampai wangi. Masukkan ayam yang sudah di panggang, aduk rata., Tambahkan santan tunggu sampai mendidih. Masukkan garam, gula pasir, gula merah dan penyedap lalu koreksi rasa., Boleh ditambah santan kental, disini aku gak pakai ya. Setelah matang, angkat dan sajikan. Beri taburan bawang goreng."
resep-24956983,opor,https://cookpad.com/id/resep/24956983,Opor Manuk Khas NTB,https://img-global.cpcdn.com/recipes/e88f70a294d380c9/1200x630cq80/photo.jpg,"['1 ekor ayam kampung potong dan bersihkan', '1 liter santan kental sedang', '4 sdm minyak untuk menumis', '1 jari lengkuas', '5 cm kayu manis', '2 butir cengkeh', '8 butir bawang merah', '4 siung bawang putih', '8 buah cabe merah besar', '2 sdt ketumbar sangrai', '1/2 sdt jinten sangrai', '4 butir kemiri sangrai', '1 sdt lada hitam bubuk', '1 ruas kencur', '1 ruas jahe', '1 sdt garam', '1 sdm gula merah', '1/2 sdt kaldu bubuk', '5-7 buah cabe rawit utuh (skip)']","[{'text': 'Tumis bumbu halus bersama kayu manis dan cengkeh hingga wangi', 'images': ['https://img-global.cpcdn.com/steps/76a3e5a601109af2/400x400cq80/photo.jpg']}, {'text': 'Dalam wajan lain masukan santan dan ayam rebus hingga ayam setengah matang masukan bumbu tumis masak hingga mendidih dan bumbu meresap beri seasoning cek rasa matikan api', 'images': ['https://img-global.cpcdn.com/steps/ae2097fab25f7213/400x400cq80/photo.jpg']}, {'text': 'Opor ayam siap di sajikan', 'images': ['https://img-global.cpcdn.com/steps/3527bd0f488f93e5/400x400cq80/photo.jpg']}]","Tumis bumbu halus bersama kayu manis dan cengkeh hingga wangi, Dalam wajan lain masukan santan dan ayam rebus hingga ayam setengah matang masukan bumbu tumis masak hingga mendidih dan bumbu meresap beri seasoning cek rasa matikan api, Opor ayam siap di sajikan","ayam kampung, santan kental seg, minyak, jari lengkuas, kayu manis, cengkeh, bawang merah, bawang putih, cabe merah besar, ketumbar, jinten, kemiri, lada hitam bubuk, kencur, jahe, garam, gula merah, kaldu bubuk, cabe rawit","opor Opor Manuk Khas NTB Bahan ayam kampung, santan kental seg, minyak, jari lengkuas, kayu manis, cengkeh, bawang merah, bawang putih, cabe merah besar, ketumbar, jinten, kemiri, lada hitam bubuk, kencur, jahe, garam, gula merah, kaldu bubuk, cabe rawit Langkah-Langkah Tumis bumbu halus bersama kayu manis dan cengkeh hingga wangi, Dalam wajan lain masukan santan dan ayam rebus hingga ayam setengah matang masukan bumbu tumis masak hingga mendidih dan bumbu meresap beri seasoning cek rasa matikan api, Opor ayam siap di sajikan"
resep-24954611,opor,https://cookpad.com/id/resep/24954611,Opor ayam simple tanpa santan,https://img-global.cpcdn.com/recipes/987b7b58b8db420e/1200x630cq80/photo.jpg,"['1 kg ayam', '2 bungkus Bumbu opor desaku', '8 siung bawang merah', '3 siung bawang putih', '2 lembar daun salam', '2 batang sereh', '3 lembar daun jeruk', '5 sdm fiber cream', '2 Gelas Air hangat', '3 sdt Garam', '1 sdt Gula pasir']","[{'text': 'Potong ayam menjadi beberapa bagian', 'images': []}, {'text': 'Marinasi ayam dengan 1 bungkus desaku opor ayam tunggu 15 menit', 'images': []}, {'text': 'Haluskan/blender bawang merah, bawang putih dan bumbu desaku opor ayam 1 bungkus, jika ingin pedas bisa campur dengan cabai merah sesuai selera', 'images': []}, {'text': 'Siapkan minyak 3 sdm tumis bumbu hingga harum, lalu masukkan ayam aduk2 hingga merata dan meresap sampai 5 menit, sambil di bolak balik agar tidak gosong', 'images': []}, {'text': 'Siapkan fiber cream 5 sdm campur dengan air hangat 2 gelas, lalu masukkan ke wajan', 'images': []}, {'text': 'Tambahkan garam dan gula sesuai selera.', 'images': []}, {'text': 'Lalu hidangkan dan sajikan', 'images': []}]","Potong ayam menjadi beberapa bagian, Marinasi ayam dengan 1 bungkus desaku opor ayam tunggu 15 menit, Haluskan/blender bawang merah, bawang putih dan bumbu desaku opor ayam 1 bungkus, jika ingin pedas bisa campur dengan cabai merah sesuai selera, Siapkan minyak 3 sdm tumis bumbu hingga harum, lalu masukkan ayam aduk2 hingga merata dan meresap sampai 5 menit, sambil di bolak balik agar tidak gosong, Siapkan fiber cream 5 sdm campur dengan air hangat 2 gelas, lalu masukkan ke wajan, Tambahkan garam dan gula sesuai selera., Lalu hidangkan dan sajikan","ayam, bumbu opor desaku, bawang merah, bawang putih, daun salam, sereh, daun jeruk, fiber cream, air, garam, gula pasir","opor Opor ayam simple tanpa santan Bahan ayam, bumbu opor desaku, bawang merah, bawang putih, daun salam, sereh, daun jeruk, fiber cream, air, garam, gula pasir Langkah-Langkah Potong ayam menjadi beberapa bagian, Marinasi ayam dengan 1 bungkus desaku opor ayam tunggu 15 menit, Haluskan/blender bawang merah, bawang putih dan bumbu desaku opor ayam 1 bungkus, jika ingin pedas bisa campur dengan cabai merah sesuai selera, Siapkan minyak 3 sdm tumis bumbu hingga harum, lalu masukkan ayam aduk2 hingga merata dan meresap sampai 5 menit, sambil di bolak balik agar tidak gosong, Siapkan fiber cream 5 sdm campur dengan air hangat 2 gelas, lalu masukkan ke wajan, Tambahkan garam dan gula sesuai selera., Lalu hidangkan dan sajikan"
resep-24955647,sayur asem,https://cookpad.com/id/resep/24955647,Sayur Asem Jawa Sumatra,https://img-global.cpcdn.com/recipes/f23d87f79f65583c/1200x630cq80/photo.jpg,"['1/2 kg ikan serai', '5 buah terong bulat hijau', '10 helai kacang panjang', 'Secukupnya Buah kecombrang di geprek sampai bijinya keluar', '1 liter Air', '5 lembar daun salam', '3 lembar daun jeruk', '2 batang serai', '2 ruas lengkuas', '8 siung Bawang merah', '4 siung Bawang putih', '1 ruas kunyit', '1 ruas jahe', '2 sdt merica utuh', '1 buah tomat merah (opsional)', '2 SDM garam kasar', '2 sdt micin', '1 sdt gula pasir', '1 sdt bubuk kaldu ayam']","[{'text': 'Siapkan semua bahan.', 'images': ['https://img-global.cpcdn.com/steps/9bcd0726541908b1/400x400cq80/photo.jpg', 'https://img-global.cpcdn.com/steps/170dcd8e304811b4/400x400cq80/photo.jpg', 'https://img-global.cpcdn.com/steps/b05959918d785c7f/400x400cq80/photo.jpg']}, {'text': 'Rebus air dalam wajan atau panci.', 'images': []}, {'text': 'Blender bumbu halus.', 'images': ['https://img-global.cpcdn.com/steps/beceda9cdba7baca/400x400cq80/photo.jpg']}, {'text': 'Jika sudah mendidih, masukan semua aromatik, buah kecombrang dan bumbu halus.', 'images': ['https://img-global.cpcdn.com/steps/bc4c3a237876e61b/400x400cq80/photo.jpg', 'https://img-global.cpcdn.com/steps/0df1c4967edaf8f0/400x400cq80/photo.jpg', 'https://img-global.cpcdn.com/steps/f035b112f792b6c4/400x400cq80/photo.jpg']}, {'text': 'Biarkan mendidih lagi, masukan sayuran yang agak keras terlebih dahulu. Dalam hal ini terong, setelah lima menitan baru masukan kacang dan Ikan.', 'images': ['https://img-global.cpcdn.com/steps/4f451ffe341a84dd/400x400cq80/photo.jpg', 'https://img-global.cpcdn.com/steps/45030f56184e5d05/400x400cq80/photo.jpg']}, {'text': 'Masukan juga semua penyedap rasa.', 'images': []}, {'text': 'Jika semua sayur dan ikan sudah matang. Siap di sajikan hangat-hangat', 'images': ['https://img-global.cpcdn.com/steps/e53a4b9d5ae3a93b/400x400cq80/photo.jpg']}]","Siapkan semua bahan., Rebus air dalam wajan atau panci., Blender bumbu halus., Jika sudah mendidih, masukan semua aromatik, buah kecombrang dan bumbu halus., Biarkan mendidih lagi, masukan sayuran yang agak keras terlebih dahulu. Dalam hal ini terong, setelah lima menitan baru masukan kacang dan Ikan., Masukan juga semua penyedap rasa., Jika semua sayur dan ikan sudah matang. Siap di sajikan hangat-hangat","ikan serai, terong hijau, kacang panjang, kecombrang, air, daun salam, daun jeruk, serai, lengkuas, bawang merah, bawang putih, kunyit, jahe, merica utuh, tomat merah, garam kasar, micin, gula pasir, bubuk kaldu ayam","sayur asem Sayur Asem Jawa Sumatra Bahan ikan serai, terong hijau, kacang panjang, kecombrang, air, daun salam, daun jeruk, serai, lengkuas, bawang merah, bawang putih, kunyit, jahe, merica utuh, tomat merah, garam kasar, micin, gula pasir, bubuk kaldu ayam Langkah-Langkah Siapkan semua bahan., Rebus air dalam wajan atau panci., Blender bumbu halus., Jika sudah mendidih, masukan semua aromatik, buah kecombrang dan bumbu halus., Biarkan mendidih lagi, masukan sayuran yang agak keras terlebih dahulu. Dalam hal ini terong, setelah lima menitan baru masukan kacang dan Ikan., Masukan juga semua penyedap rasa., Jika semua sayur dan ikan sudah matang. Siap di sajikan hangat-hangat"
resep-16885434,sayur asem,https://cookpad.com/id/resep/16885434,Sayur asem jakarta,https://img-global.cpcdn.com/recipes/47460ca30beb007d/1200x630cq80/photo.jpg,"['Kacang panjang', 'Timun', 'Jagung', 'Daun melinjo', 'Daun salam', 'Laos', 'Terasi', 'Garam', 'Gula', 'Bumbu halus :', 'Bawang merah', 'Cabai merah', 'Cabai rawit']","[{'text': 'Rebus air sampai mendidih kemudian masukkan bumbu halus', 'images': []}, {'text': 'Masukkan sayuran dan pelengkap lainnya', 'images': []}, {'text': 'Masak hingga matang', 'images': []}]","Rebus air sampai mendidih kemudian masukkan bumbu halus, Masukkan sayuran dan pelengkap lainnya, Masak hingga matang","kacang panjang, timun, jagung, daun melinjo, daun salam, laos, terasi, garam, gula, bumbu, bawang merah, cabai merah, cabai rawit","sayur asem Sayur asem jakarta Bahan kacang panjang, timun, jagung, daun melinjo, daun salam, laos, terasi, garam, gula, bumbu, bawang merah, cabai merah, cabai rawit Langkah-Langkah Rebus air sampai mendidih kemudian masukkan bumbu halus, Masukkan sayuran dan pelengkap lainnya, Masak hingga matang"
resep-24964423,sayur asem,https://cookpad.com/id/resep/24964423,Sayur Asem Jakarta,https://img-global.cpcdn.com/recipes/6307a12c66359b52/1200x630cq80/photo.jpg,"['1/2 buah, potong-potong Jagung manis', '1 buah, potong dadu Labu siam', '4 batang, potong 4 cm Kacang panjang', '2 iris nangka muda, potong kecil', '10-15 butir Melinjo', '10 lembar Daun melinjo', '6 lbr daun sawi putih, potong&quot;', '4 lbr daun kol, potong &quot;', '1 sdm Kacang tanah', 'Secukupnya toge kacang kedelai', '1 sdm asam jawa dilarutkan dengan 75-100ml air hangat', '1,5-2 liter Air', '1,5 sdm Garam, sesuai selera', '1 sdm, serut Gula merah (sy pake gula pasir)', '1 sdt Kaldu jamur', '5 lbr daun salam', '2 ruas lengkuas geprek', '6 bh bawang merah', '4 bh bawang putih', '4 bh kemiri', '7 bh cabe keriting merah, buang biji', '2 sdt terasi']","[{'text': 'Potong"" Dan cuci bersih semua sayuran, kelompokkan sayur berdasarkan jenis keras ataukah yg berbentuk daun, utk urutan memasukkannya nanti', 'images': ['https://img-global.cpcdn.com/steps/79251ad889de2eab/400x400cq80/photo.jpg', 'https://img-global.cpcdn.com/steps/8755b7942fa87ba3/400x400cq80/photo.jpg', 'https://img-global.cpcdn.com/steps/25eb060c8c12119c/400x400cq80/photo.jpg']}, {'text': 'Haluskan semua bumbu halus.Rebus air hingga mendidih, masukkan bumbu halus, lengkuas dan daun salam', 'images': ['https://img-global.cpcdn.com/steps/c7d8eeb300740d12/400x400cq80/photo.jpg', 'https://img-global.cpcdn.com/steps/b91351a1ea4f36f6/400x400cq80/photo.jpg', 'https://img-global.cpcdn.com/steps/6e39f541cb2bacdf/400x400cq80/photo.jpg']}, {'text': 'Masukkan kacang tanah, melinjo, jagung, Masukkan juga nangka muda, labu siam, kacang panjang,masak', 'images': ['https://img-global.cpcdn.com/steps/6331148fbb3b6cf2/400x400cq80/photo.jpg']}, {'text': 'Tuang air asam jawa, garam,gula, dan kaldu jamur. Aduk rata. Masak hingga semua sayuran matang', 'images': ['https://img-global.cpcdn.com/steps/6b910c3bd51656c2/400x400cq80/photo.jpg', 'https://img-global.cpcdn.com/steps/dd0f55e157280f4b/400x400cq80/photo.jpg', 'https://img-global.cpcdn.com/steps/91cb75219072011d/400x400cq80/photo.jpg']}, {'text': 'Koreksi rasa dan bumbu meresap. Sajikan hangat.', 'images': ['https://img-global.cpcdn.com/steps/2141684a100fcec4/400x400cq80/photo.jpg', 'https://img-global.cpcdn.com/steps/ba447276747e724b/400x400cq80/photo.jpg']}]","Potong"" Dan cuci bersih semua sayuran, kelompokkan sayur berdasarkan jenis keras ataukah yg berbentuk daun, utk urutan memasukkannya nanti, Haluskan semua bumbu halus.Rebus air hingga mendidih, masukkan bumbu halus, lengkuas dan daun salam, Masukkan kacang tanah, melinjo, jagung, Masukkan juga nangka muda, labu siam, kacang panjang,masak, Tuang air asam jawa, garam,gula, dan kaldu jamur. Aduk rata. Masak hingga semua sayuran matang, Koreksi rasa dan bumbu meresap. Sajikan hangat.","jagung manis, dadu labu siam, kacang panjang, iris nangka muda kecil, melinjo, daun melinjo, daun sawi putih &quot;, daun kol &quot;, kacang tanah, toge kacang kedelai, asam jawa di, air, garam, gula merah, kaldu jamur, daun salam, lengkuas, bawang merah, bawang putih, kemiri, cabe keriting merah, terasi","sayur asem Sayur Asem Jakarta Bahan jagung manis, dadu labu siam, kacang panjang, iris nangka muda kecil, melinjo, daun melinjo, daun sawi putih &quot;, daun kol &quot;, kacang tanah, toge kacang kedelai, asam jawa di, air, garam, gula merah, kaldu jamur, daun salam, lengkuas, bawang merah, bawang putih, kemiri, cabe keriting merah, terasi Langkah-Langkah Potong"" Dan cuci bersih semua sayuran, kelompokkan sayur berdasarkan jenis keras ataukah yg berbentuk daun, utk urutan memasukkannya nanti, Haluskan semua bumbu halus.Rebus air hingga mendidih, masukkan bumbu halus, lengkuas dan daun salam, Masukkan kacang tanah, melinjo, jagung, Masukkan juga nangka muda, labu siam, kacang panjang,masak, Tuang air asam jawa, garam,gula, dan kaldu jamur. Aduk rata. Masak hingga semua sayuran matang, Koreksi rasa dan bumbu meresap. Sajikan hangat."
resep-17271676,sayur asem,https://cookpad.com/id/resep/17271676,Sayur Asem Ndeso,https://img-global.cpcdn.com/recipes/e54b0820e638d8a6/1200x630cq80/photo.jpg,"['1 buah wortel', '1/2 kobis', '1 buah labu siam kecil', '1 buah terong ungu kecil', '1 buah jagung manis', '4 btg kacang panjang', '25 gr kacang tanah', 'Secukupnya daun melinjo', '2 btg daun bawang', '1,2 L air', '2 siung bawang putih', '4 siung bawang merah', '25 gr kacang tanah', '2 buah cabe merah besar', '50 ml air', '15 gr lengkuas, geprek', '3 lembar daun salam', '1/2 sdm garam', '40 gr gula merah bubuk', '1 sdm gula pasir', '10 gr asam jawa (sesuai selera)']","[{'text': 'Cuci bersih sayur mayur, potong sesuai selera. Sayur yg digunakan bebas aja sesuai yg disuka, mau pake daun So (daun melinjo) atau nangka muda (gori) boleh juga.', 'images': ['https://img-global.cpcdn.com/steps/ff125aee5dbdb54a/400x400cq80/photo.jpg', 'https://img-global.cpcdn.com/steps/bbdde26da9c381ac/400x400cq80/photo.jpg']}, {'text': 'Rebus sayur yg keras dlu seperti jagung, wortel, kacang tanah dan kacang panjang. Haluskan bumbu, masukkan bumbu halus dan bumbu lain, aduk rata.', 'images': ['https://img-global.cpcdn.com/steps/7541d9c2de0f7909/400x400cq80/photo.jpg', 'https://img-global.cpcdn.com/steps/5a17cafd54c8f2f7/400x400cq80/photo.jpg', 'https://img-global.cpcdn.com/steps/b89f7e315194d3e6/400x400cq80/photo.jpg']}, {'text': 'Setelah mulai berbuih kecil masukkan labu siam, kobis dan terong. Lanjut masak sampai mendidih, koreksi rasa. Last step, masukkan potongan daun bawang.', 'images': ['https://img-global.cpcdn.com/steps/1080b1255f550aa3/400x400cq80/photo.jpg', 'https://img-global.cpcdn.com/steps/9108f30126ea773e/400x400cq80/photo.jpg']}, {'text': 'Sajikan dgn pelengkap seperti tempe goreng dan ikan asin. Rasanya jadul banget, enak', 'images': ['https://img-global.cpcdn.com/steps/a5b383a29345a80e/400x400cq80/photo.jpg']}]","Cuci bersih sayur mayur, potong sesuai selera. Sayur yg digunakan bebas aja sesuai yg disuka, mau pake daun So (daun melinjo) atau nangka muda (gori) boleh juga., Rebus sayur yg keras dlu seperti jagung, wortel, kacang tanah dan kacang panjang. Haluskan bumbu, masukkan bumbu halus dan bumbu lain, aduk rata., Setelah mulai berbuih kecil masukkan labu siam, kobis dan terong. Lanjut masak sampai mendidih, koreksi rasa. Last step, masukkan potongan daun bawang., Sajikan dgn pelengkap seperti tempe goreng dan ikan asin. Rasanya jadul banget, enak","wortel, kobis, labu siam kecil, terong ungu kecil, jagung manis, kacang panjang, kacang tanah, daun melinjo, daun bawang, air, bawang putih, bawang merah, kacang tanah, cabe merah besar, air, lengkuas, daun salam, garam, gula merah bubuk, gula pasir, asam jawa","sayur asem Sayur Asem Ndeso Bahan wortel, kobis, labu siam kecil, terong ungu kecil, jagung manis, kacang panjang, kacang tanah, daun melinjo, daun bawang, air, bawang putih, bawang merah, kacang tanah, cabe merah besar, air, lengkuas, daun salam, garam, gula merah bubuk, gula pasir, asam jawa Langkah-Langkah Cuci bersih sayur mayur, potong sesuai selera. Sayur yg digunakan bebas aja sesuai yg disuka, mau pake daun So (daun melinjo) atau nangka muda (gori) boleh juga., Rebus sayur yg keras dlu seperti jagung, wortel, kacang tanah dan kacang panjang. Haluskan bumbu, masukkan bumbu halus dan bumbu lain, aduk rata., Setelah mulai berbuih kecil masukkan labu siam, kobis dan terong. Lanjut masak sampai mendidih, koreksi rasa. Last step, masukkan potongan daun bawang., Sajikan dgn pelengkap seperti tempe goreng dan ikan asin. Rasanya jadul banget, enak"
resep-24956283,sayur asem,https://cookpad.com/id/resep/24956283,Sayur Asam Ikan Lele Kutai,https://img-global.cpcdn.com/recipes/06c6be60a57c66da/1200x630cq80/photo.jpg,"['400 gr Ikan Lele', '5 lbr Kubis', '2 lbr Daun Salam', '2 btg Serai geprek', '1/2 sdt Kunyit Bubuk', '10 Cabe Rawit Merah', '1 sdt Asam Jawa', 'secukupnya Air bersih', 'secukupnya Gula, Garam, penyedap rasa', '2 sdm Minyak Goreng', '5 btr Bawang Merah', '4 Siung Bawang Putih', '3 bh Belimbing Wuluh', '1 bh Tomat Merah']","[{'text': 'Siapkan bumbu iris, Potongan Kubis yang sudah di cuci bersih. Ikan Lele yang sudah di bersihkan juga.', 'images': ['https://img-global.cpcdn.com/steps/8c9693e1ab2d4058/400x400cq80/photo.jpg', 'https://img-global.cpcdn.com/steps/e1d81c5f209f962f/400x400cq80/photo.jpg', 'https://img-global.cpcdn.com/steps/46f88e316a623ec8/400x400cq80/photo.jpg']}, {'text': 'Masukkan potongan Kubis, Tomat dan Belimbing Wuluh bersamaan. Aduk rata, koreksi rasanya dan matangkan.', 'images': ['https://img-global.cpcdn.com/steps/456e4eb09ddca21e/400x400cq80/photo.jpg', 'https://img-global.cpcdn.com/steps/9b3458894d189bf5/400x400cq80/photo.jpg', 'https://img-global.cpcdn.com/steps/de024ff76fca5522/400x400cq80/photo.jpg']}, {'text': 'Sajikan', 'images': ['https://img-global.cpcdn.com/steps/969c85878dfd606b/400x400cq80/photo.jpg', 'https://img-global.cpcdn.com/steps/4c2dfb261ab14e83/400x400cq80/photo.jpg', 'https://img-global.cpcdn.com/steps/65b8f9ce890bec0b/400x400cq80/photo.jpg']}]","Siapkan bumbu iris, Potongan Kubis yang sudah di cuci bersih. Ikan Lele yang sudah di bersihkan juga., Masukkan potongan Kubis, Tomat dan Belimbing Wuluh bersamaan. Aduk rata, koreksi rasanya dan matangkan., Sajikan","ikan lele, kubis, daun salam, serai, kunyit bubuk, cabe rawit merah, asam jawa, air bersih, gula garam rasa, minyak goreng, bawang merah, bawang putih, belimbing wuluh, tomat merah","sayur asem Sayur Asam Ikan Lele Kutai Bahan ikan lele, kubis, daun salam, serai, kunyit bubuk, cabe rawit merah, asam jawa, air bersih, gula garam rasa, minyak goreng, bawang merah, bawang putih, belimbing wuluh, tomat merah Langkah-Langkah Siapkan bumbu iris, Potongan Kubis yang sudah di cuci bersih. Ikan Lele yang sudah di bersihkan juga., Masukkan potongan Kubis, Tomat dan Belimbing Wuluh bersamaan. Aduk rata, koreksi rasanya dan matangkan., Sajikan"
resep-24191898,masakan jawa,https://cookpad.com/id/resep/24191898,Sayur Bobor Daun Adas khas Salatiga Masakan dari sayuran sehat anti kangker dll,https://img-global.cpcdn.com/recipes/4f04245537b7d755/1200x630cq80/photo.jpg,"['1 ikat sedang daun adas (2 ons)', '150 gr tempe semangit (sudah 3 harian)', '750 ml santan', '3 potong ikan asap (bisa diskip)', '5 siung bawang merah', '5 siung bawang putih', '2 buah kemiri, sangrai', '1 sdt ketumbar, sangrai', '5 buah cabe merah (disesuaikan selera)', 'Garam, gula pasir, daun salam, lengkuas, daun jeruk (takaran sesuaikan)']","[{'text': 'Potong 3 - 5 cm daun adas, batang daun yg besar tidak usah diikutkan karena biasanya keras. Cuci bersih lalu rebus sekitar 10 menit. Angkat daun, lalu peras atau saring.', 'images': ['https://img-global.cpcdn.com/steps/45d8cec28f53b136/400x400cq80/photo.jpg', 'https://img-global.cpcdn.com/steps/a25f074e0bae4787/400x400cq80/photo.jpg']}, {'text': 'Haluskan semua bumbu, kecuali garam, gula pasir dan bumbu dapur.', 'images': ['https://img-global.cpcdn.com/steps/3b3cd684714647f6/400x400cq80/photo.jpg']}, {'text': 'Haluskan juga tempe semangit, bisa dijadikan satu dengan bumbu.', 'images': ['https://img-global.cpcdn.com/steps/d81b7efcceadca3a/400x400cq80/photo.jpg']}, {'text': 'Rebus santan, masukkan bumbu halus, tempe, daun salam, daun jeruk, dan lengkuas. Sambil aduk terus, api kecil saja, setelah mendidih masukkan daun adas, dan ikan asap, garam, dan gula pasir. Aduk-aduk, cek rasa. Setelah mendidih dan rasa sudah pas, angkat, siap disajikan.', 'images': ['https://img-global.cpcdn.com/steps/487ad721ba8565f8/400x400cq80/photo.jpg', 'https://img-global.cpcdn.com/steps/c174cee8d318f9aa/400x400cq80/photo.jpg']}]","Potong 3 - 5 cm daun adas, batang daun yg besar tidak usah diikutkan karena biasanya keras. Cuci bersih lalu rebus sekitar 10 menit. Angkat daun, lalu peras atau saring., Haluskan semua bumbu, kecuali garam, gula pasir dan bumbu dapur., Haluskan juga tempe semangit, bisa dijadikan satu dengan bumbu., Rebus santan, masukkan bumbu halus, tempe, daun salam, daun jeruk, dan lengkuas. Sambil aduk terus, api kecil saja, setelah mendidih masukkan daun adas, dan ikan asap, garam, dan gula pasir. Aduk-aduk, cek rasa. Setelah mendidih dan rasa sudah pas, angkat, siap disajikan.","seg daun adas ons, tempe semangit, santan, ikan asap, bawang merah, bawang putih, kemiri, ketumbar, cabe merah, garam gula pasir daun salam lengkuas daun jeruk","masakan jawa Sayur Bobor Daun Adas khas Salatiga Masakan dari sayuran sehat anti kangker dll Bahan seg daun adas ons, tempe semangit, santan, ikan asap, bawang merah, bawang putih, kemiri, ketumbar, cabe merah, garam gula pasir daun salam lengkuas daun jeruk Langkah-Langkah Potong 3 - 5 cm daun adas, batang daun yg besar tidak usah diikutkan karena biasanya keras. Cuci bersih lalu rebus sekitar 10 menit. Angkat daun, lalu peras atau saring., Haluskan semua bumbu, kecuali garam, gula pasir dan bumbu dapur., Haluskan juga tempe semangit, bisa dijadikan satu dengan bumbu., Rebus santan, masukkan bumbu halus, tempe, daun salam, daun jeruk, dan lengkuas. Sambil aduk terus, api kecil saja, setelah mendidih masukkan daun adas, dan ikan asap, garam, dan gula pasir. Aduk-aduk, cek rasa. Setelah mendidih dan rasa sudah pas, angkat, siap disajikan."
resep-22572358,masakan jawa,https://cookpad.com/id/resep/22572358,Pindang Serani Masakan Khas Jepara,https://img-global.cpcdn.com/recipes/8992787851911d5e/1200x630cq80/photo.jpg,"['1 kg ikan cukil/ kakap putih (ikan segar)', '5 siung bawang merah', '4 siung bawang putih', '1 ruas kunyit', '1/2 sdt garam', '1 sdt kaldu bubuk', '1/2 sdm gula', '1/2 sdt micin', '5 siung bawang merah', '4 siung bawang putih', '2 buah tomat', '5 buah blimbing wuluh', '3 buah cabai merah', '1 ruas lengkuas geprek', '1 batang serai geprek', '2 lembar daun salam', '4 lembar daun jeruk', '10 buah cabai rawit', '1 liter air']","[{'text': 'Tumis bumbu iris bawang putih dan bawang merah hingga kuning kecoklatan.', 'images': ['https://img-global.cpcdn.com/steps/f8070774326c6f22/400x400cq80/photo.jpg', 'https://img-global.cpcdn.com/steps/80b87d6541da4a5a/400x400cq80/photo.jpg', 'https://img-global.cpcdn.com/steps/ac45905bacc6754e/400x400cq80/photo.jpg']}, {'text': 'Lalu masukkan bumbu halus tumis kembali hingga harum dan tanak (terpisah antara minyak dan bumbu).', 'images': ['https://img-global.cpcdn.com/steps/67a0b4a52447a20e/400x400cq80/photo.jpg', 'https://img-global.cpcdn.com/steps/0b30e4c2fd796e42/400x400cq80/photo.jpg', 'https://img-global.cpcdn.com/steps/d9f6e7c6d5b90bda/400x400cq80/photo.jpg']}, {'text': 'Kemudian tambahkan daun salam, daun jeruk, cabai rawit utuh, serai, lengkuas, blimbing wuluh dan tomat tumis sebentar, lalu tuang air, masak hingga mendidih.', 'images': ['https://img-global.cpcdn.com/steps/caf11a80ef1cbac8/400x400cq80/photo.jpg', 'https://img-global.cpcdn.com/steps/cc461999f10fee89/400x400cq80/photo.jpg', 'https://img-global.cpcdn.com/steps/d5a982653f0f8dca/400x400cq80/photo.jpg']}, {'text': 'Masukkan ikan ke dalam kuah yang mendidih, masak hingga ikan matang, tes rasa angkat dan sajikan.', 'images': ['https://img-global.cpcdn.com/steps/da191211c545defc/400x400cq80/photo.jpg', 'https://img-global.cpcdn.com/steps/17ef3a813c8f914c/400x400cq80/photo.jpg', 'https://img-global.cpcdn.com/steps/d8e4514db9e42c8a/400x400cq80/photo.jpg']}]","Tumis bumbu iris bawang putih dan bawang merah hingga kuning kecoklatan., Lalu masukkan bumbu halus tumis kembali hingga harum dan tanak (terpisah antara minyak dan bumbu)., Kemudian tambahkan daun salam, daun jeruk, cabai rawit utuh, serai, lengkuas, blimbing wuluh dan tomat tumis sebentar, lalu tuang air, masak hingga mendidih., Masukkan ikan ke dalam kuah yang mendidih, masak hingga ikan matang, tes rasa angkat dan sajikan.","ikan cukil kakap putih ikan segar, bawang merah, bawang putih, kunyit, garam, kaldu bubuk, gula, micin, bawang merah, bawang putih, tomat, blimbing wuluh, cabai merah, lengkuas, serai, daun salam, daun jeruk, cabai rawit, air","masakan jawa Pindang Serani Masakan Khas Jepara Bahan ikan cukil kakap putih ikan segar, bawang merah, bawang putih, kunyit, garam, kaldu bubuk, gula, micin, bawang merah, bawang putih, tomat, blimbing wuluh, cabai merah, lengkuas, serai, daun salam, daun jeruk, cabai rawit, air Langkah-Langkah Tumis bumbu iris bawang putih dan bawang merah hingga kuning kecoklatan., Lalu masukkan bumbu halus tumis kembali hingga harum dan tanak (terpisah antara minyak dan bumbu)., Kemudian tambahkan daun salam, daun jeruk, cabai rawit utuh, serai, lengkuas, blimbing wuluh dan tomat tumis sebentar, lalu tuang air, masak hingga mendidih., Masukkan ikan ke dalam kuah yang mendidih, masak hingga ikan matang, tes rasa angkat dan sajikan."
resep-17278124,masakan jawa,https://cookpad.com/id/resep/17278124,TONGSENG Grubyukan Modifikasi Seru Masakan,https://img-global.cpcdn.com/recipes/ce92e3fa5c396ca2/1200x630cq80/photo.jpg,"['Sisa kuah lodeh ikan Lais asap ==&gt; lihat resep lodeh ikan lais asap', '1 bungkus sate kambing &amp; sate ayam', 'Secukupnya daging paru rebus ==&gt; sy potong menyesuaikan besarnya daging sate ==&gt; tambahan optional (kebetulan ada stock paru rebus )', 'Kol secukupnya ==&gt; rajang', '1 bh Tomat ==&gt; rajang', '3 bh Bawang Merah ==&gt; rajang', '2 bh Bawang Putih ==&gt; rajang', '5 bh cabai rawit pedas utuh ==&gt; atau sesuai selera pedasnya', '3 bh cabai merah keriting ==&gt; rajang ==&gt; atau sesuai selera pedas banyaknya', '1/2 sdt pala bubuk', '1/2 sdt merica bubuk', '1/2 sdt ketumbar halus', 'Kecap manis ==&gt;&gt; secukupnya sesuai selera manisnya']","[{'text': 'Siapkan bahan-bahan', 'images': ['https://img-global.cpcdn.com/steps/2faaff3e539ed834/400x400cq80/photo.jpg', 'https://img-global.cpcdn.com/steps/956152b799964bd6/400x400cq80/photo.jpg', 'https://img-global.cpcdn.com/steps/f0a13b39588d3dbd/400x400cq80/photo.jpg']}, {'text': 'Siapkan daging sate kambing & sate ayam. Lepaskan daging dr tusukannya. Sy tambahkan jg dng daging paru rebus yg sdh dipotong2.', 'images': ['https://img-global.cpcdn.com/steps/b745df01b2dbfd27/400x400cq80/photo.jpg', 'https://img-global.cpcdn.com/steps/f0f2ba5b87ba7115/400x400cq80/photo.jpg']}, {'text': 'Masukkan semua bahan rajang di kuah lodeh. Sy tambah air agar rajangan dpt lunak.', 'images': ['https://img-global.cpcdn.com/steps/b7e5fa4eb13440c0/400x400cq80/photo.jpg', 'https://img-global.cpcdn.com/steps/836fce82e90a1387/400x400cq80/photo.jpg']}, {'text': 'Masukkan smua bumbu halus/bubuk : merica, ketumbar, pala.', 'images': ['https://img-global.cpcdn.com/steps/1435b497e3023205/400x400cq80/photo.jpg', 'https://img-global.cpcdn.com/steps/263cd5c0a315b459/400x400cq80/photo.jpg', 'https://img-global.cpcdn.com/steps/079d8ee49d385eec/400x400cq80/photo.jpg']}, {'text': 'Tambahkan kecap. Aduk rata. Tes rasa jika ada yg perlu ditambahi (lada & pala) baik rasa maupun keharuman ==> untuk tongseng harum lada dan pala akan lebih sip jk terasa kuat Sy tidak lagi menambah penyedap rasa, krn sudah sedap dr bumbu lodeh, kuah kecap sate kambing dan kuah kacang sate ayam serta tambahan bumbu rajang di atas', 'images': ['https://img-global.cpcdn.com/steps/d4b3e063ed5de026/400x400cq80/photo.jpg']}, {'text': 'Jika sudah pas rasa kuah menjadi seperti tongseng, masukkan semua daging. Aduk rata sampai mendidih.', 'images': ['https://img-global.cpcdn.com/steps/3ea47775735a4738/400x400cq80/photo.jpg', 'https://img-global.cpcdn.com/steps/d596fac959ee520b/400x400cq80/photo.jpg']}, {'text': 'Tongseng persahabatan siap disajikan !! Tambakan kecap manis dan kucuran jeruk nipis jika ingin lebih asam manis Sedeeeepp !!', 'images': ['https://img-global.cpcdn.com/steps/58f74d34d78cf2b2/400x400cq80/photo.jpg']}]","Siapkan bahan-bahan, Siapkan daging sate kambing & sate ayam. Lepaskan daging dr tusukannya. Sy tambahkan jg dng daging paru rebus yg sdh dipotong2., Masukkan semua bahan rajang di kuah lodeh. Sy tambah air agar rajangan dpt lunak., Masukkan smua bumbu halus/bubuk : merica, ketumbar, pala., Tambahkan kecap. Aduk rata. Tes rasa jika ada yg perlu ditambahi (lada & pala) baik rasa maupun keharuman ==> untuk tongseng harum lada dan pala akan lebih sip jk terasa kuat Sy tidak lagi menambah penyedap rasa, krn sudah sedap dr bumbu lodeh, kuah kecap sate kambing dan kuah kacang sate ayam serta tambahan bumbu rajang di atas, Jika sudah pas rasa kuah menjadi seperti tongseng, masukkan semua daging. Aduk rata sampai mendidih., Tongseng persahabatan siap disajikan !! Tambakan kecap manis dan kucuran jeruk nipis jika ingin lebih asam manis Sedeeeepp !!","kuah lodeh ikan lais asap lihat resep lodeh ikan lais asap, sate kambing sate ayam, daging paru rebus sate, kol rajang, tomat rajang, bawang merah rajang, bawang putih rajang, cabai rawit pedas utuh, cabai merah keriting rajang, pala bubuk, merica bubuk, ketumbar, kecap manis","masakan jawa TONGSENG Grubyukan Modifikasi Seru Masakan Bahan kuah lodeh ikan lais asap lihat resep lodeh ikan lais asap, sate kambing sate ayam, daging paru rebus sate, kol rajang, tomat rajang, bawang merah rajang, bawang putih rajang, cabai rawit pedas utuh, cabai merah keriting rajang, pala bubuk, merica bubuk, ketumbar, kecap manis Langkah-Langkah Siapkan bahan-bahan, Siapkan daging sate kambing & sate ayam. Lepaskan daging dr tusukannya. Sy tambahkan jg dng daging paru rebus yg sdh dipotong2., Masukkan semua bahan rajang di kuah lodeh. Sy tambah air agar rajangan dpt lunak., Masukkan smua bumbu halus/bubuk : merica, ketumbar, pala., Tambahkan kecap. Aduk rata. Tes rasa jika ada yg perlu ditambahi (lada & pala) baik rasa maupun keharuman ==> untuk tongseng harum lada dan pala akan lebih sip jk terasa kuat Sy tidak lagi menambah penyedap rasa, krn sudah sedap dr bumbu lodeh, kuah kecap sate kambing dan kuah kacang sate ayam serta tambahan bumbu rajang di atas, Jika sudah pas rasa kuah menjadi seperti tongseng, masukkan semua daging. Aduk rata sampai mendidih., Tongseng persahabatan siap disajikan !! Tambakan kecap manis dan kucuran jeruk nipis jika ingin lebih asam manis Sedeeeepp !!"
resep-17251249,masakan jawa,https://cookpad.com/id/resep/17251249,Sambal masakan Kuah Soto bakso sop opor dkk nya,https://img-global.cpcdn.com/recipes/94472971d55432b7/1200x630cq80/photo.jpg,"['2 siung bawang putih (me : 1 siung besar)', '5 siung bawang merah (me: 4 siung)', '4 buah cabe rawit', '5 buah cabe merah keriting', '1/2 butir tomat', 'Secukupnya gula,garam dan air']","[{'text': 'Bersihkan duo bawang dan cabai serta tomat.', 'images': ['https://img-global.cpcdn.com/steps/d8472489b500c677/400x400cq80/photo.jpg']}, {'text': 'Didihkan air secukupnya masukkan bahan sambal dan rebus sampai matang.', 'images': []}, {'text': 'Setelah matang tiriskan,blender semua bahan dengan tambahkan air sisa rebusan. Airnya sesuai selera yaa jika mau lebih encer tinggal tambahkan airnya.', 'images': ['https://img-global.cpcdn.com/steps/61761b1535804959/400x400cq80/photo.jpg']}, {'text': 'Sambal sudah siap disajikan dengan makanan berkuah.hmmm segaarr. Dan ini sdh matang ya bs disimpan untuk beberapa hari kedepan,jika masih sisa bisa disimpan dalam wadah tertutup masukkan kulkas.', 'images': ['https://img-global.cpcdn.com/steps/85942176df69a037/400x400cq80/photo.jpg', 'https://img-global.cpcdn.com/steps/85150f7a2122243c/400x400cq80/photo.jpg', 'https://img-global.cpcdn.com/steps/c621cf87220d6e14/400x400cq80/photo.jpg']}]","Bersihkan duo bawang dan cabai serta tomat., Didihkan air secukupnya masukkan bahan sambal dan rebus sampai matang., Setelah matang tiriskan,blender semua bahan dengan tambahkan air sisa rebusan. Airnya sesuai selera yaa jika mau lebih encer tinggal tambahkan airnya., Sambal sudah siap disajikan dengan makanan berkuah.hmmm segaarr. Dan ini sdh matang ya bs disimpan untuk beberapa hari kedepan,jika masih sisa bisa disimpan dalam wadah tertutup masukkan kulkas.","bawang putih besar, bawang merah, cabe rawit, cabe merah keriting, tomat, gulagaram air","masakan jawa Sambal masakan Kuah Soto bakso sop opor dkk nya Bahan bawang putih besar, bawang merah, cabe rawit, cabe merah keriting, tomat, gulagaram air Langkah-Langkah Bersihkan duo bawang dan cabai serta tomat., Didihkan air secukupnya masukkan bahan sambal dan rebus sampai matang., Setelah matang tiriskan,blender semua bahan dengan tambahkan air sisa rebusan. Airnya sesuai selera yaa jika mau lebih encer tinggal tambahkan airnya., Sambal sudah siap disajikan dengan makanan berkuah.hmmm segaarr. Dan ini sdh matang ya bs disimpan untuk beberapa hari kedepan,jika masih sisa bisa disimpan dalam wadah tertutup masukkan kulkas."
resep-24983427,masakan sunda,https://cookpad.com/id/resep/24983427,Seblak Aci Karakter,https://img-global.cpcdn.com/recipes/4047a0f5845ced2a/1200x630cq80/photo.jpg,"['150 gr tepung terigu', '1/4 sdt garam', '1/2 sdt penyedap rasa', '1/4 sdt lada', '100 gr tepung tapioka', '85 ml - 100 ml + pewarna']","[{'text': 'Masukkan semua bahan jadi satu, pas masukin air bertahap ya.. Sedikit demi sedikit.. juga sudah Kalis.. beri pewarna sesuai selera. Bentuk sesuai selera', 'images': ['https://img-global.cpcdn.com/steps/369ab416b50cfae0/400x400cq80/photo.jpg', 'https://img-global.cpcdn.com/steps/ddacfdf76f863bd1/400x400cq80/photo.jpg']}, {'text': 'Panaskan air hingga mendidih, beri 1 SDM minyak sayur biar tidak lengket.. masukan adonan yg sudah dibentuk hingga mengapung.. angkat. Pindahkan ke air dingin.', 'images': ['https://img-global.cpcdn.com/steps/02b8be773dc077c1/400x400cq80/photo.jpg', 'https://img-global.cpcdn.com/steps/777211ce07a2be46/400x400cq80/photo.jpg']}, {'text': 'Sajikan buat bikin stock seblak, tomyam. Bisa juga buat stock Frozen food', 'images': ['https://img-global.cpcdn.com/steps/4586eadffcfab151/400x400cq80/photo.jpg', 'https://img-global.cpcdn.com/steps/0183151bffbaf672/400x400cq80/photo.jpg']}]","Masukkan semua bahan jadi satu, pas masukin air bertahap ya.. Sedikit demi sedikit.. juga sudah Kalis.. beri pewarna sesuai selera. Bentuk sesuai selera, Panaskan air hingga mendidih, beri 1 SDM minyak sayur biar tidak lengket.. masukan adonan yg sudah dibentuk hingga mengapung.. angkat. Pindahkan ke air dingin., Sajikan buat bikin stock seblak, tomyam. Bisa juga buat stock Frozen food","tepung terigu, garam, rasa, lada, tepung tapioka, pewarna","masakan sunda Seblak Aci Karakter Bahan tepung terigu, garam, rasa, lada, tepung tapioka, pewarna Langkah-Langkah Masukkan semua bahan jadi satu, pas masukin air bertahap ya.. Sedikit demi sedikit.. juga sudah Kalis.. beri pewarna sesuai selera. Bentuk sesuai selera, Panaskan air hingga mendidih, beri 1 SDM minyak sayur biar tidak lengket.. masukan adonan yg sudah dibentuk hingga mengapung.. angkat. Pindahkan ke air dingin., Sajikan buat bikin stock seblak, tomyam. Bisa juga buat stock Frozen food"
resep-24965189,masakan sunda,https://cookpad.com/id/resep/24965189,Gepuk Daging Sapi Basah,https://img-global.cpcdn.com/recipes/3858fa1f0ddd93a4/1200x630cq80/photo.jpg,"['1/2 kilo daging sapi', 'Secukupnya air', 'Secukupnya daun salam', 'Secukupnya sereh', '1 bulat gula merah', 'Secukupnya garam', '2 sdt mancung gula putih', '1/2 sdt kaldu sapi', 'Secukupnya asam jawa', '1 bungkus santan instant', '3 Kemiri(sangrai biar wangi)', '3 jari lengkuas', '5 siung Bawang putih', '7 siung Bawang merah', '1 sdt ketuncar']","[{'text': 'Rebus daging hingga empuk...masukan sereh dan daun salam..setelah cukup empuk potong potong daging sesuai selera..lalu geprek...', 'images': ['https://img-global.cpcdn.com/steps/8ef8c3f98f38198e/400x400cq80/photo.jpg', 'https://img-global.cpcdn.com/steps/956a2e37ff8aa622/400x400cq80/photo.jpg', 'https://img-global.cpcdn.com/steps/4be74d2f395d41cc/400x400cq80/photo.jpg']}, {'text': 'Ulek bumbu halus..(lengkuas maaf tidak ke foto)', 'images': ['https://img-global.cpcdn.com/steps/26a02f82ee68db5d/400x400cq80/photo.jpg', 'https://img-global.cpcdn.com/steps/b62fe4bde63a8d75/400x400cq80/photo.jpg']}, {'text': 'Simpan bumbu di panci...alalu masukan bumbu halus,gula,sereh,garam,kaldu dan santan instant...tambahkan air', 'images': ['https://img-global.cpcdn.com/steps/2d3f40b7e4f55d57/400x400cq80/photo.jpg', 'https://img-global.cpcdn.com/steps/05884ee0a124a229/400x400cq80/photo.jpg', 'https://img-global.cpcdn.com/steps/c21e9eb11490526d/400x400cq80/photo.jpg']}, {'text': 'Masak daging hingga menyusut.... matang...lalu koreksi rasa...dan siap dihidangkan..', 'images': ['https://img-global.cpcdn.com/steps/84db4050d8b45d82/400x400cq80/photo.jpg', 'https://img-global.cpcdn.com/steps/18ffae669923376c/400x400cq80/photo.jpg', 'https://img-global.cpcdn.com/steps/953fec0391d40bd9/400x400cq80/photo.jpg']}]","Rebus daging hingga empuk...masukan sereh dan daun salam..setelah cukup empuk potong potong daging sesuai selera..lalu geprek..., Ulek bumbu halus..(lengkuas maaf tidak ke foto), Simpan bumbu di panci...alalu masukan bumbu halus,gula,sereh,garam,kaldu dan santan instant...tambahkan air, Masak daging hingga menyusut.... matang...lalu koreksi rasa...dan siap dihidangkan..","daging sapi, air, daun salam, sereh, gula merah, garam, mancung gula putih, kaldu sapi, asam jawa, santan instant, kemiri, jari lengkuas, bawang putih, bawang merah, ketuncar","masakan sunda Gepuk Daging Sapi Basah Bahan daging sapi, air, daun salam, sereh, gula merah, garam, mancung gula putih, kaldu sapi, asam jawa, santan instant, kemiri, jari lengkuas, bawang putih, bawang merah, ketuncar Langkah-Langkah Rebus daging hingga empuk...masukan sereh dan daun salam..setelah cukup empuk potong potong daging sesuai selera..lalu geprek..., Ulek bumbu halus..(lengkuas maaf tidak ke foto), Simpan bumbu di panci...alalu masukan bumbu halus,gula,sereh,garam,kaldu dan santan instant...tambahkan air, Masak daging hingga menyusut.... matang...lalu koreksi rasa...dan siap dihidangkan.."
resep-24979989,masakan sunda,https://cookpad.com/id/resep/24979989,Bekal Nasi Liwet,https://img-global.cpcdn.com/recipes/5697490adc645da6/1200x630cq80/photo.jpg,"['3 cup beras', '1 genggam teri medan kering. Cuci bersih, goreng hingga matang, sisihkan', '1 santan kara ukuran 65 ml + 1 gelas air', '5 butir bawang merah, iris2 tipis', '4 siung bawang putih, iris2 tipis', '1 buah cabe merah besar, iris2', '2 lembar daun salam', '2 serai, geprek', '1 sdt cabe bubuk supaya warnanya cantik (boleh skip)', 'secukupnya Garam', '1 sdt gula merah cincang (agar hasil lbh gurih)']","[{'text': 'Cuci beras seperti biasanya, masukkan dlm magic com.', 'images': []}, {'text': 'Tumis bawang merah, bawang putih, cabe merah besar, dan serai hingga harum, masukkan ikan teri yg sdh digoreng, aduk2 rata.', 'images': []}, {'text': 'Tambahkan campuran 1 gelas air dan santan kara, masukkan daun salam, cabe bubuk, garam, dan gula merah. Aduk terus hingga mendidih, matikan api.', 'images': []}, {'text': 'Masukkan step 3 ke dalam magic com yg sdh berisi beras. Tambahkan air seperti biasa, aduk rata dan bisa mengoreksi rasa dgn menambahkan garam sampai rasanya pas.', 'images': []}, {'text': 'Klik tombol cooking pd magic com. Jika tombol sdh berubah ke warm, buka magic com, aduk2 nasi, tutup kembali, dan klik sekali lg ke tombol cooking.', 'images': []}, {'text': 'Sajikan dengan lauk dan sambal favorit ', 'images': ['https://img-global.cpcdn.com/steps/6c6f5392dcf0fd0a/400x400cq80/photo.jpg']}]","Cuci beras seperti biasanya, masukkan dlm magic com., Tumis bawang merah, bawang putih, cabe merah besar, dan serai hingga harum, masukkan ikan teri yg sdh digoreng, aduk2 rata., Tambahkan campuran 1 gelas air dan santan kara, masukkan daun salam, cabe bubuk, garam, dan gula merah. Aduk terus hingga mendidih, matikan api., Masukkan step 3 ke dalam magic com yg sdh berisi beras. Tambahkan air seperti biasa, aduk rata dan bisa mengoreksi rasa dgn menambahkan garam sampai rasanya pas., Klik tombol cooking pd magic com. Jika tombol sdh berubah ke warm, buka magic com, aduk2 nasi, tutup kembali, dan klik sekali lg ke tombol cooking., Sajikan dengan lauk dan sambal favorit","beras, teri me kering, santan kara ukuran air, bawang merah iris, bawang putih iris, cabe merah besar iris, daun salam, serai, cabe bubuk, garam, gula merah cincang","masakan sunda Bekal Nasi Liwet Bahan beras, teri me kering, santan kara ukuran air, bawang merah iris, bawang putih iris, cabe merah besar iris, daun salam, serai, cabe bubuk, garam, gula merah cincang Langkah-Langkah Cuci beras seperti biasanya, masukkan dlm magic com., Tumis bawang merah, bawang putih, cabe merah besar, dan serai hingga harum, masukkan ikan teri yg sdh digoreng, aduk2 rata., Tambahkan campuran 1 gelas air dan santan kara, masukkan daun salam, cabe bubuk, garam, dan gula merah. Aduk terus hingga mendidih, matikan api., Masukkan step 3 ke dalam magic com yg sdh berisi beras. Tambahkan air seperti biasa, aduk rata dan bisa mengoreksi rasa dgn menambahkan garam sampai rasanya pas., Klik tombol cooking pd magic com. Jika tombol sdh berubah ke warm, buka magic com, aduk2 nasi, tutup kembali, dan klik sekali lg ke tombol cooking., Sajikan dengan lauk dan sambal favorit"
resep-24809470,masakan sunda,https://cookpad.com/id/resep/24809470,Sate Maranggi Goreng,https://img-global.cpcdn.com/recipes/5b169c9493cef836/1200x630cq80/photo.jpg,"['500 gr daging sapi, potong satu gigitan', '1 sdm air jeruk nipis', '3/4 sdt garam halus', '4 siung bawang putih, haluskan', '14 siung bawang merah, haluskan', '1 sdm ketumbar bubuk', '1/2 sdt lada bubuk', '3 cm jahe, haluskan', '5 cm lengkuas, haluskan', '5 sdm air asam jawa', '1,5 sdt garam halus', '1,5 sdt kaldu sapi bubuk', '4 sdm kecap manis (masukan saat menumis)', '1 buah tomat, potong dadu', '3-4 siung bawang merah iris', '5-10 cabe rawit, iris2', '1/2 sdt kaldu bubuk', '1 buah air jeruk limau']","[{'text': 'Aduk rata daging, garam dan air jeruk nipis. Diamkan 15 menit. Lalu cuci bersih.', 'images': ['https://img-global.cpcdn.com/steps/3b4a21f22d9a5b84/400x400cq80/photo.jpg']}, {'text': 'Campur daging dengan bahan marinasi, aduk hingga rata. Tutup plastik wrap, diamkan minimal 2 jam atau semalaman di kulkas. Saya semalaman.', 'images': ['https://img-global.cpcdn.com/steps/fb4d72670a28a27b/400x400cq80/photo.jpg', 'https://img-global.cpcdn.com/steps/b3214c946a653f87/400x400cq80/photo.jpg', 'https://img-global.cpcdn.com/steps/03658efec2469caf/400x400cq80/photo.jpg']}, {'text': 'Panaskan secukupnya minyak di wajan. Masukan daging yg sudah di marinasi. Beri sedikit air, masak sambil di tutup wajannya hingga empuk. Aduk sesekali.', 'images': ['https://img-global.cpcdn.com/steps/6580c617182b4414/400x400cq80/photo.jpg']}, {'text': 'Setelah empuk masukan kecap manis, masak sambil di aduk rata sebentar saja. Angkat.', 'images': ['https://img-global.cpcdn.com/steps/73a623eb2b237fca/400x400cq80/photo.jpg', 'https://img-global.cpcdn.com/steps/b04c5414569ff292/400x400cq80/photo.jpg']}, {'text': 'Aduk rata semua bahan sambal.', 'images': ['https://img-global.cpcdn.com/steps/0771d63dfca39bac/400x400cq80/photo.jpg']}, {'text': 'Sajikan sate Maranggi goreng dengan sambal kecap.', 'images': ['https://img-global.cpcdn.com/steps/8e66beca9d0ed2f0/400x400cq80/photo.jpg']}]","Aduk rata daging, garam dan air jeruk nipis. Diamkan 15 menit. Lalu cuci bersih., Campur daging dengan bahan marinasi, aduk hingga rata. Tutup plastik wrap, diamkan minimal 2 jam atau semalaman di kulkas. Saya semalaman., Panaskan secukupnya minyak di wajan. Masukan daging yg sudah di marinasi. Beri sedikit air, masak sambil di tutup wajannya hingga empuk. Aduk sesekali., Setelah empuk masukan kecap manis, masak sambil di aduk rata sebentar saja. Angkat., Aduk rata semua bahan sambal., Sajikan sate Maranggi goreng dengan sambal kecap.","daging sapi, air jeruk nipis, garam, bawang putih, bawang merah, ketumbar bubuk, lada bubuk, jahe, lengkuas, air asam jawa, garam, kaldu sapi bubuk, kecap manis, tomat dadu, bawang merah iris, cabe rawit iris, kaldu bubuk, air jeruk limau","masakan sunda Sate Maranggi Goreng Bahan daging sapi, air jeruk nipis, garam, bawang putih, bawang merah, ketumbar bubuk, lada bubuk, jahe, lengkuas, air asam jawa, garam, kaldu sapi bubuk, kecap manis, tomat dadu, bawang merah iris, cabe rawit iris, kaldu bubuk, air jeruk limau Langkah-Langkah Aduk rata daging, garam dan air jeruk nipis. Diamkan 15 menit. Lalu cuci bersih., Campur daging dengan bahan marinasi, aduk hingga rata. Tutup plastik wrap, diamkan minimal 2 jam atau semalaman di kulkas. Saya semalaman., Panaskan secukupnya minyak di wajan. Masukan daging yg sudah di marinasi. Beri sedikit air, masak sambil di tutup wajannya hingga empuk. Aduk sesekali., Setelah empuk masukan kecap manis, masak sambil di aduk rata sebentar saja. Angkat., Aduk rata semua bahan sambal., Sajikan sate Maranggi goreng dengan sambal kecap."
resep-24902442,masakan sunda,https://cookpad.com/id/resep/24902442,Sate Maranggi Oseng,https://img-global.cpcdn.com/recipes/f37d5266a9b13fea/1200x630cq80/photo.jpg,"['1000 gr Daging Sapi Berlemak (aku pakai Rib Eye)', '1 sdt Baking Soda + Air (30 menit &amp; Bilas dengan Air)', 'Secukupnya margarin', '20 Bawang Merah', '5 Bawang Putih', '2 cm Jahe', '5 cm Lengkuas', '2 sdm Ketumbar', '2 sdt Garam', '2 sdt Penyedap', '40 gr Gula Merah', '25 gr Asam Jawa + 75 ml Air (Haluskan &amp; Tumis sampai benar-benar Matang)', 'sdm Kecap Manis (Masukkan setelah Bumbu Matang)', '6 bh Bawang Merah, iris', '6 bh Cabai Rawit Merah, iris', '1 bh Tomat Merah, potong kotak2', '1 bh Jeruk Limau', '8 sdm Kecap Manis']","[{'text': 'Cuci Bersih daging dengan baking soda dan air. diamkan 30 menit, kemudian bilas dengan air.', 'images': ['https://img-global.cpcdn.com/steps/22958cb2d7f749f1/400x400cq80/photo.jpg', 'https://img-global.cpcdn.com/steps/c4911d04d6103591/400x400cq80/photo.jpg']}, {'text': 'Tumis bumbu maranggi kecuali kecap, tumis hingga benar-benar matang. matikan api lalu beri kecap manis', 'images': ['https://img-global.cpcdn.com/steps/851c685b1ff750f9/400x400cq80/photo.jpg', 'https://img-global.cpcdn.com/steps/b6bf936815603b4b/400x400cq80/photo.jpg', 'https://img-global.cpcdn.com/steps/94880b9974da5f2f/400x400cq80/photo.jpg']}, {'text': 'Campur bumbu maranggi yang sudah ditumis dengan daging dan marinasi selama kurang lebih 60 menit, biar lebih meresap', 'images': ['https://img-global.cpcdn.com/steps/64effd3a7a10c5d9/400x400cq80/photo.jpg', 'https://img-global.cpcdn.com/steps/863c016b597a76c6/400x400cq80/photo.jpg']}, {'text': 'Sambal Kecap: Campur semua bahan, aduk rata.', 'images': ['https://img-global.cpcdn.com/steps/225cd5845d24a1e5/400x400cq80/photo.jpg', 'https://img-global.cpcdn.com/steps/b174472bf97d7339/400x400cq80/photo.jpg', 'https://img-global.cpcdn.com/steps/f5db9724266a3de3/400x400cq80/photo.jpg']}, {'text': 'Di wajan yang panaskan lelehkan margarin lalu masukkan daging beserta bumbu marinasinya dan oseng sampai matang.', 'images': ['https://img-global.cpcdn.com/steps/9317f507dd335ef6/400x400cq80/photo.jpg', 'https://img-global.cpcdn.com/steps/ebad630465052b02/400x400cq80/photo.jpg', 'https://img-global.cpcdn.com/steps/aa91bd95c1b05257/400x400cq80/photo.jpg']}, {'text': 'Untuk dapat efek smokey nya boleh di torch. sajikan dengan disiram sambal kecap', 'images': ['https://img-global.cpcdn.com/steps/22b3892d4d2d2bc9/400x400cq80/photo.jpg', 'https://img-global.cpcdn.com/steps/1e3b4d0aa9670738/400x400cq80/photo.jpg']}]","Cuci Bersih daging dengan baking soda dan air. diamkan 30 menit, kemudian bilas dengan air., Tumis bumbu maranggi kecuali kecap, tumis hingga benar-benar matang. matikan api lalu beri kecap manis, Campur bumbu maranggi yang sudah ditumis dengan daging dan marinasi selama kurang lebih 60 menit, biar lebih meresap, Sambal Kecap: Campur semua bahan, aduk rata., Di wajan yang panaskan lelehkan margarin lalu masukkan daging beserta bumbu marinasinya dan oseng sampai matang., Untuk dapat efek smokey nya boleh di torch. sajikan dengan disiram sambal kecap","daging sapi, baking soda air menit, margarin, bawang merah, bawang putih, jahe, lengkuas, ketumbar, garam, gula merah, asam jawa air tumis, kecap manis, bawang merah iris, cabai rawit merah iris, tomat merah, jeruk limau, kecap manis","masakan sunda Sate Maranggi Oseng Bahan daging sapi, baking soda air menit, margarin, bawang merah, bawang putih, jahe, lengkuas, ketumbar, garam, gula merah, asam jawa air tumis, kecap manis, bawang merah iris, cabai rawit merah iris, tomat merah, jeruk limau, kecap manis Langkah-Langkah Cuci Bersih daging dengan baking soda dan air. diamkan 30 menit, kemudian bilas dengan air., Tumis bumbu maranggi kecuali kecap, tumis hingga benar-benar matang. matikan api lalu beri kecap manis, Campur bumbu maranggi yang sudah ditumis dengan daging dan marinasi selama kurang lebih 60 menit, biar lebih meresap, Sambal Kecap: Campur semua bahan, aduk rata., Di wajan yang panaskan lelehkan margarin lalu masukkan daging beserta bumbu marinasinya dan oseng sampai matang., Untuk dapat efek smokey nya boleh di torch. sajikan dengan disiram sambal kecap"
resep-24968231,masakan padang,https://cookpad.com/id/resep/24968231,Ayam Pop Kids Friendly ala masakan padang,https://img-global.cpcdn.com/recipes/026239c04db9e8f2/1200x630cq80/photo.jpg,"['2 paha ayam', '500 ml air kelapa', '250 ml santan', 'Secukupnya garam', '4 lembar daun jeruk', '3 lembar daun salam', '2 batang serai (Di Geprek)', '5 siung bawang putih', '2 butir kemiri', '1 ruas jahe']","[{'text': 'Cuci bersih paha ayam, lalu haluskan/blender bawang putih,kemiri dan jahe', 'images': ['https://img-global.cpcdn.com/steps/61f4a8416db54623/400x400cq80/photo.jpg', 'https://img-global.cpcdn.com/steps/515bfbb0a71db50b/400x400cq80/photo.jpg']}, {'text': 'Siapkan panci Masukkan paha ayam, bumbu yang sudah di haluskan, batang serai, daun salam dan daun jeruk', 'images': ['https://img-global.cpcdn.com/steps/c9fc421dd917658e/400x400cq80/photo.jpg']}, {'text': 'Masukkan air kelapa, santan dan garam secukupnya, lalu masak hingga ayam matang dan air menyusut dengan api sedang', 'images': ['https://img-global.cpcdn.com/steps/87dccde6649e346e/400x400cq80/photo.jpg', 'https://img-global.cpcdn.com/steps/6c383c0658851e26/400x400cq80/photo.jpg', 'https://img-global.cpcdn.com/steps/56952102e4800b2b/400x400cq80/photo.jpg']}, {'text': 'Ayam pop matang, siap disajikan', 'images': ['https://img-global.cpcdn.com/steps/e593e847ca14c6ce/400x400cq80/photo.jpg']}]","Cuci bersih paha ayam, lalu haluskan/blender bawang putih,kemiri dan jahe, Siapkan panci Masukkan paha ayam, bumbu yang sudah di haluskan, batang serai, daun salam dan daun jeruk, Masukkan air kelapa, santan dan garam secukupnya, lalu masak hingga ayam matang dan air menyusut dengan api sedang, Ayam pop matang, siap disajikan","paha ayam, air kelapa, santan, garam, daun jeruk, daun salam, serai di, bawang putih, kemiri, jahe","masakan padang Ayam Pop Kids Friendly ala masakan padang Bahan paha ayam, air kelapa, santan, garam, daun jeruk, daun salam, serai di, bawang putih, kemiri, jahe Langkah-Langkah Cuci bersih paha ayam, lalu haluskan/blender bawang putih,kemiri dan jahe, Siapkan panci Masukkan paha ayam, bumbu yang sudah di haluskan, batang serai, daun salam dan daun jeruk, Masukkan air kelapa, santan dan garam secukupnya, lalu masak hingga ayam matang dan air menyusut dengan api sedang, Ayam pop matang, siap disajikan"
resep-24954120,masakan padang,https://cookpad.com/id/resep/24954120,Sambal Balado Ayam masakan Padang,https://img-global.cpcdn.com/recipes/0b2738b5c87513ed/1200x630cq80/photo.jpg,"['1 kg daging ayam (potong 6 atau sesuai selera)', '4 siung bawang putih', '1 sdt ketumbar', 'secukupnya garam', '12 buah Cabai keriting', '6 buah Cabai rawit', 'secukupnya garam', '6 buah bawang merah, rajang', 'Selada untuk hiasan/lalapan', '1,5-2 sdm minyak goreng', '4 gelas air utk rebus ayam']","[{'text': 'Haluskan bawang putih, garam dan ketumbar. Rebus ayam dengan bumbu dan air sampai empuk. Lalu digoreng tapi jangan sampai kering banget (kalau saya tidak digoreng ayamnya). Sementara itu kita haluskan bahan bumbu halus, sisihkan.', 'images': ['https://img-global.cpcdn.com/steps/0647410a23e3289e/400x400cq80/photo.jpg', 'https://img-global.cpcdn.com/steps/62dd46d81e11c6ca/400x400cq80/photo.jpg', 'https://img-global.cpcdn.com/steps/3095438c869ab3e4/400x400cq80/photo.jpg']}, {'text': 'Panaskan minyak goreng, masukkan irisan bawang merah, aduk hingga matang. Lalu masukkan bumbu halus, aduk-aduk. Kalau sudah kering, masukkan ayam. Bolak balik kira kira setengah menit saja. Koreksi rasa ya.', 'images': ['https://img-global.cpcdn.com/steps/d9359d806bf5b72a/400x400cq80/photo.jpg', 'https://img-global.cpcdn.com/steps/42ac831568476c26/400x400cq80/photo.jpg', 'https://img-global.cpcdn.com/steps/4a020cea7ae665e6/400x400cq80/photo.jpg']}, {'text': 'Sajikan segera, enak banget nih .', 'images': ['https://img-global.cpcdn.com/steps/7c92ace2b1d47843/400x400cq80/photo.jpg', 'https://img-global.cpcdn.com/steps/ffd7f11adc281a76/400x400cq80/photo.jpg', 'https://img-global.cpcdn.com/steps/ead7317299089544/400x400cq80/photo.jpg']}]","Haluskan bawang putih, garam dan ketumbar. Rebus ayam dengan bumbu dan air sampai empuk. Lalu digoreng tapi jangan sampai kering banget (kalau saya tidak digoreng ayamnya). Sementara itu kita haluskan bahan bumbu halus, sisihkan., Panaskan minyak goreng, masukkan irisan bawang merah, aduk hingga matang. Lalu masukkan bumbu halus, aduk-aduk. Kalau sudah kering, masukkan ayam. Bolak balik kira kira setengah menit saja. Koreksi rasa ya., Sajikan segera, enak banget nih .","daging ayam, bawang putih, ketumbar, garam, cabai keriting, cabai rawit, garam, bawang merah rajang, selada, minyak goreng, air","masakan padang Sambal Balado Ayam masakan Padang Bahan daging ayam, bawang putih, ketumbar, garam, cabai keriting, cabai rawit, garam, bawang merah rajang, selada, minyak goreng, air Langkah-Langkah Haluskan bawang putih, garam dan ketumbar. Rebus ayam dengan bumbu dan air sampai empuk. Lalu digoreng tapi jangan sampai kering banget (kalau saya tidak digoreng ayamnya). Sementara itu kita haluskan bahan bumbu halus, sisihkan., Panaskan minyak goreng, masukkan irisan bawang merah, aduk hingga matang. Lalu masukkan bumbu halus, aduk-aduk. Kalau sudah kering, masukkan ayam. Bolak balik kira kira setengah menit saja. Koreksi rasa ya., Sajikan segera, enak banget nih ."
resep-24760593,masakan padang,https://cookpad.com/id/resep/24760593,Gulai Pisang Telur Masakan Jadul Yang Endul,https://img-global.cpcdn.com/recipes/7137a973b25c9a48/1200x630cq80/photo.jpg,"['1 sisir Pisang tanduk dipotong serong memanjang', '5 butir Telurnya rebus', '1 bungkus Santan Kara', 'secukupnya Bumbu gulai beli di pajak/pasar', '6 buah Cabai merah belah 2', 'secukupnya Ebi goreng', 'secukupnya Air bersih', 'secukupnya Garam', 'secukupnya Gula', 'secukupnya Kaldu ayam bubuk', 'secukupnya Lada bubuk', 'secukupnya Minyak goreng']","[{'text': 'Siapkan pisang muda dan air yang sudah diberi sesendok garam. Buang kulit tipis/bagian luar pisang. Potong pisang sesuai keinginan. Rendam pisang ke dalam air garam untuk menghilangkan getah pisang. Cuci pisang sampai bersih lalu tiriskan dan sisihkan. Nb : Agar getah tidak lengket, sebaiknya lumuri tangan dan pisau dengan minyak goreng terlebih dahulu.', 'images': ['https://img-global.cpcdn.com/steps/dfe568a38d13457c/400x400cq80/photo.jpg', 'https://img-global.cpcdn.com/steps/ea5c625bcfb72048/400x400cq80/photo.jpg', 'https://img-global.cpcdn.com/steps/2fd7da66302ab88e/400x400cq80/photo.jpg']}, {'text': 'Rebus telur hingga matang kemudian kupas kulit telur, sisihkan.', 'images': ['https://img-global.cpcdn.com/steps/50b92b8e3619fc33/400x400cq80/photo.jpg', 'https://img-global.cpcdn.com/steps/65e9166c66e16d0d/400x400cq80/photo.jpg']}, {'text': 'Siapkan bahan lainnya. Pesiang cabai merah setelah itu cuci sampai bersih beserta udang manisnya (ebi.)', 'images': ['https://img-global.cpcdn.com/steps/95335348f498de5a/400x400cq80/photo.jpg', 'https://img-global.cpcdn.com/steps/af3553ef0f2c96dc/400x400cq80/photo.jpg']}, {'text': 'Panaskan minyak. Masak ebi hingga matang, angkat dan sisihkan.', 'images': ['https://img-global.cpcdn.com/steps/6af7b8fd83519347/400x400cq80/photo.jpg', 'https://img-global.cpcdn.com/steps/0331bf19f228aa60/400x400cq80/photo.jpg']}, {'text': 'Berikutnya, masukkan bumbu gulai ke dalam wajan. Tumis bumbu gulai sampai tanak.', 'images': ['https://img-global.cpcdn.com/steps/f0ac810f266d203c/400x400cq80/photo.jpg']}, {'text': 'Masukkan potongan pisang, aduk-aduk. Tambahkan air, tunggu hingga mendidih.', 'images': ['https://img-global.cpcdn.com/steps/1ac37f9ca6e77cf8/400x400cq80/photo.jpg', 'https://img-global.cpcdn.com/steps/d0094effbaa58e6c/400x400cq80/photo.jpg']}, {'text': 'Masukkan telur, cabai merah dan ebi.', 'images': ['https://img-global.cpcdn.com/steps/0ac425e173f02fa8/400x400cq80/photo.jpg', 'https://img-global.cpcdn.com/steps/e0c0097ec8df9e9a/400x400cq80/photo.jpg']}, {'text': 'Tambahkan santan, gula, garam, kaldu ayam bubuk dan lada bubuk. Aduk sampai merata. Koreksi rasa. Jika sudah pas dan matang, matikan kompor. Taruh gulai ke dalam mangkuk.', 'images': ['https://img-global.cpcdn.com/steps/a0d4e1d6a9947bdf/400x400cq80/photo.jpg', 'https://img-global.cpcdn.com/steps/42a97d926720f19d/400x400cq80/photo.jpg']}, {'text': 'Gulai pisang telur yang enak parrahh siap dihidangkan. Rasanya nampol parrah', 'images': ['https://img-global.cpcdn.com/steps/2073465b2e753cc8/400x400cq80/photo.jpg', 'https://img-global.cpcdn.com/steps/91a301456f8ee317/400x400cq80/photo.jpg', 'https://img-global.cpcdn.com/steps/d810b5c81b0fbb93/400x400cq80/photo.jpg']}]","Siapkan pisang muda dan air yang sudah diberi sesendok garam. Buang kulit tipis/bagian luar pisang. Potong pisang sesuai keinginan. Rendam pisang ke dalam air garam untuk menghilangkan getah pisang. Cuci pisang sampai bersih lalu tiriskan dan sisihkan. Nb : Agar getah tidak lengket, sebaiknya lumuri tangan dan pisau dengan minyak goreng terlebih dahulu., Rebus telur hingga matang kemudian kupas kulit telur, sisihkan., Siapkan bahan lainnya. Pesiang cabai merah setelah itu cuci sampai bersih beserta udang manisnya (ebi.), Panaskan minyak. Masak ebi hingga matang, angkat dan sisihkan., Berikutnya, masukkan bumbu gulai ke dalam wajan. Tumis bumbu gulai sampai tanak., Masukkan potongan pisang, aduk-aduk. Tambahkan air, tunggu hingga mendidih., Masukkan telur, cabai merah dan ebi., Tambahkan santan, gula, garam, kaldu ayam bubuk dan lada bubuk. Aduk sampai merata. Koreksi rasa. Jika sudah pas dan matang, matikan kompor. Taruh gulai ke dalam mangkuk., Gulai pisang telur yang enak parrahh siap dihidangkan. Rasanya nampol parrah","sisir pisang tanduk, telurnya rebus, santan kara, bumbu gulai, cabai merah belah, ebi goreng, air bersih, garam, gula, kaldu ayam bubuk, lada bubuk, minyak goreng","masakan padang Gulai Pisang Telur Masakan Jadul Yang Endul Bahan sisir pisang tanduk, telurnya rebus, santan kara, bumbu gulai, cabai merah belah, ebi goreng, air bersih, garam, gula, kaldu ayam bubuk, lada bubuk, minyak goreng Langkah-Langkah Siapkan pisang muda dan air yang sudah diberi sesendok garam. Buang kulit tipis/bagian luar pisang. Potong pisang sesuai keinginan. Rendam pisang ke dalam air garam untuk menghilangkan getah pisang. Cuci pisang sampai bersih lalu tiriskan dan sisihkan. Nb : Agar getah tidak lengket, sebaiknya lumuri tangan dan pisau dengan minyak goreng terlebih dahulu., Rebus telur hingga matang kemudian kupas kulit telur, sisihkan., Siapkan bahan lainnya. Pesiang cabai merah setelah itu cuci sampai bersih beserta udang manisnya (ebi.), Panaskan minyak. Masak ebi hingga matang, angkat dan sisihkan., Berikutnya, masukkan bumbu gulai ke dalam wajan. Tumis bumbu gulai sampai tanak., Masukkan potongan pisang, aduk-aduk. Tambahkan air, tunggu hingga mendidih., Masukkan telur, cabai merah dan ebi., Tambahkan santan, gula, garam, kaldu ayam bubuk dan lada bubuk. Aduk sampai merata. Koreksi rasa. Jika sudah pas dan matang, matikan kompor. Taruh gulai ke dalam mangkuk., Gulai pisang telur yang enak parrahh siap dihidangkan. Rasanya nampol parrah"
resep-24558051,masakan padang,https://cookpad.com/id/resep/24558051,Gulai Tunjang Masakan Minang,https://img-global.cpcdn.com/recipes/71b29f31fba91d5e/1200x630cq80/photo.jpg,"['1/2 kg tunjang', '1/4 kg rebung', '1,5 Liter santan', '4 sdt pemasak kambing', '60 gram cabe giling', '5 siung bawang putih', '8 siung bawang merah', '1 cm jahe', '1 cm lengkuas', '1 cm kunyit', '1 batang sere', '1 lembar daun kunyit', '3 lembar daun jeruk', '1 lembar daun salam']","[{'text': 'Tumis bumbu halus sampai harum.', 'images': ['https://img-global.cpcdn.com/steps/a3a3c80b0a5dc2e7/400x400cq80/photo.jpg']}, {'text': 'Masukkan pemasak.', 'images': ['https://img-global.cpcdn.com/steps/aee60c4d870e9ffb/400x400cq80/photo.jpg']}, {'text': 'Tuang santan.', 'images': ['https://img-global.cpcdn.com/steps/24cbc44efea86507/400x400cq80/photo.jpg']}, {'text': 'Masukkan rebung dan tunjang. Masak hingga kuah mengental', 'images': ['https://img-global.cpcdn.com/steps/c99fed1d309c9f61/400x400cq80/photo.jpg', 'https://img-global.cpcdn.com/steps/e7eacfd096cc052d/400x400cq80/photo.jpg']}, {'text': 'Sajikan', 'images': ['https://img-global.cpcdn.com/steps/2369d8f2a4dd9a07/400x400cq80/photo.jpg']}]","Tumis bumbu halus sampai harum., Masukkan pemasak., Tuang santan., Masukkan rebung dan tunjang. Masak hingga kuah mengental, Sajikan","tunjang, rebung, santan, pemasak kambing, cabe, bawang putih, bawang merah, jahe, lengkuas, kunyit, sere, daun kunyit, daun jeruk, daun salam","masakan padang Gulai Tunjang Masakan Minang Bahan tunjang, rebung, santan, pemasak kambing, cabe, bawang putih, bawang merah, jahe, lengkuas, kunyit, sere, daun kunyit, daun jeruk, daun salam Langkah-Langkah Tumis bumbu halus sampai harum., Masukkan pemasak., Tuang santan., Masukkan rebung dan tunjang. Masak hingga kuah mengental, Sajikan"
resep-23961675,masakan padang,https://cookpad.com/id/resep/23961675,Ambu Ambu Kelapa Oseng Untuk Rendang Masakan Padang,https://img-global.cpcdn.com/recipes/76a675224d57c99c/1200x630cq80/photo.jpg,['500 gr kelapa parut'],"[{'text': 'Oseng kelapa parut menggunakan api sedang cenderung kecil hingga kelapa kecoklatan. Angkat', 'images': ['https://img-global.cpcdn.com/steps/bed226960531b519/400x400cq80/photo.jpg', 'https://img-global.cpcdn.com/steps/89558434d2d00481/400x400cq80/photo.jpg']}, {'text': 'Uleg kelapa oseng hingga halus & mengeluarkan minyak Ambu ambu siap digunakan untuk masak rendang, malbi, gulai, kalio, dll. Selamat mencoba', 'images': ['https://img-global.cpcdn.com/steps/4c2b3cbbe3f7cc4a/400x400cq80/photo.jpg', 'https://img-global.cpcdn.com/steps/357ab16ed951ba6b/400x400cq80/photo.jpg']}]","Oseng kelapa parut menggunakan api sedang cenderung kecil hingga kelapa kecoklatan. Angkat, Uleg kelapa oseng hingga halus & mengeluarkan minyak Ambu ambu siap digunakan untuk masak rendang, malbi, gulai, kalio, dll. Selamat mencoba",kelapa,"masakan padang Ambu Ambu Kelapa Oseng Untuk Rendang Masakan Padang Bahan kelapa Langkah-Langkah Oseng kelapa parut menggunakan api sedang cenderung kecil hingga kelapa kecoklatan. Angkat, Uleg kelapa oseng hingga halus & mengeluarkan minyak Ambu ambu siap digunakan untuk masak rendang, malbi, gulai, kalio, dll. Selamat mencoba"
resep-17266709,masakan bali,https://cookpad.com/id/resep/17266709,Ikan Kembung Me Nyat Nyat masakan Bali,https://img-global.cpcdn.com/recipes/aec8250698dbf6d5/1200x630cq80/photo.jpg,"['4 ekor ikan kembung, cuci bersih', '100-125 gr Bumbu basegenep', '1 sdt garam', '1/2 sdt pada hitam', '25 gr Asam Jawa (larutkan dengan sedikit air)', '100-125 gr Bumbu base genep', '1 batang sereh', '10 gr kencur (parit ambil airnya)', '3 lebar daun jeruk', '5 lembar daun salam', '20-25 gr gula Jawa (sesuai selera)', '500 ml air untuk merebus bumbu', 'secukupnya Garam']","[{'text': 'Siapkan semua bumbu yang di perlukan.', 'images': ['https://img-global.cpcdn.com/steps/b622298e64220795/400x400cq80/photo.jpg']}, {'text': 'Setelahnya ikan di bersihkan & di cuci, kemudian ikannya di marinasi ±1 jam dengan bumbu marinasi. Lalu panaskan minyak goreng, lalu masukan ikan yang sudah di marinasi tadi goreng sampai matang.', 'images': ['https://img-global.cpcdn.com/steps/3b6e1dd1f2256f24/400x400cq80/photo.jpg']}, {'text': 'Cincang kasar sereh & parit kencur (ambil airnya saja), lalu iris - iris gula merah.', 'images': []}, {'text': 'Masukan air dalam kwali, air kencur, sereh yang sudah di cincang tadi, daun salam, daun jeruk, gula jawa & bumbu base genep. Rebus sampai harum. Dan yang terakhir masukan ikan yang sudah di goreng tadi. Masak hingga matang. Ikan kembung menyat-nyat pun siap untuk di sajikan.', 'images': ['https://img-global.cpcdn.com/steps/3cb44430ceee2b83/400x400cq80/photo.jpg', 'https://img-global.cpcdn.com/steps/2c4c7bf357f11fcd/400x400cq80/photo.jpg']}]","Siapkan semua bumbu yang di perlukan., Setelahnya ikan di bersihkan & di cuci, kemudian ikannya di marinasi ±1 jam dengan bumbu marinasi. Lalu panaskan minyak goreng, lalu masukan ikan yang sudah di marinasi tadi goreng sampai matang., Cincang kasar sereh & parit kencur (ambil airnya saja), lalu iris - iris gula merah., Masukan air dalam kwali, air kencur, sereh yang sudah di cincang tadi, daun salam, daun jeruk, gula jawa & bumbu base genep. Rebus sampai harum. Dan yang terakhir masukan ikan yang sudah di goreng tadi. Masak hingga matang. Ikan kembung menyat-nyat pun siap untuk di sajikan.","ikan kembung, bumbu basegenep, garam, pada hitam, asam jawa, bumbu base genep, sereh, kencur parit, lebar daun jeruk, daun salam, gula jawa, air bumbu, garam","masakan bali Ikan Kembung Me Nyat Nyat masakan Bali Bahan ikan kembung, bumbu basegenep, garam, pada hitam, asam jawa, bumbu base genep, sereh, kencur parit, lebar daun jeruk, daun salam, gula jawa, air bumbu, garam Langkah-Langkah Siapkan semua bumbu yang di perlukan., Setelahnya ikan di bersihkan & di cuci, kemudian ikannya di marinasi ±1 jam dengan bumbu marinasi. Lalu panaskan minyak goreng, lalu masukan ikan yang sudah di marinasi tadi goreng sampai matang., Cincang kasar sereh & parit kencur (ambil airnya saja), lalu iris - iris gula merah., Masukan air dalam kwali, air kencur, sereh yang sudah di cincang tadi, daun salam, daun jeruk, gula jawa & bumbu base genep. Rebus sampai harum. Dan yang terakhir masukan ikan yang sudah di goreng tadi. Masak hingga matang. Ikan kembung menyat-nyat pun siap untuk di sajikan."
resep-17257686,masakan bali,https://cookpad.com/id/resep/17257686,Base Genep Autentik Bumbu Dasar Masakan Bali,https://img-global.cpcdn.com/recipes/c1986d0d70b8ed23/1200x630cq80/photo.jpg,"['1 kg lengkuas', '500 gr kencur', '250 gr kunyit', '125 gr jahe', '100 gr Bawang Merah', '100 gr Bawang Putih', '20 gr ketumbar', '20 gr jinten', '20 gr biji pala', '20 gr lada hitam (bisa di kurangi bila tak suka pedas)', '5-20 gr cengkeh', '20 gr kemiri', '5 batang Serai', '5 lembar daun salam', '5 lembar daun jeruk', 'sesuai selera Bisa di tambah cabai,', '300 ml minyak kelapa (untuk menumis)', '2 sdm garam']","[{'text': 'Siapkan semua bahan-bahan yang di perlukan', 'images': ['https://img-global.cpcdn.com/steps/1e2cd6a1d706edd1/400x400cq80/photo.jpg', 'https://img-global.cpcdn.com/steps/229745e90472b5d9/400x400cq80/photo.jpg', 'https://img-global.cpcdn.com/steps/09e20107ed2f1273/400x400cq80/photo.jpg']}, {'text': 'Haluskan/Cooper masing - masing bahan base Gede satu persatu dan juga tambahkan bawang merah dan putih lalu di haluskan menjadi satu dengan bahan base gede yang lainnya hingga tercampur rata semuanya.', 'images': ['https://img-global.cpcdn.com/steps/a97ca53ebbf514d3/400x400cq80/photo.jpg', 'https://img-global.cpcdn.com/steps/2c9f9cb281023156/400x400cq80/photo.jpg', 'https://img-global.cpcdn.com/steps/41f475c7d2e37c9b/400x400cq80/photo.jpg']}, {'text': 'Lalu kemudian tambahin bahan - bahan base wangen campur menjadi satu hingga tercampur rata semua.', 'images': ['https://img-global.cpcdn.com/steps/ca37b3418704a6b6/400x400cq80/photo.jpg', 'https://img-global.cpcdn.com/steps/39932bc11e276688/400x400cq80/photo.jpg']}, {'text': 'Panas kan minyak. Aduk rata dan tumis semua bumbu', 'images': ['https://img-global.cpcdn.com/steps/35b1be35fe5095eb/400x400cq80/photo.jpg']}, {'text': 'Masukan daun salam, daun jeruk lalu kemudian aduk-aduk sampai semua tercampur rata.', 'images': ['https://img-global.cpcdn.com/steps/5a97d58c5f42f17b/400x400cq80/photo.jpg']}, {'text': 'Masak hingga ± 30 menit sampai kandungan airnya menyusut dan kandungan minyak - Minyaknya keluar, terakhir bisa tambahkan garam sesuai dengan selera. Bumbu base genap (bumbu dasar masakkan bali) pun siap untuk di gunakan atau di jadi kan stok dalam kulkas.', 'images': ['https://img-global.cpcdn.com/steps/7139c4d74b2094cb/400x400cq80/photo.jpg']}]","Siapkan semua bahan-bahan yang di perlukan, Haluskan/Cooper masing - masing bahan base Gede satu persatu dan juga tambahkan bawang merah dan putih lalu di haluskan menjadi satu dengan bahan base gede yang lainnya hingga tercampur rata semuanya., Lalu kemudian tambahin bahan - bahan base wangen campur menjadi satu hingga tercampur rata semua., Panas kan minyak. Aduk rata dan tumis semua bumbu, Masukan daun salam, daun jeruk lalu kemudian aduk-aduk sampai semua tercampur rata., Masak hingga ± 30 menit sampai kandungan airnya menyusut dan kandungan minyak - Minyaknya keluar, terakhir bisa tambahkan garam sesuai dengan selera. Bumbu base genap (bumbu dasar masakkan bali) pun siap untuk di gunakan atau di jadi kan stok dalam kulkas.","lengkuas, kencur, kunyit, jahe, bawang merah, bawang putih, ketumbar, jinten, biji pala, lada hitam, cengkeh, kemiri, serai, daun salam, daun jeruk, bisa di tambah cabai, minyak kelapa, garam","masakan bali Base Genep Autentik Bumbu Dasar Masakan Bali Bahan lengkuas, kencur, kunyit, jahe, bawang merah, bawang putih, ketumbar, jinten, biji pala, lada hitam, cengkeh, kemiri, serai, daun salam, daun jeruk, bisa di tambah cabai, minyak kelapa, garam Langkah-Langkah Siapkan semua bahan-bahan yang di perlukan, Haluskan/Cooper masing - masing bahan base Gede satu persatu dan juga tambahkan bawang merah dan putih lalu di haluskan menjadi satu dengan bahan base gede yang lainnya hingga tercampur rata semuanya., Lalu kemudian tambahin bahan - bahan base wangen campur menjadi satu hingga tercampur rata semua., Panas kan minyak. Aduk rata dan tumis semua bumbu, Masukan daun salam, daun jeruk lalu kemudian aduk-aduk sampai semua tercampur rata., Masak hingga ± 30 menit sampai kandungan airnya menyusut dan kandungan minyak - Minyaknya keluar, terakhir bisa tambahkan garam sesuai dengan selera. Bumbu base genap (bumbu dasar masakkan bali) pun siap untuk di gunakan atau di jadi kan stok dalam kulkas."
resep-17065143,masakan bali,https://cookpad.com/id/resep/17065143,Suir ayam sambal matah masakan Bali,https://img-global.cpcdn.com/recipes/678ff46c430dec05/1200x630cq80/photo.jpg,"['1/4 kg ayam', 'iris Bumbu', '6 siung bawang merah', '10 buah cabe kecil merah', '1/2 peras jeruk lemo', 'Secukupnya garam, penyedap rasa, gula dan minyak panas, dan terasi']","[{'text': 'Bersihkan dulu ayam nya', 'images': []}, {'text': 'Lalu ayam di rebus', 'images': []}, {'text': 'Jika sudah matang ayam siap di angkat', 'images': []}, {'text': 'Ayam yg sudah di rebus. Sekarang di goreng sampai berwarna coklat', 'images': []}, {'text': 'Iris bawang merah, cabe kecil', 'images': []}, {'text': 'Lalu suir ayam yg sudah di goreng', 'images': []}, {'text': 'Campur bawang merah, cabe, terasi lalu tuangkan penyedap rasa, gula pasir, garam dan minyak yg sudah di panaskan', 'images': []}, {'text': 'Campur bumbu iris dan ayam. Setelah tercampur rata peras lemo yg sudah di sediakan', 'images': []}, {'text': 'Ayam suir sambal matah siap di hidangkan', 'images': []}]","Bersihkan dulu ayam nya, Lalu ayam di rebus, Jika sudah matang ayam siap di angkat, Ayam yg sudah di rebus. Sekarang di goreng sampai berwarna coklat, Iris bawang merah, cabe kecil, Lalu suir ayam yg sudah di goreng, Campur bawang merah, cabe, terasi lalu tuangkan penyedap rasa, gula pasir, garam dan minyak yg sudah di panaskan, Campur bumbu iris dan ayam. Setelah tercampur rata peras lemo yg sudah di sediakan, Ayam suir sambal matah siap di hidangkan","ayam, iris bumbu, bawang merah, cabe kecil merah, peras jeruk lemo, garam rasa gula minyak panas terasi","masakan bali Suir ayam sambal matah masakan Bali Bahan ayam, iris bumbu, bawang merah, cabe kecil merah, peras jeruk lemo, garam rasa gula minyak panas terasi Langkah-Langkah Bersihkan dulu ayam nya, Lalu ayam di rebus, Jika sudah matang ayam siap di angkat, Ayam yg sudah di rebus. Sekarang di goreng sampai berwarna coklat, Iris bawang merah, cabe kecil, Lalu suir ayam yg sudah di goreng, Campur bawang merah, cabe, terasi lalu tuangkan penyedap rasa, gula pasir, garam dan minyak yg sudah di panaskan, Campur bumbu iris dan ayam. Setelah tercampur rata peras lemo yg sudah di sediakan, Ayam suir sambal matah siap di hidangkan"
resep-16984053,masakan bali,https://cookpad.com/id/resep/16984053,Jukut Komak Kacang Kara Masakan Khas Buleleng,https://img-global.cpcdn.com/recipes/6f89d2d936ad81ee/1200x630cq80/photo.jpg,"['1 kilogram komak / kacang kara yang serat pinggirnya sudah dikupas', '1 batang sereh', '2 lembar daun salam', 'Sejumput buah asam', 'Sesuai selera garam', 'Secukupnya air untuk kuah (saya banyakin kuahnya karena kuahnya enak)', 'Bumbu dihaluskan :', '8 buah bawang merah', '5 buah bawang putih', '7 buah cabe merah kecil', '2 buah cabe merah besar (optional)', '1 ruas kunyit', '1 keping terasi kemasan kecil']","[{'text': 'Bersihkan kedua sisi pinggir komak kemudian cuci bersih. Siapkan juga bahan lainnya.', 'images': ['https://img-global.cpcdn.com/steps/64aef508f6d321e4/400x400cq80/photo.jpg', 'https://img-global.cpcdn.com/steps/238d53d7958c17cf/400x400cq80/photo.jpg']}, {'text': 'Haluskan bumbu. Rebus komak hingga setenggah matang.', 'images': ['https://img-global.cpcdn.com/steps/fe57d7372856a9cd/400x400cq80/photo.jpg', 'https://img-global.cpcdn.com/steps/d8fc04c6dae0d625/400x400cq80/photo.jpg']}, {'text': 'Masukan bumbu dihaluskan dan bahan lainnya. Masak hingga matang dan komak empuk. Tanda empuk komak: mudah lepas dari kulit, dimakan rasanya tidak langu.', 'images': ['https://img-global.cpcdn.com/steps/b1ba24908200d28e/400x400cq80/photo.jpg', 'https://img-global.cpcdn.com/steps/374f1f410d29df65/400x400cq80/photo.jpg']}, {'text': 'Matikan kompor. Ambil wadah saji. Sajikan. Selamat mencoba salam koki dapur rumahan.', 'images': ['https://img-global.cpcdn.com/steps/98e7696e5d95e163/400x400cq80/photo.jpg', 'https://img-global.cpcdn.com/steps/963c561e7e40e5c7/400x400cq80/photo.jpg']}]","Bersihkan kedua sisi pinggir komak kemudian cuci bersih. Siapkan juga bahan lainnya., Haluskan bumbu. Rebus komak hingga setenggah matang., Masukan bumbu dihaluskan dan bahan lainnya. Masak hingga matang dan komak empuk. Tanda empuk komak: mudah lepas dari kulit, dimakan rasanya tidak langu., Matikan kompor. Ambil wadah saji. Sajikan. Selamat mencoba salam koki dapur rumahan.","komak kacang kara, sereh, daun salam, asam, garam, air, bumbu, bawang merah, bawang putih, cabe merah kecil, cabe merah besar, kunyit, keping terasi","masakan bali Jukut Komak Kacang Kara Masakan Khas Buleleng Bahan komak kacang kara, sereh, daun salam, asam, garam, air, bumbu, bawang merah, bawang putih, cabe merah kecil, cabe merah besar, kunyit, keping terasi Langkah-Langkah Bersihkan kedua sisi pinggir komak kemudian cuci bersih. Siapkan juga bahan lainnya., Haluskan bumbu. Rebus komak hingga setenggah matang., Masukan bumbu dihaluskan dan bahan lainnya. Masak hingga matang dan komak empuk. Tanda empuk komak: mudah lepas dari kulit, dimakan rasanya tidak langu., Matikan kompor. Ambil wadah saji. Sajikan. Selamat mencoba salam koki dapur rumahan."
resep-16899918,masakan bali,https://cookpad.com/id/resep/16899918,Jukut gonde sayur gonde masakan khas Bali,https://img-global.cpcdn.com/recipes/d213bb030fe7851c/1200x630cq80/photo.jpg,"['1 ikat gonde', 'Bumbu sambal bawang goreng', '3 siung bawang putih', '5 siung bawang merah (saya pakek yg ukuran kecil)', '6 buah cabe merah kecil', 'Secukupnya terasi, gula pasir, dan garam']","[{'text': 'Potong sayur gonde sesuai selera', 'images': []}, {'text': 'Panaskan air di panci,jika sudah panas masukan gonde yg sudah di potong', 'images': []}, {'text': 'Setelah gonde sudah matang, gonde angkat lalu masukan di bangkok yg berisi air mengalir tadi (supaya gonde terliat hijau)', 'images': []}, {'text': 'Tumis bumbu yg sudah di iris tadi. Cabe, bawang merah, bawang putih. Jika sudah harum campur terasi, gula pasir, garam', 'images': []}, {'text': 'Jika bumbu sudah wagi, campur bumbu bawang goreng ke sayur gondenya', 'images': []}, {'text': 'Bejek sampai merata', 'images': []}, {'text': 'Sayur gonde khas bali siap di sajikan', 'images': []}]","Potong sayur gonde sesuai selera, Panaskan air di panci,jika sudah panas masukan gonde yg sudah di potong, Setelah gonde sudah matang, gonde angkat lalu masukan di bangkok yg berisi air mengalir tadi (supaya gonde terliat hijau), Tumis bumbu yg sudah di iris tadi. Cabe, bawang merah, bawang putih. Jika sudah harum campur terasi, gula pasir, garam, Jika bumbu sudah wagi, campur bumbu bawang goreng ke sayur gondenya, Bejek sampai merata, Sayur gonde khas bali siap di sajikan","gonde, bumbu sambal bawang goreng, bawang putih, bawang merah, cabe merah kecil, terasi gula pasir garam","masakan bali Jukut gonde sayur gonde masakan khas Bali Bahan gonde, bumbu sambal bawang goreng, bawang putih, bawang merah, cabe merah kecil, terasi gula pasir garam Langkah-Langkah Potong sayur gonde sesuai selera, Panaskan air di panci,jika sudah panas masukan gonde yg sudah di potong, Setelah gonde sudah matang, gonde angkat lalu masukan di bangkok yg berisi air mengalir tadi (supaya gonde terliat hijau), Tumis bumbu yg sudah di iris tadi. Cabe, bawang merah, bawang putih. Jika sudah harum campur terasi, gula pasir, garam, Jika bumbu sudah wagi, campur bumbu bawang goreng ke sayur gondenya, Bejek sampai merata, Sayur gonde khas bali siap di sajikan"
resep-24080783,masakan banjar,https://cookpad.com/id/resep/24080783,Bistik Ayam masakan khas Banjar,https://img-global.cpcdn.com/recipes/5132101d455b2bf6/1200x630cq80/photo.jpg,"['1/2 ekor ayam, 3 telur ayam', 'Bahan bahan :', '2 buah wortel, 2 buah kentang, daun bawang, daun seledri', 'Bawang merah', 'Bawang putih', '3 kemiri', 'Jahe', 'Bumbu sop (tinggal cengkeh, kayu manis, bunga sisir)', 'Garam', 'Gula merah', 'Kicap manis', 'Lada bubuk', 'Kaldu ayam bubuk', 'Kayu manis, bunga sisir, cengkeh']","[{'text': 'Potong ayam bersihkan lalu mari nasi dengan garam, lalu goreng sampai setengah matang', 'images': []}, {'text': 'Tumis bumbu halus, masukan bumbu cemplung, ayam & telur lalu beri air, masukan kentang dan wortel,masukan perbumbuan, terakhir masukan daun sop, daun bawang, tunggu hingga matang..', 'images': []}]","Potong ayam bersihkan lalu mari nasi dengan garam, lalu goreng sampai setengah matang, Tumis bumbu halus, masukan bumbu cemplung, ayam & telur lalu beri air, masukan kentang dan wortel,masukan perbumbuan, terakhir masukan daun sop, daun bawang, tunggu hingga matang..","ayam telur ayam, bahan bahan, wortel kentang daun bawang daun seledri, bawang merah, bawang putih, kemiri, jahe, bumbu sop, garam, gula merah, kicap manis, lada bubuk, kaldu ayam bubuk, kayu manis bunga sisir cengkeh","masakan banjar Bistik Ayam masakan khas Banjar Bahan ayam telur ayam, bahan bahan, wortel kentang daun bawang daun seledri, bawang merah, bawang putih, kemiri, jahe, bumbu sop, garam, gula merah, kicap manis, lada bubuk, kaldu ayam bubuk, kayu manis bunga sisir cengkeh Langkah-Langkah Potong ayam bersihkan lalu mari nasi dengan garam, lalu goreng sampai setengah matang, Tumis bumbu halus, masukan bumbu cemplung, ayam & telur lalu beri air, masukan kentang dan wortel,masukan perbumbuan, terakhir masukan daun sop, daun bawang, tunggu hingga matang.."
resep-16208413,masakan banjar,https://cookpad.com/id/resep/16208413,Bumbu Dasar Masak Tuha Masakan Banjar,https://img-global.cpcdn.com/recipes/faf27300708bc98c/1200x630cq80/photo.jpg,"['5 buah lombok kering, rendam dan rebus', '10 siung bawang merah', '7 siung bawang putih', '2 cm jahe', '2 cm kencur', '2 cm kunyit', '2 cm laos', '1 buah serai', '4 sdm rabuk kelapa', '1/4 bungkus bumbu karih (Arabia)', '1/2 sdt jinten, sangrai', '1/2 sdt adas manis, sangrai', '1/2 sdt terasi', 'Gula merah', 'Garam']","[{'text': 'Siapkan bahan empon-empon. Lalu iris tipis. Kupas bawang merah dan putih dan bahan lainnya.', 'images': []}, {'text': 'Blender sampai lembut seperti pasta semua bahan bumbu. Kecuali garam dan gula. Masukkan dalam wajan dan tumis sampai berkurang airnya. Dan tambahkan minyak goreng, garam dan gula.', 'images': ['https://img-global.cpcdn.com/steps/ff1f0ddcf0347633/400x400cq80/photo.jpg']}, {'text': 'Tumis sampai harum dan keluar minyak. Matikan kompor dan bumbu siap digunakan.', 'images': ['https://img-global.cpcdn.com/steps/2de4fc4874c8e1fc/400x400cq80/photo.jpg', 'https://img-global.cpcdn.com/steps/7e359742b5cafbfa/400x400cq80/photo.jpg']}]","Siapkan bahan empon-empon. Lalu iris tipis. Kupas bawang merah dan putih dan bahan lainnya., Blender sampai lembut seperti pasta semua bahan bumbu. Kecuali garam dan gula. Masukkan dalam wajan dan tumis sampai berkurang airnya. Dan tambahkan minyak goreng, garam dan gula., Tumis sampai harum dan keluar minyak. Matikan kompor dan bumbu siap digunakan.","lombok kering, bawang merah, bawang putih, jahe, kencur, kunyit, laos, serai, rabuk kelapa, bumbu karih arabia, jinten, adas manis, terasi, gula merah, garam","masakan banjar Bumbu Dasar Masak Tuha Masakan Banjar Bahan lombok kering, bawang merah, bawang putih, jahe, kencur, kunyit, laos, serai, rabuk kelapa, bumbu karih arabia, jinten, adas manis, terasi, gula merah, garam Langkah-Langkah Siapkan bahan empon-empon. Lalu iris tipis. Kupas bawang merah dan putih dan bahan lainnya., Blender sampai lembut seperti pasta semua bahan bumbu. Kecuali garam dan gula. Masukkan dalam wajan dan tumis sampai berkurang airnya. Dan tambahkan minyak goreng, garam dan gula., Tumis sampai harum dan keluar minyak. Matikan kompor dan bumbu siap digunakan."
resep-16191432,masakan banjar,https://cookpad.com/id/resep/16191432,Haliling kuah santan pedas masakan banjar,https://img-global.cpcdn.com/recipes/70329c14bd0d92ec/1200x630cq80/photo.jpg,"['Haliling yg sdh dibersihkan dan dipotong bagian ekornya', '5 siung bawang merah', '2 siung bawang putih', 'Jahe, kunyit, dan kencur (sedikit aja, jangan kebanyakan)', '2 batang sereh dan sedikit laos (di geprak), 3-4 lbr daun jeruk', '150-200 ml Santan kental']","[{'text': 'Tumis bumbu halus, setelah harum masukkan bumbu tambahan, aduk2 hingga rata', 'images': []}, {'text': 'Masukkan haliling, aduk hingga rata dengan bumbu, lalu masukkan garam, micin, gula dan royco ayam', 'images': []}, {'text': 'Tes rasa, sambil terus diaduk, masukkan santan di akhir saja, aduk2 sebentar hingga matang', 'images': []}, {'text': 'Selesai', 'images': []}]","Tumis bumbu halus, setelah harum masukkan bumbu tambahan, aduk2 hingga rata, Masukkan haliling, aduk hingga rata dengan bumbu, lalu masukkan garam, micin, gula dan royco ayam, Tes rasa, sambil terus diaduk, masukkan santan di akhir saja, aduk2 sebentar hingga matang, Selesai","haliling, bawang merah, bawang putih, jahe kunyit kencur, sereh laos, santan kental","masakan banjar Haliling kuah santan pedas masakan banjar Bahan haliling, bawang merah, bawang putih, jahe kunyit kencur, sereh laos, santan kental Langkah-Langkah Tumis bumbu halus, setelah harum masukkan bumbu tambahan, aduk2 hingga rata, Masukkan haliling, aduk hingga rata dengan bumbu, lalu masukkan garam, micin, gula dan royco ayam, Tes rasa, sambil terus diaduk, masukkan santan di akhir saja, aduk2 sebentar hingga matang, Selesai"
resep-15544704,masakan banjar,https://cookpad.com/id/resep/15544704,Telur Ayam Masak Habang masakan khas kalsel,https://img-global.cpcdn.com/recipes/e5b2820c48939e50/1200x630cq80/photo.jpg,"[' BAHAN BAHAN:', '7 butir telur', '3 buah Ayam', '1 buah cabe merah besar iris2 serong', '3 buah cabe rawit', '3 lembar daun jeruk', '1 lembar daun salam', '1 lonjor sereh digeprek', '1 ruas jari lengkuas', '1 ruas jari jahe', '1.5 sdm bumbu dasar merah,resep klik disini', '1 sdt gula pasir', '1/4 sdt garam', '1/2 sdt bubuk kaldu', '1 sdt bubuk cabe', '1 sdm saus tomat']","[{'text': 'Siapkan bahan bahan. Telur sy rebus gunakan perebus listrik,rebus 15menit terkupas dng cantik,lalu tusuk2 dng garpu supaya nanti bs meresap bumbu. Berhub anak bungsu lg diet karbo supaya gak bosan makan telur,sy mix dng ayam ungkep yg sll siap di kulkas', 'images': ['https://img-global.cpcdn.com/steps/3fab0f55bf5d0c91/400x400cq80/photo.jpg', 'https://img-global.cpcdn.com/steps/e7c8341c00a4356b/400x400cq80/photo.jpg', 'https://img-global.cpcdn.com/steps/d3dfe7e210a4644a/400x400cq80/photo.jpg']}, {'text': 'Tumis 2 bawang sampai harum baunya lalu masukkan bumbu dasar merah,beserta daun salam, daun jeruk, lengkuas sereh dan jahe.aduk aduk merata gunakan api kecil', 'images': ['https://img-global.cpcdn.com/steps/4102261a0a72abb8/400x400cq80/photo.jpg', 'https://img-global.cpcdn.com/steps/88e054aad8253031/400x400cq80/photo.jpg', 'https://img-global.cpcdn.com/steps/5f80437354007d6d/400x400cq80/photo.jpg']}, {'text': 'Setelah itu masukkan irisan cabe merah dan cabe rawit, masukkan air, bubuk kaldu, saus tomat, gula pasir,garam dan bubuk cabe aduk aduk mmerata masukkan telur dan ayaam, aduk aduk lg supaya merata dng bumbu.tutup wajan. Biarkan air.menyusut dan sesekali di aduk aduk supaya bumbu bs meresap merata pada telur dan ayam.setelah air menyusut matikan api', 'images': ['https://img-global.cpcdn.com/steps/ffb34bad1e4ba66c/400x400cq80/photo.jpg', 'https://img-global.cpcdn.com/steps/b3860cbdd90e87b2/400x400cq80/photo.jpg', 'https://img-global.cpcdn.com/steps/dfa96e3acfac9d3f/400x400cq80/photo.jpg']}, {'text': 'Telur ayam masak habang pindahkan ke pinggan dan siap dihidangkan.', 'images': ['https://img-global.cpcdn.com/steps/084bc5bb354777a7/400x400cq80/photo.jpg', 'https://img-global.cpcdn.com/steps/39fc0c3998bca2c4/400x400cq80/photo.jpg', 'https://img-global.cpcdn.com/steps/10ec5c15268298a4/400x400cq80/photo.jpg']}]","Siapkan bahan bahan. Telur sy rebus gunakan perebus listrik,rebus 15menit terkupas dng cantik,lalu tusuk2 dng garpu supaya nanti bs meresap bumbu. Berhub anak bungsu lg diet karbo supaya gak bosan makan telur,sy mix dng ayam ungkep yg sll siap di kulkas, Tumis 2 bawang sampai harum baunya lalu masukkan bumbu dasar merah,beserta daun salam, daun jeruk, lengkuas sereh dan jahe.aduk aduk merata gunakan api kecil, Setelah itu masukkan irisan cabe merah dan cabe rawit, masukkan air, bubuk kaldu, saus tomat, gula pasir,garam dan bubuk cabe aduk aduk mmerata masukkan telur dan ayaam, aduk aduk lg supaya merata dng bumbu.tutup wajan. Biarkan air.menyusut dan sesekali di aduk aduk supaya bumbu bs meresap merata pada telur dan ayam.setelah air menyusut matikan api, Telur ayam masak habang pindahkan ke pinggan dan siap dihidangkan.","bahan bahan, telur, ayam, cabe merah, cabe rawit, daun jeruk, daun salam, lonjor sereh, jari lengkuas, jari jahe, gula pasir, garam, bubuk kaldu, bubuk cabe, saus tomat","masakan banjar Telur Ayam Masak Habang masakan khas kalsel Bahan bahan bahan, telur, ayam, cabe merah, cabe rawit, daun jeruk, daun salam, lonjor sereh, jari lengkuas, jari jahe, gula pasir, garam, bubuk kaldu, bubuk cabe, saus tomat Langkah-Langkah Siapkan bahan bahan. Telur sy rebus gunakan perebus listrik,rebus 15menit terkupas dng cantik,lalu tusuk2 dng garpu supaya nanti bs meresap bumbu. Berhub anak bungsu lg diet karbo supaya gak bosan makan telur,sy mix dng ayam ungkep yg sll siap di kulkas, Tumis 2 bawang sampai harum baunya lalu masukkan bumbu dasar merah,beserta daun salam, daun jeruk, lengkuas sereh dan jahe.aduk aduk merata gunakan api kecil, Setelah itu masukkan irisan cabe merah dan cabe rawit, masukkan air, bubuk kaldu, saus tomat, gula pasir,garam dan bubuk cabe aduk aduk mmerata masukkan telur dan ayaam, aduk aduk lg supaya merata dng bumbu.tutup wajan. Biarkan air.menyusut dan sesekali di aduk aduk supaya bumbu bs meresap merata pada telur dan ayam.setelah air menyusut matikan api, Telur ayam masak habang pindahkan ke pinggan dan siap dihidangkan."
resep-13578084,masakan banjar,https://cookpad.com/id/resep/13578084,Garih batanak masakan santan ikan asin khas banjar,https://img-global.cpcdn.com/recipes/44a7f43994b63e44/1200x630cq80/photo.jpg,"['1 kepala/buntut ikan asin jambal roti(boleh juga full daging)', '3 butir telur bebek(boleh telur ayam)', '4 siung bawang merah', '2 siung bawang putih', '1 buah tomat', '2 cabe merah', '1 cabe hijau', '5 cabe rawit', '1 ruas lengkuas', '1 serai', '1/2 sdm garam', '1/2 sdm gula', '500-650 ml santan sedang']","[{'text': 'Potong bahan bahan. Sisihkan', 'images': ['https://img-global.cpcdn.com/steps/4a7b3b49dacba845/400x400cq80/photo.jpg']}, {'text': 'Cuci Dan rendam ikan asin. Tiriskan, boleh juga di goreng dulu. Tumis bawang merah Dan putih, serai dan lengkuas', 'images': ['https://img-global.cpcdn.com/steps/2b5a447d2701a062/400x400cq80/photo.jpg']}, {'text': 'Setelah harum, masukkan santan tetap sambil diaduk. Masukkan ikan asin. Tunggu sampai mendidih. Tambahkan gula garam. Koreksi rasa.', 'images': ['https://img-global.cpcdn.com/steps/089cd6b4f6c86c2c/400x400cq80/photo.jpg', 'https://img-global.cpcdn.com/steps/6285a6df175d3353/400x400cq80/photo.jpg']}, {'text': 'Masukkan cabe. Terakhir pecahkan telor langsung ke kuah yg mendidih (tidak perlu diaduk) tunggu sampai telurnya matang. Angkat dan sajikan, Selamat mencoba. MZ', 'images': ['https://img-global.cpcdn.com/steps/c96974d86a7b5ec7/400x400cq80/photo.jpg']}]","Potong bahan bahan. Sisihkan, Cuci Dan rendam ikan asin. Tiriskan, boleh juga di goreng dulu. Tumis bawang merah Dan putih, serai dan lengkuas, Setelah harum, masukkan santan tetap sambil diaduk. Masukkan ikan asin. Tunggu sampai mendidih. Tambahkan gula garam. Koreksi rasa., Masukkan cabe. Terakhir pecahkan telor langsung ke kuah yg mendidih (tidak perlu diaduk) tunggu sampai telurnya matang. Angkat dan sajikan, Selamat mencoba. MZ","kepalabuntut ikan asin jambal rotiboleh juga full daging, telur bebekboleh telur ayam, bawang merah, bawang putih, tomat, cabe merah, cabe hijau, cabe rawit, lengkuas, serai, garam, gula, santan seg","masakan banjar Garih batanak masakan santan ikan asin khas banjar Bahan kepalabuntut ikan asin jambal rotiboleh juga full daging, telur bebekboleh telur ayam, bawang merah, bawang putih, tomat, cabe merah, cabe hijau, cabe rawit, lengkuas, serai, garam, gula, santan seg Langkah-Langkah Potong bahan bahan. Sisihkan, Cuci Dan rendam ikan asin. Tiriskan, boleh juga di goreng dulu. Tumis bawang merah Dan putih, serai dan lengkuas, Setelah harum, masukkan santan tetap sambil diaduk. Masukkan ikan asin. Tunggu sampai mendidih. Tambahkan gula garam. Koreksi rasa., Masukkan cabe. Terakhir pecahkan telor langsung ke kuah yg mendidih (tidak perlu diaduk) tunggu sampai telurnya matang. Angkat dan sajikan, Selamat mencoba. MZ"
resep-24629651,masakan manado,https://cookpad.com/id/resep/24629651,Woku Ikan Kembung Masakan Rumah Rasa Manado,https://img-global.cpcdn.com/recipes/1cd8db8d5cc65a45/1200x630cq80/photo.jpg,"['3 ekor ikan kembung banjar', '1 sdt garam (atau sesuai selera)', '1/2 sdt penyedap rasa kaldu (ayam, sapi, jamur, etc)', '150 ml air', '1/2 buah lemon atau 1 buah jeruk nipis, ambil air perasannya', '1 sdt garam', '10 siung bawang merah', '5 siung bawang putih', '10 buah cabai rawit merah (sesuaikan tingkat kepedasan masing-masing)', '5 buah cabai merah keriting', '3 cm kunyit', '2 cm jahe', '2 buah tomat, potong kecil-kecil', '2 batang serai, geprek', '5 lembar daun jeruk, buang tulang daunnya', '1 lembar daun kunyit', '2 lembar daun pandan, simpulkan']","[{'text': 'Cuci bersih ikan, buang bagian ingsang dan perutnya. Kemudian belah dua jika ingin dibuat menjadi 6 porsi. Lumuri dengan perasan lemon/jeruk nipis dan garam. Marinasi 10-15 menit sembari menyiapkan bahan lainnya.', 'images': []}, {'text': 'Panggang atau goreng ikan hingga setengah matang. (atau sesuai selera, kalau lebih suka langsung dimasak juga tidak masalah)', 'images': []}, {'text': 'Tips menggoreng ikan agar tidak meledak: Taburi minyak dengan sedikit terigu saat menggoreng karena terigu menyerap air yang ditolak oleh minyak panas sehingga percikan yang ditimbulkan akan mereda.', 'images': []}, {'text': 'Uleg atau blender kasar bumbu halus lalu tumis bersama dengan bumbu aromatik hingga matang.', 'images': []}, {'text': 'Tuang air, garam dan penyedap, aduk rata. Masak sampai mendidih. Kemudian masukkan ikan. Aduk kembali dengan hati-hati. Masak hingga air menyurut setengahnya.', 'images': []}, {'text': 'Sesaat sebelum mematikan kompor, masukkan kemangi, aduk sebentar lalu matikan kompor.', 'images': []}, {'text': 'Sajikan', 'images': ['https://img-global.cpcdn.com/steps/6af37ac726e1176d/400x400cq80/photo.jpg']}]","Cuci bersih ikan, buang bagian ingsang dan perutnya. Kemudian belah dua jika ingin dibuat menjadi 6 porsi. Lumuri dengan perasan lemon/jeruk nipis dan garam. Marinasi 10-15 menit sembari menyiapkan bahan lainnya., Panggang atau goreng ikan hingga setengah matang. (atau sesuai selera, kalau lebih suka langsung dimasak juga tidak masalah), Tips menggoreng ikan agar tidak meledak: Taburi minyak dengan sedikit terigu saat menggoreng karena terigu menyerap air yang ditolak oleh minyak panas sehingga percikan yang ditimbulkan akan mereda., Uleg atau blender kasar bumbu halus lalu tumis bersama dengan bumbu aromatik hingga matang., Tuang air, garam dan penyedap, aduk rata. Masak sampai mendidih. Kemudian masukkan ikan. Aduk kembali dengan hati-hati. Masak hingga air menyurut setengahnya., Sesaat sebelum mematikan kompor, masukkan kemangi, aduk sebentar lalu matikan kompor., Sajikan","ikan kembung banjar, garam, rasa kaldu ayam sapi jamur etc, air, lemon jeruk nipis, garam, bawang merah, bawang putih, cabai rawit merah, cabai merah keriting, kunyit, jahe, tomat, serai, daun jeruk, daun kunyit, daun pan","masakan manado Woku Ikan Kembung Masakan Rumah Rasa Manado Bahan ikan kembung banjar, garam, rasa kaldu ayam sapi jamur etc, air, lemon jeruk nipis, garam, bawang merah, bawang putih, cabai rawit merah, cabai merah keriting, kunyit, jahe, tomat, serai, daun jeruk, daun kunyit, daun pan Langkah-Langkah Cuci bersih ikan, buang bagian ingsang dan perutnya. Kemudian belah dua jika ingin dibuat menjadi 6 porsi. Lumuri dengan perasan lemon/jeruk nipis dan garam. Marinasi 10-15 menit sembari menyiapkan bahan lainnya., Panggang atau goreng ikan hingga setengah matang. (atau sesuai selera, kalau lebih suka langsung dimasak juga tidak masalah), Tips menggoreng ikan agar tidak meledak: Taburi minyak dengan sedikit terigu saat menggoreng karena terigu menyerap air yang ditolak oleh minyak panas sehingga percikan yang ditimbulkan akan mereda., Uleg atau blender kasar bumbu halus lalu tumis bersama dengan bumbu aromatik hingga matang., Tuang air, garam dan penyedap, aduk rata. Masak sampai mendidih. Kemudian masukkan ikan. Aduk kembali dengan hati-hati. Masak hingga air menyurut setengahnya., Sesaat sebelum mematikan kompor, masukkan kemangi, aduk sebentar lalu matikan kompor., Sajikan"
resep-23903252,masakan manado,https://cookpad.com/id/resep/23903252,Ikan goreng Sous masakan Manado,https://img-global.cpcdn.com/recipes/4a4263d276175d66/1200x630cq80/photo.jpg,"['3 ekor ikan (jenis apapun)', '5 siung bawang merah', 'secukupnya jahe, jgn banyak2', '5 buah Tomat', '1 genggam cabe rawit ato sesuai selera', '2 siung bawang putih(kalo suka,kalo nggk suka nggk perlu)', 'secukupnya minyak kelapa untuk mengoreng', 'sesuai selera garam', 'sesuai selera penyedap rasa', 'secukupnya kecap (kalo suka pake)', 'secukupnya Lemon atau bisa pake cuka', 'secukupnya air']","[{'text': 'Bersihkan ikan,potong2 sesuai selera,masukan garam secukupnya,lemon\\ cuka secukupnya,campur lalu marinasi beberapa menit', 'images': []}, {'text': 'Setelah di marinasi beberapa menit,panaskan minyak goreng,untuk mengoreng ikan sementara ikan di goreng,haluskan bahan2 yg lain,,cabe,bawang merah,putih dan jahe,,dan Tomat', 'images': []}, {'text': 'Goreng ikan sampai matang lalu tiriskan.', 'images': []}, {'text': 'Setelah ikannya sdh matang semua,sisikan', 'images': []}, {'text': 'Kita panaskan minyak goreng secukupnya untuk membuat sousnya', 'images': []}, {'text': 'Setelah minyaknya panas,masukan smua bahan2 yg sdh di haluskan,masukan sedikit air,lalu masukan garam,penyedap rasa dan sedikit kecap,biarkan sampai airnya mengering,,,matikan kompor aduk sousnya lalu masukan ikan gorengya lalu di aduk lagi,,,,', 'images': []}, {'text': 'Angkat,,,ikan goreng sous siap di hidangkan ', 'images': []}]","Bersihkan ikan,potong2 sesuai selera,masukan garam secukupnya,lemon\ cuka secukupnya,campur lalu marinasi beberapa menit, Setelah di marinasi beberapa menit,panaskan minyak goreng,untuk mengoreng ikan sementara ikan di goreng,haluskan bahan2 yg lain,,cabe,bawang merah,putih dan jahe,,dan Tomat, Goreng ikan sampai matang lalu tiriskan., Setelah ikannya sdh matang semua,sisikan, Kita panaskan minyak goreng secukupnya untuk membuat sousnya, Setelah minyaknya panas,masukan smua bahan2 yg sdh di haluskan,masukan sedikit air,lalu masukan garam,penyedap rasa dan sedikit kecap,biarkan sampai airnya mengering,,,matikan kompor aduk sousnya lalu masukan ikan gorengya lalu di aduk lagi,,,,, Angkat,,,ikan goreng sous siap di hidangkan","ikan, bawang merah, jahe, tomat, cabe rawit ato, bawang putihkalo, minyak kelapa, garam, rasa, kecap, lemon, air","masakan manado Ikan goreng Sous masakan Manado Bahan ikan, bawang merah, jahe, tomat, cabe rawit ato, bawang putihkalo, minyak kelapa, garam, rasa, kecap, lemon, air Langkah-Langkah Bersihkan ikan,potong2 sesuai selera,masukan garam secukupnya,lemon\ cuka secukupnya,campur lalu marinasi beberapa menit, Setelah di marinasi beberapa menit,panaskan minyak goreng,untuk mengoreng ikan sementara ikan di goreng,haluskan bahan2 yg lain,,cabe,bawang merah,putih dan jahe,,dan Tomat, Goreng ikan sampai matang lalu tiriskan., Setelah ikannya sdh matang semua,sisikan, Kita panaskan minyak goreng secukupnya untuk membuat sousnya, Setelah minyaknya panas,masukan smua bahan2 yg sdh di haluskan,masukan sedikit air,lalu masukan garam,penyedap rasa dan sedikit kecap,biarkan sampai airnya mengering,,,matikan kompor aduk sousnya lalu masukan ikan gorengya lalu di aduk lagi,,,,, Angkat,,,ikan goreng sous siap di hidangkan"
resep-14768379,masakan manado,https://cookpad.com/id/resep/14768379,Bebek Peking Bumbu RW Laos Masakan Manado,https://img-global.cpcdn.com/recipes/26b0efb1b2563fed/1200x630cq80/photo.jpg,"['1 ekor bebek peking', '4 lembar daun jeruk', 'secukupnya Kemangi', '2 batang daun bawang potong-potong', 'secukupnya Minyak zaitun', '2 1/2 sdt garam', '1 sdt gula pasir', '1 lembar daun pandan', 'secukupnya Air matang', 'Bumbu haluskan :', '10 siung bawang merah', '3 siung bawang putih', '2 batang serai ambil bagian putihnya', 'Laos agak banyak (kurleb 50 gram)', 'Sejempol jahe', '6 cabe kriting merah', '15 cabe rawit']","[{'text': 'Rendam bebek dgn 1 sdt garam dan jeruk nipis selama 10 menit kemudian cuci bersih dan tiriskan,lalu tambahkan 1 sdt garam balurkan rata ke daging bebek diamkan selama 10 menit', 'images': ['https://img-global.cpcdn.com/steps/22a06aec2e8065cd/400x400cq80/photo.jpg', 'https://img-global.cpcdn.com/steps/0c58432e1015bb2c/400x400cq80/photo.jpg']}, {'text': 'Panggang bebek (tanpa minyak)', 'images': ['https://img-global.cpcdn.com/steps/988d937da1bf856c/400x400cq80/photo.jpg']}, {'text': 'Haluskan bumbu2 (sy pakai chopper) dgn sedikit minyak zaitun lalu tumis bumbu,daun jeruk dan daun pandan sampai harum dan matang (tambahkan lg minyak zaitun utk menumis bumbu jika dirasa kurang minyaknya)', 'images': ['https://img-global.cpcdn.com/steps/29491cdbd2470d62/400x400cq80/photo.jpg', 'https://img-global.cpcdn.com/steps/b39500a28ed6944a/400x400cq80/photo.jpg', 'https://img-global.cpcdn.com/steps/33cf238a62131d17/400x400cq80/photo.jpg']}, {'text': 'Masukkan bebek,tumis bersama bumbu kemudian tuangi air,masak hingga daging bebek empuk dan air berkurang (metode 5 30 10),tambahkan garam dan gula pasir', 'images': ['https://img-global.cpcdn.com/steps/18a90ee111b11bca/400x400cq80/photo.jpg', 'https://img-global.cpcdn.com/steps/3a6768f66d67d733/400x400cq80/photo.jpg']}, {'text': 'Daun pandan sy masukkan ketika air udh agak menyusut (kelupaan wkt menumis bumbu daun pandannya gk di masukin sekalian', 'images': ['https://img-global.cpcdn.com/steps/4fa2f021ec52fdf2/400x400cq80/photo.jpg']}, {'text': 'Setelah air menyusut dan bebek empuk masukkan daun bawang dan kemangi masak sebentar hingga kemangi dan daun bawang layu', 'images': ['https://img-global.cpcdn.com/steps/f0ca13d2f056cd95/400x400cq80/photo.jpg']}, {'text': 'Bebek bumbu Laos siap utk di nikmati dgn nasi hangat', 'images': ['https://img-global.cpcdn.com/steps/53d4e28d91023413/400x400cq80/photo.jpg', 'https://img-global.cpcdn.com/steps/1cf27d9b3cc2f6ce/400x400cq80/photo.jpg', 'https://img-global.cpcdn.com/steps/59357f4eafd89d67/400x400cq80/photo.jpg']}]","Rendam bebek dgn 1 sdt garam dan jeruk nipis selama 10 menit kemudian cuci bersih dan tiriskan,lalu tambahkan 1 sdt garam balurkan rata ke daging bebek diamkan selama 10 menit, Panggang bebek (tanpa minyak), Haluskan bumbu2 (sy pakai chopper) dgn sedikit minyak zaitun lalu tumis bumbu,daun jeruk dan daun pandan sampai harum dan matang (tambahkan lg minyak zaitun utk menumis bumbu jika dirasa kurang minyaknya), Masukkan bebek,tumis bersama bumbu kemudian tuangi air,masak hingga daging bebek empuk dan air berkurang (metode 5 30 10),tambahkan garam dan gula pasir, Daun pandan sy masukkan ketika air udh agak menyusut (kelupaan wkt menumis bumbu daun pandannya gk di masukin sekalian, Setelah air menyusut dan bebek empuk masukkan daun bawang dan kemangi masak sebentar hingga kemangi dan daun bawang layu, Bebek bumbu Laos siap utk di nikmati dgn nasi hangat","bebek peking, daun jeruk, kemangi, daun bawang, minyak zaitun, garam, gula pasir, daun pan, air matang, bumbu, bawang merah, bawang putih, serai, laos, sejempol jahe, cabe kriting merah, cabe rawit","masakan manado Bebek Peking Bumbu RW Laos Masakan Manado Bahan bebek peking, daun jeruk, kemangi, daun bawang, minyak zaitun, garam, gula pasir, daun pan, air matang, bumbu, bawang merah, bawang putih, serai, laos, sejempol jahe, cabe kriting merah, cabe rawit Langkah-Langkah Rendam bebek dgn 1 sdt garam dan jeruk nipis selama 10 menit kemudian cuci bersih dan tiriskan,lalu tambahkan 1 sdt garam balurkan rata ke daging bebek diamkan selama 10 menit, Panggang bebek (tanpa minyak), Haluskan bumbu2 (sy pakai chopper) dgn sedikit minyak zaitun lalu tumis bumbu,daun jeruk dan daun pandan sampai harum dan matang (tambahkan lg minyak zaitun utk menumis bumbu jika dirasa kurang minyaknya), Masukkan bebek,tumis bersama bumbu kemudian tuangi air,masak hingga daging bebek empuk dan air berkurang (metode 5 30 10),tambahkan garam dan gula pasir, Daun pandan sy masukkan ketika air udh agak menyusut (kelupaan wkt menumis bumbu daun pandannya gk di masukin sekalian, Setelah air menyusut dan bebek empuk masukkan daun bawang dan kemangi masak sebentar hingga kemangi dan daun bawang layu, Bebek bumbu Laos siap utk di nikmati dgn nasi hangat"
resep-14877684,masakan manado,https://cookpad.com/id/resep/14877684,Ayam Kecap masakan Manado,https://img-global.cpcdn.com/recipes/8a8fa63e323851bc/1200x630cq80/photo.jpg,"['1 Ekor Ayam daging', '4 sachet Kecap manis/ sesuai selera', '10 siung bawang merah', '3 siung bawang putih', '1 Ruas jahe (sebesar jempo)', '10 buah cabe rawit /sesuai selera', '1 buah tomat', '1 Sachet ladaku', '1 sachet masako dan penyedap rasa', '1/2 kg minyak goreng']","[{'text': 'Botong ayam sesuai selera, cuci bersih taburkan garam dan perasan air jeruk diamkan sedikit lalu goreng sebentar saja ya bunda jgn sampai mateng. Angkat dan tiriskan', 'images': []}, {'text': 'Bumbu Halus: Cabe rawit,Bawang merah,bawang putih,jahe,tomat haluskan', 'images': []}, {'text': 'Tumis bumbu halus sampai harum tambahkan sedikit air saja lalu masukan ayam yg sudah di goreng, masukan kecap,ladaku dan aduk sampai tercampur rata, masukan masako/penyedap rasa sesuai selera ya bun, Angkat dan taburkan bawang goreng. Siap di sajikan', 'images': ['https://img-global.cpcdn.com/steps/e3a1c8eba14943c5/400x400cq80/photo.jpg']}]","Botong ayam sesuai selera, cuci bersih taburkan garam dan perasan air jeruk diamkan sedikit lalu goreng sebentar saja ya bunda jgn sampai mateng. Angkat dan tiriskan, Bumbu Halus: Cabe rawit,Bawang merah,bawang putih,jahe,tomat haluskan, Tumis bumbu halus sampai harum tambahkan sedikit air saja lalu masukan ayam yg sudah di goreng, masukan kecap,ladaku dan aduk sampai tercampur rata, masukan masako/penyedap rasa sesuai selera ya bun, Angkat dan taburkan bawang goreng. Siap di sajikan","ayam daging, kecap manis, bawang merah, bawang putih, jahe sebesar jempo, cabe rawit, tomat, ladaku, masako rasa, minyak goreng","masakan manado Ayam Kecap masakan Manado Bahan ayam daging, kecap manis, bawang merah, bawang putih, jahe sebesar jempo, cabe rawit, tomat, ladaku, masako rasa, minyak goreng Langkah-Langkah Botong ayam sesuai selera, cuci bersih taburkan garam dan perasan air jeruk diamkan sedikit lalu goreng sebentar saja ya bunda jgn sampai mateng. Angkat dan tiriskan, Bumbu Halus: Cabe rawit,Bawang merah,bawang putih,jahe,tomat haluskan, Tumis bumbu halus sampai harum tambahkan sedikit air saja lalu masukan ayam yg sudah di goreng, masukan kecap,ladaku dan aduk sampai tercampur rata, masukan masako/penyedap rasa sesuai selera ya bun, Angkat dan taburkan bawang goreng. Siap di sajikan"
resep-13679438,masakan manado,https://cookpad.com/id/resep/13679438,Ayam Woku Kemangi Masakan Manado,https://img-global.cpcdn.com/recipes/d84155d43f56bbb0/1200x630cq80/photo.jpg,"['400 gram fillet dada ayam, potong dadu', '3 lembar daun jeruk purut', '1 sendok makan air perasan jeruk nipis', '1 batang daun bawang, iris serong tipis', '2 buah cabe hijau besar iris serong', '1 batang sereh, ambil bagian putihnya dan geprek', '4 sendok makan minyak sayur untuk tumis bumbu halus', '1 genggam daun kemangi yang sudah dipotek potekin dari batangnya', '5 buah cabe merah kecil', 'secukupnya Garam dan lada', 'Gula sedikit saja, jika perlu penyeimbang rasa', '4 siung bawang putih', '4 siung bawang merah', '1 ruas jari kunyit', '1 ruas jari jahe', '1 ruang jari lengkuas', '2 butir kemiri']","[{'text': 'Siapkan wajan dan minyak untuk menumis bumbu halus.', 'images': []}, {'text': 'Masukkan bumbu halus, tumis hingga harum.', 'images': []}, {'text': 'Masukkan irisan cabe hijau, cabe merah, sereh geprek, irisan bawang daun, daun jeruk purut dan air jeruk nipis. Aduk rata.', 'images': []}, {'text': 'Masukkan potongan dadu ayam fillet ke dalam tulisan bumbu, tambahkan sedikit air jika perlu. Aduk-aduk rata, hingga ayam berubah warna dan matang.', 'images': []}, {'text': 'Masukkan segenggam daun kemangi, aduk hingga agak layu dan tercampur rata.', 'images': []}, {'text': 'Masukkan garam dan lada. Koreksi rasa jika memang sudah sesuai. Tambahkan gula sedikit saja untuk mengimbangi rasa. Karena dominan masakan ini gurih.', 'images': []}, {'text': 'Aduk aduk rata hingga tercampur semuanya sesuai selera. Tunggu hingga air agak asat, lalu angkat. Masakan siap dihidangkan. Selamat menikmati', 'images': []}]","Siapkan wajan dan minyak untuk menumis bumbu halus., Masukkan bumbu halus, tumis hingga harum., Masukkan irisan cabe hijau, cabe merah, sereh geprek, irisan bawang daun, daun jeruk purut dan air jeruk nipis. Aduk rata., Masukkan potongan dadu ayam fillet ke dalam tulisan bumbu, tambahkan sedikit air jika perlu. Aduk-aduk rata, hingga ayam berubah warna dan matang., Masukkan segenggam daun kemangi, aduk hingga agak layu dan tercampur rata., Masukkan garam dan lada. Koreksi rasa jika memang sudah sesuai. Tambahkan gula sedikit saja untuk mengimbangi rasa. Karena dominan masakan ini gurih., Aduk aduk rata hingga tercampur semuanya sesuai selera. Tunggu hingga air agak asat, lalu angkat. Masakan siap dihidangkan. Selamat menikmati","fillet dada ayam dadu, daun jeruk purut, air perasan jeruk nipis, daun bawang, cabe hijau, sereh, minyak sayur, daun kemangi, cabe merah kecil, garam lada, gula, bawang putih, bawang merah, jari kunyit, jari jahe, ruang jari lengkuas, kemiri","masakan manado Ayam Woku Kemangi Masakan Manado Bahan fillet dada ayam dadu, daun jeruk purut, air perasan jeruk nipis, daun bawang, cabe hijau, sereh, minyak sayur, daun kemangi, cabe merah kecil, garam lada, gula, bawang putih, bawang merah, jari kunyit, jari jahe, ruang jari lengkuas, kemiri Langkah-Langkah Siapkan wajan dan minyak untuk menumis bumbu halus., Masukkan bumbu halus, tumis hingga harum., Masukkan irisan cabe hijau, cabe merah, sereh geprek, irisan bawang daun, daun jeruk purut dan air jeruk nipis. Aduk rata., Masukkan potongan dadu ayam fillet ke dalam tulisan bumbu, tambahkan sedikit air jika perlu. Aduk-aduk rata, hingga ayam berubah warna dan matang., Masukkan segenggam daun kemangi, aduk hingga agak layu dan tercampur rata., Masukkan garam dan lada. Koreksi rasa jika memang sudah sesuai. Tambahkan gula sedikit saja untuk mengimbangi rasa. Karena dominan masakan ini gurih., Aduk aduk rata hingga tercampur semuanya sesuai selera. Tunggu hingga air agak asat, lalu angkat. Masakan siap dihidangkan. Selamat menikmati"
resep-24983560,minuman es,https://cookpad.com/id/resep/24983560,Es Kweni Selasih,https://img-global.cpcdn.com/recipes/d7c065998b2b7974/1200x630cq80/photo.jpg,"['2 buah kweni', '1 sachet nutrisari sweet mango', '5 sdm nata de coco', '3 sdm gula pasir premium ROSE BRAND', '1 sdm selasih, rendam air panas', 'secukupnya Es batu']","[{'text': 'Siapkan bahan-bahan yang akan diolah', 'images': ['https://img-global.cpcdn.com/steps/5024b2e8e5f9dd45/400x400cq80/photo.jpg']}, {'text': 'Potong-potong daging buah kweni tambahkan nata de coco, tambahkan selasih yang sudah direndam dengan air panas', 'images': ['https://img-global.cpcdn.com/steps/640629589f602c40/400x400cq80/photo.jpg', 'https://img-global.cpcdn.com/steps/26ac792b84fa643c/400x400cq80/photo.jpg', 'https://img-global.cpcdn.com/steps/7245b728a2343d41/400x400cq80/photo.jpg']}, {'text': 'Di dalam gelas tuang gula pasir premium Rose Brand, tambahkan Nutrisari lalu larutkan dengan air hangat', 'images': ['https://img-global.cpcdn.com/steps/9b274741d62e7a3e/400x400cq80/photo.jpg', 'https://img-global.cpcdn.com/steps/1ee1b94cccd9da48/400x400cq80/photo.jpg']}, {'text': 'Tuang larutan Nutrisari ke dalam tempat berisi kweni, nata de coco, dan biji selasih. Tambahkan es batu kemudian aduk hingga tercampur', 'images': ['https://img-global.cpcdn.com/steps/a3118a8621b77d61/400x400cq80/photo.jpg', 'https://img-global.cpcdn.com/steps/4818f2025ace9458/400x400cq80/photo.jpg', 'https://img-global.cpcdn.com/steps/c86eb046d0ce758f/400x400cq80/photo.jpg']}, {'text': 'Es kweni selasih siap dinikmati', 'images': ['https://img-global.cpcdn.com/steps/73f4800362de5d4a/400x400cq80/photo.jpg']}]","Siapkan bahan-bahan yang akan diolah, Potong-potong daging buah kweni tambahkan nata de coco, tambahkan selasih yang sudah direndam dengan air panas, Di dalam gelas tuang gula pasir premium Rose Brand, tambahkan Nutrisari lalu larutkan dengan air hangat, Tuang larutan Nutrisari ke dalam tempat berisi kweni, nata de coco, dan biji selasih. Tambahkan es batu kemudian aduk hingga tercampur, Es kweni selasih siap dinikmati","kweni, nutrisari sweet mango, nata de coco, gula pasir premium rose brand, selasih, es batu","minuman es Es Kweni Selasih Bahan kweni, nutrisari sweet mango, nata de coco, gula pasir premium rose brand, selasih, es batu Langkah-Langkah Siapkan bahan-bahan yang akan diolah, Potong-potong daging buah kweni tambahkan nata de coco, tambahkan selasih yang sudah direndam dengan air panas, Di dalam gelas tuang gula pasir premium Rose Brand, tambahkan Nutrisari lalu larutkan dengan air hangat, Tuang larutan Nutrisari ke dalam tempat berisi kweni, nata de coco, dan biji selasih. Tambahkan es batu kemudian aduk hingga tercampur, Es kweni selasih siap dinikmati"
resep-24983404,minuman es,https://cookpad.com/id/resep/24983404,Es Kopi Susu Coklat,https://img-global.cpcdn.com/recipes/06c5b3af0c74aef2/1200x630cq80/photo.jpg,"['2 sdt kopi hitam + 1 sdm gula (larutkan dengan 100 ml air)', '80 ml susu UHT full cream', '2 sdm coklat bubuk (larutkan dengan 100 ml air)', 'Secukupnya es batu']","[{'text': 'Rebus kopi hingga mendidih. Dinginkan di suhu ruang', 'images': ['https://img-global.cpcdn.com/steps/d5974649fb101738/400x400cq80/photo.jpg']}, {'text': 'Rebus coklat hingga mendidih. Dinginkan di suhu ruang', 'images': ['https://img-global.cpcdn.com/steps/241a34e863b6f904/400x400cq80/photo.jpg']}, {'text': 'Penyajian : Tuang kopi secukupnya ke gelas saji. Tambahkan es batu. Tuang susu UHT. Lalu tuang minuman coklat perlahan diatasnya.', 'images': ['https://img-global.cpcdn.com/steps/cf956cdf9fc156e2/400x400cq80/photo.jpg', 'https://img-global.cpcdn.com/steps/24ad9016c1d27849/400x400cq80/photo.jpg', 'https://img-global.cpcdn.com/steps/b1814fedd38fb9b6/400x400cq80/photo.jpg']}, {'text': 'Siap dinikmati', 'images': ['https://img-global.cpcdn.com/steps/3a7c70a2afb71007/400x400cq80/photo.jpg']}]","Rebus kopi hingga mendidih. Dinginkan di suhu ruang, Rebus coklat hingga mendidih. Dinginkan di suhu ruang, Penyajian : Tuang kopi secukupnya ke gelas saji. Tambahkan es batu. Tuang susu UHT. Lalu tuang minuman coklat perlahan diatasnya., Siap dinikmati","kopi hitam gula, susu uht full cream, coklat bubuk, es batu","minuman es Es Kopi Susu Coklat Bahan kopi hitam gula, susu uht full cream, coklat bubuk, es batu Langkah-Langkah Rebus kopi hingga mendidih. Dinginkan di suhu ruang, Rebus coklat hingga mendidih. Dinginkan di suhu ruang, Penyajian : Tuang kopi secukupnya ke gelas saji. Tambahkan es batu. Tuang susu UHT. Lalu tuang minuman coklat perlahan diatasnya., Siap dinikmati"
resep-24980486,minuman es,https://cookpad.com/id/resep/24980486,Es Kopi Susu Kayu manis,https://img-global.cpcdn.com/recipes/40249b4a5783916f/1200x630cq80/photo.jpg,"['1 sachet kopi instan', '200 ml susu ultra plain', 'sesuai selera Gula', 'secukupnya Es batu', '1 batang kayu manis']","[{'text': 'Siapkan bahan', 'images': ['https://img-global.cpcdn.com/steps/f93e8a7defd2d7f6/400x400cq80/photo.jpg']}, {'text': 'Rebus air dengan kayu manis', 'images': ['https://img-global.cpcdn.com/steps/8cc18fa17f0abbe8/400x400cq80/photo.jpg']}, {'text': 'Tuangkan ke dalam kopi aduk campurkan dengan susu dan gula', 'images': []}, {'text': 'Tambahkan es batu', 'images': ['https://img-global.cpcdn.com/steps/26ee8d522e17a9e9/400x400cq80/photo.jpg']}, {'text': 'Hidangkan', 'images': []}]","Siapkan bahan, Rebus air dengan kayu manis, Tuangkan ke dalam kopi aduk campurkan dengan susu dan gula, Tambahkan es batu, Hidangkan","kopi instan, susu ultra plain, gula, es batu, kayu manis","minuman es Es Kopi Susu Kayu manis Bahan kopi instan, susu ultra plain, gula, es batu, kayu manis Langkah-Langkah Siapkan bahan, Rebus air dengan kayu manis, Tuangkan ke dalam kopi aduk campurkan dengan susu dan gula, Tambahkan es batu, Hidangkan"
resep-24978351,minuman es,https://cookpad.com/id/resep/24978351,Puding Es Doger,https://img-global.cpcdn.com/recipes/618cf63a63f2a36b/1200x630cq80/photo.jpg,"['2 butir kuning telur', '50 gram gula pasir', '40 gram maizena', '2 sachet skm putih', 'Sejimpit garam', '200 ml air kelapa muda', '600 ml santan (100ml santan instan +air)', '1 buah daging kelapa muda', '3 tetes pasta es doger (jika tidak ada pakai pewarna pink muda)', '2 tetes pasta vanilla', '1 sachet agar plain', '5 sdm gula', '1 sachet skm putih', '100 ml air kelapa muda', '400 ml air santan (1 sachet santan+ air)', '2 putih telur (kocok hingga kaku)', '2 tetes pasta vanila', 'Secukupnya meses warna merah atau bisa juga sukade (sesuaikan selera)']","[{'text': 'Membuat fla: Tuang gula dalam panci, tambahkan kuning telur, aduk', 'images': ['https://img-global.cpcdn.com/steps/cf35031706e2ab1e/400x400cq80/photo.jpg', 'https://img-global.cpcdn.com/steps/c7748f3176854efc/400x400cq80/photo.jpg', 'https://img-global.cpcdn.com/steps/660b313c2c096fe7/400x400cq80/photo.jpg']}, {'text': 'Tambahkan maizena, aduk rata, lalu tuang skm', 'images': ['https://img-global.cpcdn.com/steps/472fae9ca62b5c3f/400x400cq80/photo.jpg', 'https://img-global.cpcdn.com/steps/c977c0c885f46640/400x400cq80/photo.jpg', 'https://img-global.cpcdn.com/steps/d4ee3c7c507659dd/400x400cq80/photo.jpg']}, {'text': 'Tuang air kelapa dan santan sambil diaduk, tambahkan pasta es doger dan vanila, aduk hingga rata', 'images': ['https://img-global.cpcdn.com/steps/7637e28c82699941/400x400cq80/photo.jpg', 'https://img-global.cpcdn.com/steps/f10017ad704a6dd6/400x400cq80/photo.jpg', 'https://img-global.cpcdn.com/steps/59be8097d90c7ebf/400x400cq80/photo.jpg']}, {'text': 'Masukkan serutan kelapa muda, aduk rata lalu masak sambil diaduk hingga meletup, matikan api, tunggu uap panas hilang', 'images': ['https://img-global.cpcdn.com/steps/6cf223b0b8423730/400x400cq80/photo.jpg', 'https://img-global.cpcdn.com/steps/4b3f1e0fdf3a2dac/400x400cq80/photo.jpg', 'https://img-global.cpcdn.com/steps/666f6521e4693c8e/400x400cq80/photo.jpg']}, {'text': 'Tuang di cup setengahnya, sisihkan', 'images': ['https://img-global.cpcdn.com/steps/a2bf8a44e2fb7ad9/400x400cq80/photo.jpg']}, {'text': 'Membuat puding busa : Masukkan gula+ agar, tambahkan skm, aduk rata dan masukkan air kelapa+santan+ pasta vanila', 'images': ['https://img-global.cpcdn.com/steps/629917e97a67eceb/400x400cq80/photo.jpg', 'https://img-global.cpcdn.com/steps/2935969a5e171c91/400x400cq80/photo.jpg', 'https://img-global.cpcdn.com/steps/7a9e7844eee182b8/400x400cq80/photo.jpg']}, {'text': 'Aduk hingga rata, masak hingga mendidih, matikan api, kocok putih telur di baskom hingga kaku', 'images': ['https://img-global.cpcdn.com/steps/367a2f5abe234e42/400x400cq80/photo.jpg', 'https://img-global.cpcdn.com/steps/8cedc379948f9af3/400x400cq80/photo.jpg', 'https://img-global.cpcdn.com/steps/08d3f7ef2232f53f/400x400cq80/photo.jpg']}, {'text': 'Tuang cairan agar panas+panas, sambil terus dikocok hingga tercampur.', 'images': ['https://img-global.cpcdn.com/steps/e178366c64b5afaa/400x400cq80/photo.jpg', 'https://img-global.cpcdn.com/steps/e865712c6cffc512/400x400cq80/photo.jpg', 'https://img-global.cpcdn.com/steps/57256c0ad34f8c3d/400x400cq80/photo.jpg']}, {'text': 'Tuang diatas fla es doger yang sudah set pelan-pelan supaya tidak tercampur, lalu toping dengan meses warna merah atau bisa juga sukade,sesuaikan selera, simpan dikulkas.', 'images': ['https://img-global.cpcdn.com/steps/ddd8498d021d65c6/400x400cq80/photo.jpg', 'https://img-global.cpcdn.com/steps/fd4b0224ad661d62/400x400cq80/photo.jpg', 'https://img-global.cpcdn.com/steps/25e40c968c2a754a/400x400cq80/photo.jpg']}, {'text': 'Nikmati dingin, Masyaa Alloh.....mantullll, flanya lumer, manisnya nggak bikin eneg lohhh', 'images': ['https://img-global.cpcdn.com/steps/5bd73004dcc4e767/400x400cq80/photo.jpg']}]","Membuat fla: Tuang gula dalam panci, tambahkan kuning telur, aduk, Tambahkan maizena, aduk rata, lalu tuang skm, Tuang air kelapa dan santan sambil diaduk, tambahkan pasta es doger dan vanila, aduk hingga rata, Masukkan serutan kelapa muda, aduk rata lalu masak sambil diaduk hingga meletup, matikan api, tunggu uap panas hilang, Tuang di cup setengahnya, sisihkan, Membuat puding busa : Masukkan gula+ agar, tambahkan skm, aduk rata dan masukkan air kelapa+santan+ pasta vanila, Aduk hingga rata, masak hingga mendidih, matikan api, kocok putih telur di baskom hingga kaku, Tuang cairan agar panas+panas, sambil terus dikocok hingga tercampur., Tuang diatas fla es doger yang sudah set pelan-pelan supaya tidak tercampur, lalu toping dengan meses warna merah atau bisa juga sukade,sesuaikan selera, simpan dikulkas., Nikmati dingin, Masyaa Alloh.....mantullll, flanya lumer, manisnya nggak bikin eneg lohhh","kuning telur, gula pasir, maizena, skm putih, sejimpit garam, air kelapa muda, santan santan instan air, daging kelapa muda, tetes pasta es doger, tetes pasta vanilla, agar plain, gula, skm putih, air kelapa muda, air santan santan air, putih telur, tetes pasta vanila, meses warna merah","minuman es Puding Es Doger Bahan kuning telur, gula pasir, maizena, skm putih, sejimpit garam, air kelapa muda, santan santan instan air, daging kelapa muda, tetes pasta es doger, tetes pasta vanilla, agar plain, gula, skm putih, air kelapa muda, air santan santan air, putih telur, tetes pasta vanila, meses warna merah Langkah-Langkah Membuat fla: Tuang gula dalam panci, tambahkan kuning telur, aduk, Tambahkan maizena, aduk rata, lalu tuang skm, Tuang air kelapa dan santan sambil diaduk, tambahkan pasta es doger dan vanila, aduk hingga rata, Masukkan serutan kelapa muda, aduk rata lalu masak sambil diaduk hingga meletup, matikan api, tunggu uap panas hilang, Tuang di cup setengahnya, sisihkan, Membuat puding busa : Masukkan gula+ agar, tambahkan skm, aduk rata dan masukkan air kelapa+santan+ pasta vanila, Aduk hingga rata, masak hingga mendidih, matikan api, kocok putih telur di baskom hingga kaku, Tuang cairan agar panas+panas, sambil terus dikocok hingga tercampur., Tuang diatas fla es doger yang sudah set pelan-pelan supaya tidak tercampur, lalu toping dengan meses warna merah atau bisa juga sukade,sesuaikan selera, simpan dikulkas., Nikmati dingin, Masyaa Alloh.....mantullll, flanya lumer, manisnya nggak bikin eneg lohhh"
resep-24977965,minuman es,https://cookpad.com/id/resep/24977965,Es Buah Merah Putih,https://img-global.cpcdn.com/recipes/611e2c26b0f026c1/1200x630cq80/photo.jpg,"['1/4 buah semangka merah', '1 buah apel merah', 'secukupnya susu evaporasi', 'secukupnya gula pasir', 'sedikit air mineral dingin', 'secukupnya es batu', 'secubit garam (optional)']","[{'text': 'Siapkan buah yang akan digunakan.....siapkan juga untuk kuahnya pakai susu evaporasi....dalam wadah masukkan potongan buah semangka.', 'images': ['https://img-global.cpcdn.com/steps/2b678ada5efb9488/400x400cq80/photo.jpg', 'https://img-global.cpcdn.com/steps/77423cd8a83acb51/400x400cq80/photo.jpg', 'https://img-global.cpcdn.com/steps/68d238d6f6d75ad1/400x400cq80/photo.jpg']}, {'text': 'Tambahkan potongan es....lalu tuang susu evaporasi.....tambahkan sedikit air mineral dingin.', 'images': ['https://img-global.cpcdn.com/steps/8663cc123dbc1f3b/400x400cq80/photo.jpg', 'https://img-global.cpcdn.com/steps/2c490d92acd69263/400x400cq80/photo.jpg', 'https://img-global.cpcdn.com/steps/53c6b98c24e25fbf/400x400cq80/photo.jpg']}, {'text': 'Masukkan gula pasir, secubit garam aduk rata dan cek rasa....masukkan potongan apel merah... aduk rata.', 'images': ['https://img-global.cpcdn.com/steps/9f60145c8a4db98a/400x400cq80/photo.jpg', 'https://img-global.cpcdn.com/steps/b242999416788b64/400x400cq80/photo.jpg', 'https://img-global.cpcdn.com/steps/1a3dda254c9557f6/400x400cq80/photo.jpg']}, {'text': 'Sajikan es buah merah putihnya', 'images': ['https://img-global.cpcdn.com/steps/5c27abf53691c05c/400x400cq80/photo.jpg', 'https://img-global.cpcdn.com/steps/c4987a4190fba1a8/400x400cq80/photo.jpg', 'https://img-global.cpcdn.com/steps/d7222d56917d4a44/400x400cq80/photo.jpg']}, {'text': 'Rasanya segar', 'images': ['https://img-global.cpcdn.com/steps/7c14edd0cffda21e/400x400cq80/photo.jpg', 'https://img-global.cpcdn.com/steps/4ddaa5a1d6072cf1/400x400cq80/photo.jpg', 'https://img-global.cpcdn.com/steps/2bcd6e3fc19750f4/400x400cq80/photo.jpg']}]","Siapkan buah yang akan digunakan.....siapkan juga untuk kuahnya pakai susu evaporasi....dalam wadah masukkan potongan buah semangka., Tambahkan potongan es....lalu tuang susu evaporasi.....tambahkan sedikit air mineral dingin., Masukkan gula pasir, secubit garam aduk rata dan cek rasa....masukkan potongan apel merah... aduk rata., Sajikan es buah merah putihnya, Rasanya segar","semangka merah, apel merah, susu evaporasi, gula pasir, air mineral dingin, es batu, secubit garam","minuman es Es Buah Merah Putih Bahan semangka merah, apel merah, susu evaporasi, gula pasir, air mineral dingin, es batu, secubit garam Langkah-Langkah Siapkan buah yang akan digunakan.....siapkan juga untuk kuahnya pakai susu evaporasi....dalam wadah masukkan potongan buah semangka., Tambahkan potongan es....lalu tuang susu evaporasi.....tambahkan sedikit air mineral dingin., Masukkan gula pasir, secubit garam aduk rata dan cek rasa....masukkan potongan apel merah... aduk rata., Sajikan es buah merah putihnya, Rasanya segar"
resep-24824241,minuman kopi,https://cookpad.com/id/resep/24824241,Bandrek Kopi Susu,https://img-global.cpcdn.com/recipes/d8f005818f116a4f/1200x630cq80/photo.jpg,"['500 ml air', '50 gr jahe', '40 gr gula aren', '3 batang sereh', '3 butir kapulaga', '2 bunga lawang', '3 cm kayu manis', '1/2 cengkeh', 'sejumput garam', '4 gr (2 sachet) kopi tanpa ampas', '100 ml air panas', '100 ml (2 sachet) kental manis']","[{'text': 'Siapkan dan bersihkan bahan, bakar jahe, geprek jahe dan sereh', 'images': ['https://img-global.cpcdn.com/steps/6dbf4c86819d7271/400x400cq80/photo.jpg', 'https://img-global.cpcdn.com/steps/01bfb5d9269fb3af/400x400cq80/photo.jpg']}, {'text': 'Didihkan air, masukan semua bahan bandrek, masak kurang lebih 15 menit, lalu saring', 'images': ['https://img-global.cpcdn.com/steps/2c45aef62dcb3fa3/400x400cq80/photo.jpg']}, {'text': 'Siapkan 2 gelas, tuang masing gelas 1 sachet kental manis, larutkan kopi dengan air panas, lalu bagi 2 tuang diatas kental manis', 'images': ['https://img-global.cpcdn.com/steps/ca1ae59f7781bb15/400x400cq80/photo.jpg', 'https://img-global.cpcdn.com/steps/be9b638fb863701a/400x400cq80/photo.jpg', 'https://img-global.cpcdn.com/steps/41c5961a92835b10/400x400cq80/photo.jpg']}, {'text': 'Tuang bandrek,aduk, kopi susu bandrek siap dinikmati', 'images': ['https://img-global.cpcdn.com/steps/58f55444972c4678/400x400cq80/photo.jpg', 'https://img-global.cpcdn.com/steps/424fff5d83a5a3b5/400x400cq80/photo.jpg']}]","Siapkan dan bersihkan bahan, bakar jahe, geprek jahe dan sereh, Didihkan air, masukan semua bahan bandrek, masak kurang lebih 15 menit, lalu saring, Siapkan 2 gelas, tuang masing gelas 1 sachet kental manis, larutkan kopi dengan air panas, lalu bagi 2 tuang diatas kental manis, Tuang bandrek,aduk, kopi susu bandrek siap dinikmati","air, jahe, gula aren, sereh, kapulaga, bunga lawang, kayu manis, cengkeh, garam, kopi tanpa ampas, air panas, kental manis","minuman kopi Bandrek Kopi Susu Bahan air, jahe, gula aren, sereh, kapulaga, bunga lawang, kayu manis, cengkeh, garam, kopi tanpa ampas, air panas, kental manis Langkah-Langkah Siapkan dan bersihkan bahan, bakar jahe, geprek jahe dan sereh, Didihkan air, masukan semua bahan bandrek, masak kurang lebih 15 menit, lalu saring, Siapkan 2 gelas, tuang masing gelas 1 sachet kental manis, larutkan kopi dengan air panas, lalu bagi 2 tuang diatas kental manis, Tuang bandrek,aduk, kopi susu bandrek siap dinikmati"
resep-16985221,minuman kopi,https://cookpad.com/id/resep/16985221,Salted Condensed Milk Coffee,https://img-global.cpcdn.com/recipes/bda9a14044133edf/1200x630cq80/photo.jpg,"['30 ml espresso', '120 ml susu cair dingin', '15 ml condensed milk', 'Sejumput garam', '100 gr es batu']","[{'text': 'Masukkan kental manis dan garam pada gelas', 'images': ['https://img-global.cpcdn.com/steps/05d1a831b2e9bd8f/400x400cq80/photo.jpg']}, {'text': 'Tuang espresso dan gunakan frother untuk membuat busa', 'images': ['https://img-global.cpcdn.com/steps/066183a89a0dda9c/400x400cq80/photo.jpg', 'https://img-global.cpcdn.com/steps/ffb4b579e031eeb2/400x400cq80/photo.jpg', 'https://img-global.cpcdn.com/steps/cdbe4e43b87624ae/400x400cq80/photo.jpg']}, {'text': 'Masukkan es batu', 'images': ['https://img-global.cpcdn.com/steps/f616d1ba695542ed/400x400cq80/photo.jpg']}, {'text': 'Terakhir tuang susu cair', 'images': ['https://img-global.cpcdn.com/steps/f84c993f9b9c18a9/400x400cq80/photo.jpg']}]","Masukkan kental manis dan garam pada gelas, Tuang espresso dan gunakan frother untuk membuat busa, Masukkan es batu, Terakhir tuang susu cair","espresso, susu cair dingin, condensed milk, garam, es batu","minuman kopi Salted Condensed Milk Coffee Bahan espresso, susu cair dingin, condensed milk, garam, es batu Langkah-Langkah Masukkan kental manis dan garam pada gelas, Tuang espresso dan gunakan frother untuk membuat busa, Masukkan es batu, Terakhir tuang susu cair"
resep-24952745,minuman kopi,https://cookpad.com/id/resep/24952745,Hot Thai Milk Coffee,https://img-global.cpcdn.com/recipes/e0c2d39407ea65cb/1200x630cq80/photo.jpg,"['3 sdm Teh Daun', '500 ml Air Bersih', '2 scht Nescafe', '100 ml Air Panas', '75 ml SKM Putih', '200 ml Susu Evaporasi']","[{'text': 'Aduk dia jenis Susu, koreksi rasanya.', 'images': ['https://img-global.cpcdn.com/steps/b10072e6b4bcf266/400x400cq80/photo.jpg', 'https://img-global.cpcdn.com/steps/0a461f40023771a7/400x400cq80/photo.jpg', 'https://img-global.cpcdn.com/steps/86adfa731eb43d01/400x400cq80/photo.jpg']}, {'text': 'Rebus Daun Teh sampai mendidih dan warna yang kita inginkan. Angkat dan saring, sisihkan.', 'images': ['https://img-global.cpcdn.com/steps/447586aa988e3843/400x400cq80/photo.jpg', 'https://img-global.cpcdn.com/steps/2b622b5de416c268/400x400cq80/photo.jpg']}, {'text': 'Larutkan Nescafe dengan air panas aduk rata.', 'images': ['https://img-global.cpcdn.com/steps/62284a7e9649663c/400x400cq80/photo.jpg', 'https://img-global.cpcdn.com/steps/78821a7945589155/400x400cq80/photo.jpg']}, {'text': 'Tuang Teh, Kopi dalam gelas, kemudian aduk rata dan koreksi rasanya.', 'images': ['https://img-global.cpcdn.com/steps/1ef80078bfb43796/400x400cq80/photo.jpg', 'https://img-global.cpcdn.com/steps/67704896bbf50584/400x400cq80/photo.jpg', 'https://img-global.cpcdn.com/steps/0c0d39b4f3274e46/400x400cq80/photo.jpg']}, {'text': 'Sajikan', 'images': ['https://img-global.cpcdn.com/steps/d816d2e41eaa9168/400x400cq80/photo.jpg', 'https://img-global.cpcdn.com/steps/5d838f3fbca887c9/400x400cq80/photo.jpg', 'https://img-global.cpcdn.com/steps/f254bafd6c3426a6/400x400cq80/photo.jpg']}]","Aduk dia jenis Susu, koreksi rasanya., Rebus Daun Teh sampai mendidih dan warna yang kita inginkan. Angkat dan saring, sisihkan., Larutkan Nescafe dengan air panas aduk rata., Tuang Teh, Kopi dalam gelas, kemudian aduk rata dan koreksi rasanya., Sajikan","teh daun, air bersih, scht nescafe, air panas, skm putih, susu evaporasi","minuman kopi Hot Thai Milk Coffee Bahan teh daun, air bersih, scht nescafe, air panas, skm putih, susu evaporasi Langkah-Langkah Aduk dia jenis Susu, koreksi rasanya., Rebus Daun Teh sampai mendidih dan warna yang kita inginkan. Angkat dan saring, sisihkan., Larutkan Nescafe dengan air panas aduk rata., Tuang Teh, Kopi dalam gelas, kemudian aduk rata dan koreksi rasanya., Sajikan"
resep-24956539,minuman kopi,https://cookpad.com/id/resep/24956539,Kopi Susu Ettawa,https://img-global.cpcdn.com/recipes/531aa056c2541129/1200x630cq80/photo.jpg,"['500 ml Susu Kambing Ettawa', '1 sachet Top Coffee Mokachinno', '3 jari Jahe Merah', '1 ruas Jari Kayu Manis', '1 sdm Madu Murni *']","[{'text': 'Bersihkan jahe merah, cuci, geprek', 'images': []}, {'text': 'Rebus susu bersama dng kayu manis, mokachinno & jahe merah, aduk terus biar nggak luber', 'images': []}, {'text': 'Sajikan panas bisa ditambah madu', 'images': ['https://img-global.cpcdn.com/steps/ad5d8382f2454cc5/400x400cq80/photo.jpg']}]","Bersihkan jahe merah, cuci, geprek, Rebus susu bersama dng kayu manis, mokachinno & jahe merah, aduk terus biar nggak luber, Sajikan panas bisa ditambah madu","susu kambing ettawa, top coffee mokachinno, jari jahe merah, jari kayu manis, madu murni *","minuman kopi Kopi Susu Ettawa Bahan susu kambing ettawa, top coffee mokachinno, jari jahe merah, jari kayu manis, madu murni * Langkah-Langkah Bersihkan jahe merah, cuci, geprek, Rebus susu bersama dng kayu manis, mokachinno & jahe merah, aduk terus biar nggak luber, Sajikan panas bisa ditambah madu"
resep-24938341,minuman kopi,https://cookpad.com/id/resep/24938341,Wedang Jahe Kopi Susu,https://img-global.cpcdn.com/recipes/721e743e82cb3196/1200x630cq80/photo.jpg,"['2 ruas jahe, kupas dan iris tipis', '2 sdm gula pasir ROSE BRAND', '400 ml air', '2 sdm kopi bubuk', '2 sdm kental manis']","[{'text': 'Siapkan bahan. Kupas jahe dan iris tipis', 'images': ['https://img-global.cpcdn.com/steps/776e001c283b7ef9/400x400cq80/photo.jpg']}, {'text': 'Masukkan air, jahe dan gula pasir ROSE BRAND dalam panci. Masak sampai air mendidih. Matikan kompor', 'images': ['https://img-global.cpcdn.com/steps/4b0f4fed08ac8c4e/400x400cq80/photo.jpg', 'https://img-global.cpcdn.com/steps/6274d31a852c3fee/400x400cq80/photo.jpg']}, {'text': 'Masukkan 1 sdm kopi di cangkir, seduh dengan air jahe.', 'images': ['https://img-global.cpcdn.com/steps/f28572d5cc6d4cec/400x400cq80/photo.jpg', 'https://img-global.cpcdn.com/steps/74f425646a48ebab/400x400cq80/photo.jpg']}, {'text': 'Tambahkan kental manis, aduk rata. Wedang jahe kopi susu siap dinikmati ', 'images': ['https://img-global.cpcdn.com/steps/05261a2ab777f5bc/400x400cq80/photo.jpg', 'https://img-global.cpcdn.com/steps/2eaa9cc9494e76f6/400x400cq80/photo.jpg']}]","Siapkan bahan. Kupas jahe dan iris tipis, Masukkan air, jahe dan gula pasir ROSE BRAND dalam panci. Masak sampai air mendidih. Matikan kompor, Masukkan 1 sdm kopi di cangkir, seduh dengan air jahe., Tambahkan kental manis, aduk rata. Wedang jahe kopi susu siap dinikmati","jahe kupas iris, gula pasir rose brand, air, kopi bubuk, kental manis","minuman kopi Wedang Jahe Kopi Susu Bahan jahe kupas iris, gula pasir rose brand, air, kopi bubuk, kental manis Langkah-Langkah Siapkan bahan. Kupas jahe dan iris tipis, Masukkan air, jahe dan gula pasir ROSE BRAND dalam panci. Masak sampai air mendidih. Matikan kompor, Masukkan 1 sdm kopi di cangkir, seduh dengan air jahe., Tambahkan kental manis, aduk rata. Wedang jahe kopi susu siap dinikmati"
resep-24984573,minuman tradisional,https://cookpad.com/id/resep/24984573,Wedang Bajigur,https://img-global.cpcdn.com/recipes/743dddf99502214f/1200x630cq80/photo.jpg,"['600 ml air', '100 gram parutan kelapa', '2 ruas jahe bakar geprek', '1 batang kayu manis', '2 butir kapulaga', '2 keping gula merah', '1 lembar daun pandan', '1 sachet kopi instan Nescafe', 'Sejumput garam']","[{'text': 'Kupas jahe kemudian bakar jahe, geprek jahe, sisihkan', 'images': ['https://img-global.cpcdn.com/steps/27519d122af19025/400x400cq80/photo.jpg', 'https://img-global.cpcdn.com/steps/3814cd6a0bb0dd41/400x400cq80/photo.jpg']}, {'text': 'Tambahkan parutan kelapa dengan air peras untuk mendapatkan santan. Tambahkan gula merah dan daun pandan', 'images': ['https://img-global.cpcdn.com/steps/cbf8f198e660642d/400x400cq80/photo.jpg', 'https://img-global.cpcdn.com/steps/f7a8530599a3aba9/400x400cq80/photo.jpg', 'https://img-global.cpcdn.com/steps/2d7a025ffece2680/400x400cq80/photo.jpg']}, {'text': 'Tambahkan kayu manis, garam dan kapulaga masak hingga gula larut', 'images': ['https://img-global.cpcdn.com/steps/d794838cb5c770a6/400x400cq80/photo.jpg', 'https://img-global.cpcdn.com/steps/4979c78bec34340f/400x400cq80/photo.jpg', 'https://img-global.cpcdn.com/steps/888df4875ef5b2f2/400x400cq80/photo.jpg']}, {'text': 'Masak hingga mendidih, koreksi rasa, setelah mendidih matikan api tambahkan kopi bubuk aduk rata', 'images': ['https://img-global.cpcdn.com/steps/1679ae22ebb8c859/400x400cq80/photo.jpg', 'https://img-global.cpcdn.com/steps/a7d3da0bc42dad9b/400x400cq80/photo.jpg']}, {'text': 'Saring dan sajikan selagi hangat', 'images': ['https://img-global.cpcdn.com/steps/5aa1dfda482807f7/400x400cq80/photo.jpg', 'https://img-global.cpcdn.com/steps/0dbbee661b2ea303/400x400cq80/photo.jpg']}]","Kupas jahe kemudian bakar jahe, geprek jahe, sisihkan, Tambahkan parutan kelapa dengan air peras untuk mendapatkan santan. Tambahkan gula merah dan daun pandan, Tambahkan kayu manis, garam dan kapulaga masak hingga gula larut, Masak hingga mendidih, koreksi rasa, setelah mendidih matikan api tambahkan kopi bubuk aduk rata, Saring dan sajikan selagi hangat","air, parutan kelapa, jahe bakar, kayu manis, kapulaga, keping gula merah, daun pan, kopi instan nescafe, garam","minuman tradisional Wedang Bajigur Bahan air, parutan kelapa, jahe bakar, kayu manis, kapulaga, keping gula merah, daun pan, kopi instan nescafe, garam Langkah-Langkah Kupas jahe kemudian bakar jahe, geprek jahe, sisihkan, Tambahkan parutan kelapa dengan air peras untuk mendapatkan santan. Tambahkan gula merah dan daun pandan, Tambahkan kayu manis, garam dan kapulaga masak hingga gula larut, Masak hingga mendidih, koreksi rasa, setelah mendidih matikan api tambahkan kopi bubuk aduk rata, Saring dan sajikan selagi hangat"
resep-24984187,minuman tradisional,https://cookpad.com/id/resep/24984187,Bandrek Aceh,https://img-global.cpcdn.com/recipes/ee4f1a64ee0b9685/1200x630cq80/photo.jpg,"['100 gr jahe', '3 batang serai, memarkan', '5 buah kapulaga', '7 bh cengkeh', '3 bunga lawang', '7 cm kayu manis', '3 lembar daun pandan, simpulkan', '1/4 sdt merica bubuk (saya merica butir)', '1 kantong teh celup', '1 liter air', '6 sdm gula pasir (saya gula aren)', 'Kacang bawang (saya tidak pakai)']","[{'text': 'Dalam panci rebus 1 L air, gula aren, jahe, serai, kapulaga, cengkeh, kayumanis, bunga lawang dan daun pandan. Setelah mendidih, tambahkan merica. Masak sampai uap rebusan tercium bau wangi rempah.', 'images': ['https://img-global.cpcdn.com/steps/42cfb4abc58ec13d/400x400cq80/photo.jpg', 'https://img-global.cpcdn.com/steps/113e3b7af3f43e91/400x400cq80/photo.jpg']}, {'text': 'Selanjutnya masukkan teh celup, masak sampai keluar warna teh dan air sedikit menyusut, matikan api.', 'images': ['https://img-global.cpcdn.com/steps/e0c3b20cc420db3a/400x400cq80/photo.jpg']}, {'text': 'Siapkan gelas saji, tuang bandrek sambil disaring. Bandrek siap disajikan, aslinya dengan taburan kacang bawang yaa tapi saya tidak pakai.', 'images': ['https://img-global.cpcdn.com/steps/a93edc65008b9bd0/400x400cq80/photo.jpg']}]","Dalam panci rebus 1 L air, gula aren, jahe, serai, kapulaga, cengkeh, kayumanis, bunga lawang dan daun pandan. Setelah mendidih, tambahkan merica. Masak sampai uap rebusan tercium bau wangi rempah., Selanjutnya masukkan teh celup, masak sampai keluar warna teh dan air sedikit menyusut, matikan api., Siapkan gelas saji, tuang bandrek sambil disaring. Bandrek siap disajikan, aslinya dengan taburan kacang bawang yaa tapi saya tidak pakai.","jahe, serai, kapulaga, cengkeh, bunga lawang, kayu manis, daun pan, merica bubuk saya merica, kantong teh celup, air, gula pasir saya gula aren, kacang bawang","minuman tradisional Bandrek Aceh Bahan jahe, serai, kapulaga, cengkeh, bunga lawang, kayu manis, daun pan, merica bubuk saya merica, kantong teh celup, air, gula pasir saya gula aren, kacang bawang Langkah-Langkah Dalam panci rebus 1 L air, gula aren, jahe, serai, kapulaga, cengkeh, kayumanis, bunga lawang dan daun pandan. Setelah mendidih, tambahkan merica. Masak sampai uap rebusan tercium bau wangi rempah., Selanjutnya masukkan teh celup, masak sampai keluar warna teh dan air sedikit menyusut, matikan api., Siapkan gelas saji, tuang bandrek sambil disaring. Bandrek siap disajikan, aslinya dengan taburan kacang bawang yaa tapi saya tidak pakai."
resep-24983615,minuman tradisional,https://cookpad.com/id/resep/24983615,Wedang uwuh,https://img-global.cpcdn.com/recipes/23cbc0aaab978615/1200x630cq80/photo.jpg,"['Sejumput kayu secang', '6 buah cengkeh', '1 ruas kayu manis', '1 batang serai', '1 ruas jahe', '2 butir pala', '2 lbr daun pala', '1 lbr pandan ikat simpul', '1 keping gula merah (optional bisa gula batu, gula pasir, atau tdk sama sekali)']","[{'text': 'Cuci bersih bahan2, untuk bahan fresh aku tambahkan spy khasiat lbh terasa,,untuk bahan kering beli dari racikan bungkusan', 'images': ['https://img-global.cpcdn.com/steps/77e718072265cf5a/400x400cq80/photo.jpg', 'https://img-global.cpcdn.com/steps/e4922ca6dd8d4d9f/400x400cq80/photo.jpg']}, {'text': 'Rebus 2,5 gelas air setelah mendidih masukkan bahan rebus +-5mnt, biarkan sesaat lalu saring', 'images': ['https://img-global.cpcdn.com/steps/d7397b76b8c4ae5a/400x400cq80/photo.jpg', 'https://img-global.cpcdn.com/steps/05c6c79a8a7fc114/400x400cq80/photo.jpg']}]","Cuci bersih bahan2, untuk bahan fresh aku tambahkan spy khasiat lbh terasa,,untuk bahan kering beli dari racikan bungkusan, Rebus 2,5 gelas air setelah mendidih masukkan bahan rebus +-5mnt, biarkan sesaat lalu saring","kayu secang, cengkeh, kayu manis, serai, jahe, pala, daun pala, pan simpul, keping gula merah","minuman tradisional Wedang uwuh Bahan kayu secang, cengkeh, kayu manis, serai, jahe, pala, daun pala, pan simpul, keping gula merah Langkah-Langkah Cuci bersih bahan2, untuk bahan fresh aku tambahkan spy khasiat lbh terasa,,untuk bahan kering beli dari racikan bungkusan, Rebus 2,5 gelas air setelah mendidih masukkan bahan rebus +-5mnt, biarkan sesaat lalu saring"
resep-24983016,minuman tradisional,https://cookpad.com/id/resep/24983016,Jamu Beras Kencur,https://img-global.cpcdn.com/recipes/f314f1c9877bc785/1200x630cq80/photo.jpg,"['50 gr beras putih', '100 gr kencur', '50 gr gula merah', '3 cm kayu manis', '2 ruas jahe', '1 lbr daun pandan', 'Sejumput garam', '500 ml air minum']","[{'text': 'Siapkan bahan rempah dan air, geprek jahe, serut gula merah lalu campur semua bahan dalam panci dan masak hingga matang dan gula larut, angkat dan biarkan hangat lalu saring', 'images': ['https://img-global.cpcdn.com/steps/388d7d06c9debbf8/400x400cq80/photo.jpg', 'https://img-global.cpcdn.com/steps/5c177d222ea9bc8e/400x400cq80/photo.jpg', 'https://img-global.cpcdn.com/steps/5efd626548692bd5/400x400cq80/photo.jpg']}, {'text': 'Sisihkan. Cuci beras, rendam 2-3 jam, setelah 2 jam lalu tiriskan kemudian blender bersama kencur', 'images': ['https://img-global.cpcdn.com/steps/631f5ec73273927a/400x400cq80/photo.jpg', 'https://img-global.cpcdn.com/steps/72dc0625b1ce5e20/400x400cq80/photo.jpg', 'https://img-global.cpcdn.com/steps/3c728ca0516c6d8d/400x400cq80/photo.jpg']}, {'text': 'Dan air rebusan gula dan rempah tadi, blender hingga halus lalu saring', 'images': ['https://img-global.cpcdn.com/steps/8b98d8c4f8823375/400x400cq80/photo.jpg', 'https://img-global.cpcdn.com/steps/10eed2f32da880c1/400x400cq80/photo.jpg', 'https://img-global.cpcdn.com/steps/59f9b716e4902c71/400x400cq80/photo.jpg']}, {'text': 'Kemudian campurkan dengan sisa air rebusan gula rempah tadi lalu tuang dalam gelas saji dan jamu beras kencurpun siap disajikan hangat ataupun dingin.', 'images': ['https://img-global.cpcdn.com/steps/cdf9326b31843792/400x400cq80/photo.jpg', 'https://img-global.cpcdn.com/steps/217617dba3f35193/400x400cq80/photo.jpg', 'https://img-global.cpcdn.com/steps/1ec98c8dfe597279/400x400cq80/photo.jpg']}]","Siapkan bahan rempah dan air, geprek jahe, serut gula merah lalu campur semua bahan dalam panci dan masak hingga matang dan gula larut, angkat dan biarkan hangat lalu saring, Sisihkan. Cuci beras, rendam 2-3 jam, setelah 2 jam lalu tiriskan kemudian blender bersama kencur, Dan air rebusan gula dan rempah tadi, blender hingga halus lalu saring, Kemudian campurkan dengan sisa air rebusan gula rempah tadi lalu tuang dalam gelas saji dan jamu beras kencurpun siap disajikan hangat ataupun dingin.","beras putih, kencur, gula merah, kayu manis, jahe, daun pan, garam, air minum","minuman tradisional Jamu Beras Kencur Bahan beras putih, kencur, gula merah, kayu manis, jahe, daun pan, garam, air minum Langkah-Langkah Siapkan bahan rempah dan air, geprek jahe, serut gula merah lalu campur semua bahan dalam panci dan masak hingga matang dan gula larut, angkat dan biarkan hangat lalu saring, Sisihkan. Cuci beras, rendam 2-3 jam, setelah 2 jam lalu tiriskan kemudian blender bersama kencur, Dan air rebusan gula dan rempah tadi, blender hingga halus lalu saring, Kemudian campurkan dengan sisa air rebusan gula rempah tadi lalu tuang dalam gelas saji dan jamu beras kencurpun siap disajikan hangat ataupun dingin."
resep-24982907,minuman tradisional,https://cookpad.com/id/resep/24982907,Wedang Jahe Kayu Manis,https://img-global.cpcdn.com/recipes/4dbcf58920572451/1200x630cq80/photo.jpg,"['150 gr jahe', '2 batang kayu manis, panjang 3-5 cm', '1 ruas jari kunyit', '2 batang serai', '1 L air', '1 buah jeruk nipis', 'Secukupnya madu']","[{'text': 'Siapkan bahan-bahan untuk membuat wedang.', 'images': ['https://img-global.cpcdn.com/steps/27a6a8cf54abdfb1/400x400cq80/photo.jpg']}, {'text': 'Cuci bersih semua bahan. Iri tipis jahe dan kunyit lalu geprek serai. Masukkan semua bahan kedalam panci kecuali jeruk nipis dan madu, tuang air. Masak diatas kompor hingga mendidih. Masak selama kurang lebih 20 menit (mulai dari air mendidih). Setelah 20 menit matikan api.', 'images': ['https://img-global.cpcdn.com/steps/2953035e32487433/400x400cq80/photo.jpg', 'https://img-global.cpcdn.com/steps/20a31281f5d72fbe/400x400cq80/photo.jpg']}, {'text': 'Tunggu hingga wedang hangat lalu saring. Beri air perasan jeruk nipis. Tambahkan madu sesuai selera. Wedang jahe kau manis siap disajikan.', 'images': ['https://img-global.cpcdn.com/steps/b3a056bea5e1c1a3/400x400cq80/photo.jpg', 'https://img-global.cpcdn.com/steps/c3f96ec62251e1ae/400x400cq80/photo.jpg', 'https://img-global.cpcdn.com/steps/ba328fd32ec29214/400x400cq80/photo.jpg']}]","Siapkan bahan-bahan untuk membuat wedang., Cuci bersih semua bahan. Iri tipis jahe dan kunyit lalu geprek serai. Masukkan semua bahan kedalam panci kecuali jeruk nipis dan madu, tuang air. Masak diatas kompor hingga mendidih. Masak selama kurang lebih 20 menit (mulai dari air mendidih). Setelah 20 menit matikan api., Tunggu hingga wedang hangat lalu saring. Beri air perasan jeruk nipis. Tambahkan madu sesuai selera. Wedang jahe kau manis siap disajikan.","jahe, kayu manis panjang, jari kunyit, serai, air, jeruk nipis, madu","minuman tradisional Wedang Jahe Kayu Manis Bahan jahe, kayu manis panjang, jari kunyit, serai, air, jeruk nipis, madu Langkah-Langkah Siapkan bahan-bahan untuk membuat wedang., Cuci bersih semua bahan. Iri tipis jahe dan kunyit lalu geprek serai. Masukkan semua bahan kedalam panci kecuali jeruk nipis dan madu, tuang air. Masak diatas kompor hingga mendidih. Masak selama kurang lebih 20 menit (mulai dari air mendidih). Setelah 20 menit matikan api., Tunggu hingga wedang hangat lalu saring. Beri air perasan jeruk nipis. Tambahkan madu sesuai selera. Wedang jahe kau manis siap disajikan."
resep-24984661,masakan barat,https://cookpad.com/id/resep/24984661,Simple Garlic Bread,https://img-global.cpcdn.com/recipes/1b633b9ff2a5f0db/1200x630cq80/photo.jpg,"['3-4 pcs Roti Tawar', '2 sdm Mentega / Margarin', '4-5 pcs Bawang Putih', 'Note : Kalau punya bisa diberi cacahan peterseli / Seledri']","[{'text': 'Parut bawang putih pakai parutan keju (supaya bawang putihnya lebih berasa ) campur dengan mentega, aduk rata. Kalau punya selederi / peterseli campur juga aduk rata.', 'images': ['https://img-global.cpcdn.com/steps/4fd5cf109aa27ff3/400x400cq80/photo.jpg']}, {'text': 'Setelah rata, oleskan secukupnya ke roti tawar. Kemudian bisa dipanggang di teflon hingga kekeringan yang diinginkan. Kalau punya air fryer, panaskan airfryer lebih dulu suhu 180 selama 4 menit, setelah itu masukkan roti yang sudah di olesi panggang di suhu 200 selama 4 menit', 'images': ['https://img-global.cpcdn.com/steps/eb04fdddca56c3dd/400x400cq80/photo.jpg', 'https://img-global.cpcdn.com/steps/bfca50994dc5dc4c/400x400cq80/photo.jpg', 'https://img-global.cpcdn.com/steps/916e83adaba40215/400x400cq80/photo.jpg']}]","Parut bawang putih pakai parutan keju (supaya bawang putihnya lebih berasa ) campur dengan mentega, aduk rata. Kalau punya selederi / peterseli campur juga aduk rata., Setelah rata, oleskan secukupnya ke roti tawar. Kemudian bisa dipanggang di teflon hingga kekeringan yang diinginkan. Kalau punya air fryer, panaskan airfryer lebih dulu suhu 180 selama 4 menit, setelah itu masukkan roti yang sudah di olesi panggang di suhu 200 selama 4 menit","roti tawar, mentega margarin, bawang putih, seledri","masakan barat Simple Garlic Bread Bahan roti tawar, mentega margarin, bawang putih, seledri Langkah-Langkah Parut bawang putih pakai parutan keju (supaya bawang putihnya lebih berasa ) campur dengan mentega, aduk rata. Kalau punya selederi / peterseli campur juga aduk rata., Setelah rata, oleskan secukupnya ke roti tawar. Kemudian bisa dipanggang di teflon hingga kekeringan yang diinginkan. Kalau punya air fryer, panaskan airfryer lebih dulu suhu 180 selama 4 menit, setelah itu masukkan roti yang sudah di olesi panggang di suhu 200 selama 4 menit"
resep-24979188,masakan barat,https://cookpad.com/id/resep/24979188,Waffle Ori,https://img-global.cpcdn.com/recipes/7821ca617a805ec1/1200x630cq80/photo.jpg,"['100 gr Terigu', '50 ml Susu UHT', '1 butir Telur', '1 sdm Gula pasir rose brand', 'Secukupnya Margarin rose brand untuk mengoles']","[{'text': 'Campur terigu, susu, gula dan telur, aduk rata', 'images': ['https://img-global.cpcdn.com/steps/351ad4212e8cf22e/400x400cq80/photo.jpg']}, {'text': 'Panaskan cetakan waffle, olesi dengan margarin rose brand', 'images': ['https://img-global.cpcdn.com/steps/1cf3c129254f8a87/400x400cq80/photo.jpg', 'https://img-global.cpcdn.com/steps/af30e1e5b288dce2/400x400cq80/photo.jpg']}, {'text': 'Ambil sesendok adonan waffle, tuang kedalam cetakan, panggang hingga matang. Angkat. Waffle siap disajikan dengan berbagai topping.', 'images': ['https://img-global.cpcdn.com/steps/dfc6a39715e2046b/400x400cq80/photo.jpg', 'https://img-global.cpcdn.com/steps/d84fdb2b74fdb53f/400x400cq80/photo.jpg']}]","Campur terigu, susu, gula dan telur, aduk rata, Panaskan cetakan waffle, olesi dengan margarin rose brand, Ambil sesendok adonan waffle, tuang kedalam cetakan, panggang hingga matang. Angkat. Waffle siap disajikan dengan berbagai topping.","terigu, susu uht, telur, gula pasir rose brand, margarin rose brand","masakan barat Waffle Ori Bahan terigu, susu uht, telur, gula pasir rose brand, margarin rose brand Langkah-Langkah Campur terigu, susu, gula dan telur, aduk rata, Panaskan cetakan waffle, olesi dengan margarin rose brand, Ambil sesendok adonan waffle, tuang kedalam cetakan, panggang hingga matang. Angkat. Waffle siap disajikan dengan berbagai topping."
resep-24977753,masakan barat,https://cookpad.com/id/resep/24977753,Rouge et Blanc Mousse Pudding,https://img-global.cpcdn.com/recipes/fc7b57e455cfca2e/1200x630cq80/photo.jpg,"['400 mL Susu UHT (re: UJ)', '100 mL Whipping Cream (Gold Label)', '80 gram Gula Pasir', '1 pcs Vanilla Beans', '7 gram Gelatin', '35 mL Air Dingin', '100 gram Strawberry', '100 mL Whipping Cream', '30 gram Gula Pasir', '3 gram Gelatin', '1 sdm Air Dingin', '1 sdm Selai Strawberry', 'Secukupnya Vanilla Sponge Cake']","[{'text': 'Vanilla Puding 1.A Blooming gelatin dengan 3-4 sdm air dingin - sisihkan. 1.B Panaskan susu, gula dan vanilla beans sampai hangat. 1.C Masukan gelatin, aduk sampai larut dan matikan api. 1.D Saring terlebih dulu, agar kotoran dari batang vanilla terangkat. 1.E Masukan whipping cream & aduk rata. 1.F Masukan ke dalam cetakan. Diamkan hingga dingin & masukan dalam chiller (semalaman / tunggu hingga set).', 'images': []}, {'text': ' Strawberry Mousse  2.A Blooming gelatin dengan 1 sdm air dingin. 2.B Panaskan puree strawberry + gula sampai hangat, masukkan gelatin, aduk hingga larut. 2.C Biarkan agak hangat, lalu campurkan dengan whipped cream (yang sudah dikocok soft peak) kemudian aduk lipat perlahan sampai rata. 2.D Tuang ke tengah cetakan (di atas sponge). 5.E Dinginkan kembali minimal 4 jam sampai set sempurna.', 'images': []}]","Vanilla Puding 1.A Blooming gelatin dengan 3-4 sdm air dingin - sisihkan. 1.B Panaskan susu, gula dan vanilla beans sampai hangat. 1.C Masukan gelatin, aduk sampai larut dan matikan api. 1.D Saring terlebih dulu, agar kotoran dari batang vanilla terangkat. 1.E Masukan whipping cream & aduk rata. 1.F Masukan ke dalam cetakan. Diamkan hingga dingin & masukan dalam chiller (semalaman / tunggu hingga set)., Strawberry Mousse  2.A Blooming gelatin dengan 1 sdm air dingin. 2.B Panaskan puree strawberry + gula sampai hangat, masukkan gelatin, aduk hingga larut. 2.C Biarkan agak hangat, lalu campurkan dengan whipped cream (yang sudah dikocok soft peak) kemudian aduk lipat perlahan sampai rata. 2.D Tuang ke tengah cetakan (di atas sponge). 5.E Dinginkan kembali minimal 4 jam sampai set sempurna.","susu uht re uj, whipping cream gold label, gula pasir, vanilla beans, gelatin, air dingin, strawberry, whipping cream, gula pasir, gelatin, air dingin, selai strawberry, vanilla sponge cake","masakan barat Rouge et Blanc Mousse Pudding Bahan susu uht re uj, whipping cream gold label, gula pasir, vanilla beans, gelatin, air dingin, strawberry, whipping cream, gula pasir, gelatin, air dingin, selai strawberry, vanilla sponge cake Langkah-Langkah Vanilla Puding 1.A Blooming gelatin dengan 3-4 sdm air dingin - sisihkan. 1.B Panaskan susu, gula dan vanilla beans sampai hangat. 1.C Masukan gelatin, aduk sampai larut dan matikan api. 1.D Saring terlebih dulu, agar kotoran dari batang vanilla terangkat. 1.E Masukan whipping cream & aduk rata. 1.F Masukan ke dalam cetakan. Diamkan hingga dingin & masukan dalam chiller (semalaman / tunggu hingga set)., Strawberry Mousse  2.A Blooming gelatin dengan 1 sdm air dingin. 2.B Panaskan puree strawberry + gula sampai hangat, masukkan gelatin, aduk hingga larut. 2.C Biarkan agak hangat, lalu campurkan dengan whipped cream (yang sudah dikocok soft peak) kemudian aduk lipat perlahan sampai rata. 2.D Tuang ke tengah cetakan (di atas sponge). 5.E Dinginkan kembali minimal 4 jam sampai set sempurna."
resep-24978702,masakan barat,https://cookpad.com/id/resep/24978702,Panna Cotta Strawberry,https://img-global.cpcdn.com/recipes/0f539cfe35449a56/1200x630cq80/photo.jpg,"['250 ml Heavy cream (whipped cream cair)', '250 ml Susu UHT, me : greendfield', '50 g Gula pasir', '1/4 sdt garam', '2 tetes vanilla essence', '15 g Gelatin bubuk', '50 ml Air hangat', '250 g Strawberry segar', '40 g Gula pasir (untuk compote)', '3 sdm air', '1 sdt Air perasan jeruk nipis', 'secukupnya (untuk hiasan, opsional) Irisan jeruk nipis dan daun mint']","[{'text': 'Larutkan gelatin dalam air hangat, aduk rata.', 'images': ['https://img-global.cpcdn.com/steps/6c718ff5ea072f8e/400x400cq80/photo.jpg', 'https://img-global.cpcdn.com/steps/66c65ae96dfb14e1/400x400cq80/photo.jpg']}, {'text': 'Panaskan heavy cream, susu UHT, garam, essence dan gula hingga hampir mendidih, matikan api.', 'images': ['https://img-global.cpcdn.com/steps/7dc0e6db736cacc1/400x400cq80/photo.jpg', 'https://img-global.cpcdn.com/steps/fc0987af06f01ddc/400x400cq80/photo.jpg', 'https://img-global.cpcdn.com/steps/7a89a273607a7890/400x400cq80/photo.jpg']}, {'text': 'Masukkan gelatin larut ke dalam campuran susu panas, aduk rata.', 'images': ['https://img-global.cpcdn.com/steps/d716e9eba5274063/400x400cq80/photo.jpg', 'https://img-global.cpcdn.com/steps/459ac0889c353851/400x400cq80/photo.jpg', 'https://img-global.cpcdn.com/steps/0de5d8ecff01cf0b/400x400cq80/photo.jpg']}, {'text': 'Tuang ke gelas saji, dinginkan hingga set di kulkas. Minimal 4 jam dalam kulkas.', 'images': ['https://img-global.cpcdn.com/steps/b761b660bba96ae8/400x400cq80/photo.jpg']}, {'text': 'Bikin compote : Masak strawberry, gula, dan air hingga agak mengental jadi compote. Matikan api, tambahkan air jeruk nipis. Aduk rata.', 'images': ['https://img-global.cpcdn.com/steps/dbe23c2a1b1a0077/400x400cq80/photo.jpg', 'https://img-global.cpcdn.com/steps/2c2eb4ffdd88e8c3/400x400cq80/photo.jpg', 'https://img-global.cpcdn.com/steps/0417b645a9b4f360/400x400cq80/photo.jpg']}, {'text': 'Setelah pudding set, tuang compote di atasnya.', 'images': ['https://img-global.cpcdn.com/steps/567b02661967b5aa/400x400cq80/photo.jpg', 'https://img-global.cpcdn.com/steps/4a29c0c75131035b/400x400cq80/photo.jpg', 'https://img-global.cpcdn.com/steps/1477a61e5bf4814b/400x400cq80/photo.jpg']}, {'text': 'Hias dengan irisan jeruk nipis dan daun mint atau sesuai selera', 'images': ['https://img-global.cpcdn.com/steps/4d24a207c391be04/400x400cq80/photo.jpg', 'https://img-global.cpcdn.com/steps/9df86f31fa3c6a23/400x400cq80/photo.jpg']}]","Larutkan gelatin dalam air hangat, aduk rata., Panaskan heavy cream, susu UHT, garam, essence dan gula hingga hampir mendidih, matikan api., Masukkan gelatin larut ke dalam campuran susu panas, aduk rata., Tuang ke gelas saji, dinginkan hingga set di kulkas. Minimal 4 jam dalam kulkas., Bikin compote : Masak strawberry, gula, dan air hingga agak mengental jadi compote. Matikan api, tambahkan air jeruk nipis. Aduk rata., Setelah pudding set, tuang compote di atasnya., Hias dengan irisan jeruk nipis dan daun mint atau sesuai selera","heavy cream whipped cream cair, susu uht greendfield, gula pasir, garam, tetes vanilla essence, gelatin bubuk, air, strawberry segar, gula pasir, air, air perasan jeruk nipis, jeruk nipis daun mint","masakan barat Panna Cotta Strawberry Bahan heavy cream whipped cream cair, susu uht greendfield, gula pasir, garam, tetes vanilla essence, gelatin bubuk, air, strawberry segar, gula pasir, air, air perasan jeruk nipis, jeruk nipis daun mint Langkah-Langkah Larutkan gelatin dalam air hangat, aduk rata., Panaskan heavy cream, susu UHT, garam, essence dan gula hingga hampir mendidih, matikan api., Masukkan gelatin larut ke dalam campuran susu panas, aduk rata., Tuang ke gelas saji, dinginkan hingga set di kulkas. Minimal 4 jam dalam kulkas., Bikin compote : Masak strawberry, gula, dan air hingga agak mengental jadi compote. Matikan api, tambahkan air jeruk nipis. Aduk rata., Setelah pudding set, tuang compote di atasnya., Hias dengan irisan jeruk nipis dan daun mint atau sesuai selera"
resep-24977694,masakan barat,https://cookpad.com/id/resep/24977694,Pizza Supreme,https://img-global.cpcdn.com/recipes/9b7ab349a3fa26e7/1200x630cq80/photo.jpg,"['200 g Tepung terigu', '120 ml Air hangat', '1 sdm Ragi instan', '2 sdm Gula pasir', '1/2 sdt Garam', '5 sdm Minyak zaitun / minyak goreng', '3 sdm saus bolognese', '2 Sdm Saus tomat', 'Secukupnya saus sambal', '1/2 blok Keju mozzarella', 'Secukupnya Daging asap', '1 buah Paprika merah', '1/2 bonggol Bawang bombay', '3 pcs Jamur', 'Secukupnya mayonaise']","[{'text': 'Campur Air hangat, Ragi dan gula pasir aduk rata. Kemudian diamkan sejenak, jika berbuih tanda ragi aktif. Tapi kalau tidak berbuih ragi tidak aktif', 'images': ['https://img-global.cpcdn.com/steps/497b159f4160e505/400x400cq80/photo.jpg']}, {'text': 'Bulatkan Adonan tutup dengan kain bersih dan Diamkan adonan 20-25 menit, hingga mengembang 2x lipat', 'images': ['https://img-global.cpcdn.com/steps/f69522b20d378db1/400x400cq80/photo.jpg', 'https://img-global.cpcdn.com/steps/49ec0b1464d0e8c6/400x400cq80/photo.jpg']}, {'text': 'Campurkan tepung, garam dan minyak. Uleni hingga kalis.', 'images': ['https://img-global.cpcdn.com/steps/ba0b5aa8571eeeac/400x400cq80/photo.jpg']}, {'text': 'Jika sudah mengembang. Kempes kan perlahan adonan Olesi loyang dengan mentega Tata pipihkan adonan serapi mungkin di loyang. Kemudian tusuk tusuk dengan garpu Olesi adonan dengan saus bolognese dan saus tomat hingga rata menutupi atas adonan', 'images': ['https://img-global.cpcdn.com/steps/bda5835112d65604/400x400cq80/photo.jpg']}, {'text': 'Siapkan bahan bahan toping', 'images': ['https://img-global.cpcdn.com/steps/73f13341f02fbc17/400x400cq80/photo.jpg']}, {'text': 'Susun daging asap, paprika, bawang, dan keju serta toping lainnya di atasnya. Sesuai selera', 'images': ['https://img-global.cpcdn.com/steps/d0508ea65c677c0c/400x400cq80/photo.jpg']}, {'text': 'Panggang di oven 200°C selama 15 - 20 menit.', 'images': ['https://img-global.cpcdn.com/steps/53b17617f662b1ca/400x400cq80/photo.jpg']}, {'text': 'Langkah keluar kan pizza dari oven. Serta siap disajikan', 'images': ['https://img-global.cpcdn.com/steps/b58e620d7e56c5d9/400x400cq80/photo.jpg']}]","Campur Air hangat, Ragi dan gula pasir aduk rata. Kemudian diamkan sejenak, jika berbuih tanda ragi aktif. Tapi kalau tidak berbuih ragi tidak aktif, Bulatkan Adonan tutup dengan kain bersih dan Diamkan adonan 20-25 menit, hingga mengembang 2x lipat, Campurkan tepung, garam dan minyak. Uleni hingga kalis., Jika sudah mengembang. Kempes kan perlahan adonan Olesi loyang dengan mentega Tata pipihkan adonan serapi mungkin di loyang. Kemudian tusuk tusuk dengan garpu Olesi adonan dengan saus bolognese dan saus tomat hingga rata menutupi atas adonan, Siapkan bahan bahan toping, Susun daging asap, paprika, bawang, dan keju serta toping lainnya di atasnya. Sesuai selera, Panggang di oven 200°C selama 15 - 20 menit., Langkah keluar kan pizza dari oven. Serta siap disajikan","tepung terigu, air, ragi instan, gula pasir, garam, minyak zaitun minyak goreng, saus bolognese, saus tomat, saus sambal, blok keju mozzarella, daging asap, paprika merah, bonggol bawang bombay, jamur, mayonaise","masakan barat Pizza Supreme Bahan tepung terigu, air, ragi instan, gula pasir, garam, minyak zaitun minyak goreng, saus bolognese, saus tomat, saus sambal, blok keju mozzarella, daging asap, paprika merah, bonggol bawang bombay, jamur, mayonaise Langkah-Langkah Campur Air hangat, Ragi dan gula pasir aduk rata. Kemudian diamkan sejenak, jika berbuih tanda ragi aktif. Tapi kalau tidak berbuih ragi tidak aktif, Bulatkan Adonan tutup dengan kain bersih dan Diamkan adonan 20-25 menit, hingga mengembang 2x lipat, Campurkan tepung, garam dan minyak. Uleni hingga kalis., Jika sudah mengembang. Kempes kan perlahan adonan Olesi loyang dengan mentega Tata pipihkan adonan serapi mungkin di loyang. Kemudian tusuk tusuk dengan garpu Olesi adonan dengan saus bolognese dan saus tomat hingga rata menutupi atas adonan, Siapkan bahan bahan toping, Susun daging asap, paprika, bawang, dan keju serta toping lainnya di atasnya. Sesuai selera, Panggang di oven 200°C selama 15 - 20 menit., Langkah keluar kan pizza dari oven. Serta siap disajikan"
resep-24983523,masakan jepang,https://cookpad.com/id/resep/24983523,Ebi furai,https://img-global.cpcdn.com/recipes/76eea8f977a95f8f/1200x630cq80/photo.jpg,"['500 gram udang', 'Secukupnya minyak untuk menggoreng', '1 sdt air jeruk lemon', '1/2 sdt garam', '1/4 sdt merica', '50 gr terigu serbaguna', '25 gr maizena', '1 butir telur', '1/2 sdt kaldu bubuk', '1 sdt bawang putih bubuk', '100 ml air', 'Secukupnya Breadcrumb']","[{'text': 'Bersihkan udang (buang bagian kepala & kulit) sisakan ekornya saja, belah punggung udang, keluarkan kotorannya.', 'images': []}, {'text': 'Setelah cuci bersih, marinasi udang dengan air jeruk, garam & merica, aduk rata, sisihkan', 'images': ['https://img-global.cpcdn.com/steps/946ae5d1c2b5702a/400x400cq80/photo.jpg']}, {'text': 'Bahan pencelup : campur semua bahan kecuali breadcrumb, aduk hingga rata', 'images': ['https://img-global.cpcdn.com/steps/7284013bda272eb5/400x400cq80/photo.jpg', 'https://img-global.cpcdn.com/steps/6da2d8d6cdd344eb/400x400cq80/photo.jpg']}, {'text': 'Panaskan minyak, ambil udang satu per satu, masukan ke bahan pencelup lalu gulingkan ke breadcrumb, lalu goreng hingga matang kecoklatan', 'images': ['https://img-global.cpcdn.com/steps/484dc0af144106d7/400x400cq80/photo.jpg', 'https://img-global.cpcdn.com/steps/5e9d5e30eaaaa482/400x400cq80/photo.jpg']}, {'text': 'Ulangi hingga selesai atau bisa dijadikan stok frozen, sajikan', 'images': ['https://img-global.cpcdn.com/steps/d850e2fa22d563fb/400x400cq80/photo.jpg']}]","Bersihkan udang (buang bagian kepala & kulit) sisakan ekornya saja, belah punggung udang, keluarkan kotorannya., Setelah cuci bersih, marinasi udang dengan air jeruk, garam & merica, aduk rata, sisihkan, Bahan pencelup : campur semua bahan kecuali breadcrumb, aduk hingga rata, Panaskan minyak, ambil udang satu per satu, masukan ke bahan pencelup lalu gulingkan ke breadcrumb, lalu goreng hingga matang kecoklatan, Ulangi hingga selesai atau bisa dijadikan stok frozen, sajikan","minyak, air jeruk lemon, garam, merica, terigu serbaguna, maizena, telur, kaldu bubuk, bawang putih bubuk, air, breadcrumb","masakan jepang Ebi furai Bahan minyak, air jeruk lemon, garam, merica, terigu serbaguna, maizena, telur, kaldu bubuk, bawang putih bubuk, air, breadcrumb Langkah-Langkah Bersihkan udang (buang bagian kepala & kulit) sisakan ekornya saja, belah punggung udang, keluarkan kotorannya., Setelah cuci bersih, marinasi udang dengan air jeruk, garam & merica, aduk rata, sisihkan, Bahan pencelup : campur semua bahan kecuali breadcrumb, aduk hingga rata, Panaskan minyak, ambil udang satu per satu, masukan ke bahan pencelup lalu gulingkan ke breadcrumb, lalu goreng hingga matang kecoklatan, Ulangi hingga selesai atau bisa dijadikan stok frozen, sajikan"
resep-24982188,masakan jepang,https://cookpad.com/id/resep/24982188,Tumis Pokcoy Saus Teriyaki,https://img-global.cpcdn.com/recipes/4f3536d492663627/1200x630cq80/photo.jpg,"['3 buah pokcoy segar', '3 siung bawang putih', '2 sdm saus teriyaki', '2 sdm kecap manis', 'Secukupnya air', '1/4 sdt garam', 'Secukupnya penyedap rasa', 'Secukupnya Lada bubuk']","[{'text': 'Buang bonggol pokcoy, lalu cuci bersih. Iris juga bawang putih sisihkan', 'images': ['https://img-global.cpcdn.com/steps/ca33b3a2147aa581/400x400cq80/photo.jpg']}, {'text': 'Panaskan sedikit minyak, lalu tumis bawang putih hingga layu.', 'images': []}, {'text': 'Tuang sedikit air, lalu beri saus teriyaki, kecap manis, garam, lada bubuk dan penyedap rasa.', 'images': []}, {'text': 'Koreksi rasa, masak sampai pokcoy matang. Lalu hidangkan', 'images': ['https://img-global.cpcdn.com/steps/f7ab0d9bc6e9b748/400x400cq80/photo.jpg', 'https://img-global.cpcdn.com/steps/4f501910c3c72570/400x400cq80/photo.jpg']}]","Buang bonggol pokcoy, lalu cuci bersih. Iris juga bawang putih sisihkan, Panaskan sedikit minyak, lalu tumis bawang putih hingga layu., Tuang sedikit air, lalu beri saus teriyaki, kecap manis, garam, lada bubuk dan penyedap rasa., Koreksi rasa, masak sampai pokcoy matang. Lalu hidangkan","pokcoy segar, bawang putih, saus teriyaki, kecap manis, air, garam, rasa, lada bubuk","masakan jepang Tumis Pokcoy Saus Teriyaki Bahan pokcoy segar, bawang putih, saus teriyaki, kecap manis, air, garam, rasa, lada bubuk Langkah-Langkah Buang bonggol pokcoy, lalu cuci bersih. Iris juga bawang putih sisihkan, Panaskan sedikit minyak, lalu tumis bawang putih hingga layu., Tuang sedikit air, lalu beri saus teriyaki, kecap manis, garam, lada bubuk dan penyedap rasa., Koreksi rasa, masak sampai pokcoy matang. Lalu hidangkan"
resep-24981999,masakan jepang,https://cookpad.com/id/resep/24981999,Pancake dorayaki,https://img-global.cpcdn.com/recipes/435442064e5f944f/1200x630cq80/photo.jpg,"['150 gr gula pasir', '4 butir telur', '280 gr tepung terigu', '2 sdm madu', '200 ml susu uht putih', '8 gr fermipan', '1 /s sdt soda kue', '2 sachet vanili', '60 ml Minyak goreng']","[{'text': 'Kocok/mixer telur, gula pasir, fermipan, vanili sampai agak mengembang', 'images': []}, {'text': 'Masukkan minyak goreng dan madu, mixer/aduk rata', 'images': []}, {'text': 'Masukkan tepung terigu dan soda kue sambil di ayak, aduk rata/mixer dgn kecepatan rendah hingga tercampur rata', 'images': []}, {'text': 'Terakhir masukkan susu, aduk/mixer sampai rata, tutup dan diamkan selama 10 menit sampai adonan agak mengembang dan muncul buih', 'images': []}, {'text': 'Panaskan teflon anti lengket, tuang 1 sendok sayur, masak hingga bagian atas bersarang, kemudian balik dan tunggu beberapa saat (tidak sampai 1 menit), angkat dan hidangkan.', 'images': []}, {'text': 'Jika ingin dijadikan dorayaki bisa ambil 1 bagian lalu olesi selai kacang/selai coklat/selai apa saja sesuai selera, tutup dgn 1 bagian lagi, rekatkan pinggir dorayaki secara perlahan agar bagian atas tidak pecah', 'images': ['https://img-global.cpcdn.com/steps/57d828e829bd2081/400x400cq80/photo.jpg']}, {'text': 'Dan jika ingin dijadikan pancake, tumpuk beberapa bagian cake dan bisa ditambahkan toping sesuai selera, kebetulan aku ada toping madu dan oatmeal, selamat mencoba..', 'images': ['https://img-global.cpcdn.com/steps/cf856081c5d17f32/400x400cq80/photo.jpg', 'https://img-global.cpcdn.com/steps/da3db8bde9de9917/400x400cq80/photo.jpg', 'https://img-global.cpcdn.com/steps/aaf08dc790bf9510/400x400cq80/photo.jpg']}]","Kocok/mixer telur, gula pasir, fermipan, vanili sampai agak mengembang, Masukkan minyak goreng dan madu, mixer/aduk rata, Masukkan tepung terigu dan soda kue sambil di ayak, aduk rata/mixer dgn kecepatan rendah hingga tercampur rata, Terakhir masukkan susu, aduk/mixer sampai rata, tutup dan diamkan selama 10 menit sampai adonan agak mengembang dan muncul buih, Panaskan teflon anti lengket, tuang 1 sendok sayur, masak hingga bagian atas bersarang, kemudian balik dan tunggu beberapa saat (tidak sampai 1 menit), angkat dan hidangkan., Jika ingin dijadikan dorayaki bisa ambil 1 bagian lalu olesi selai kacang/selai coklat/selai apa saja sesuai selera, tutup dgn 1 bagian lagi, rekatkan pinggir dorayaki secara perlahan agar bagian atas tidak pecah, Dan jika ingin dijadikan pancake, tumpuk beberapa bagian cake dan bisa ditambahkan toping sesuai selera, kebetulan aku ada toping madu dan oatmeal, selamat mencoba..","gula pasir, telur, tepung terigu, madu, susu uht putih, fermipan, s soda kue, vanili, minyak goreng","masakan jepang Pancake dorayaki Bahan gula pasir, telur, tepung terigu, madu, susu uht putih, fermipan, s soda kue, vanili, minyak goreng Langkah-Langkah Kocok/mixer telur, gula pasir, fermipan, vanili sampai agak mengembang, Masukkan minyak goreng dan madu, mixer/aduk rata, Masukkan tepung terigu dan soda kue sambil di ayak, aduk rata/mixer dgn kecepatan rendah hingga tercampur rata, Terakhir masukkan susu, aduk/mixer sampai rata, tutup dan diamkan selama 10 menit sampai adonan agak mengembang dan muncul buih, Panaskan teflon anti lengket, tuang 1 sendok sayur, masak hingga bagian atas bersarang, kemudian balik dan tunggu beberapa saat (tidak sampai 1 menit), angkat dan hidangkan., Jika ingin dijadikan dorayaki bisa ambil 1 bagian lalu olesi selai kacang/selai coklat/selai apa saja sesuai selera, tutup dgn 1 bagian lagi, rekatkan pinggir dorayaki secara perlahan agar bagian atas tidak pecah, Dan jika ingin dijadikan pancake, tumpuk beberapa bagian cake dan bisa ditambahkan toping sesuai selera, kebetulan aku ada toping madu dan oatmeal, selamat mencoba.."
resep-24980829,masakan jepang,https://cookpad.com/id/resep/24980829,Kare Jepang Golden Curry,https://img-global.cpcdn.com/recipes/435659f3b167903d/1200x630cq80/photo.jpg,"['2 pcs Dada Ayam (bisa diganti Daging Sapi kalau suka)', '2 pcs Wortel', '2 pcs Kentang', '1 pc Bawang Bombay Besar', '1.5-2 Liter Air Putih', 'Secukupnya Bumbu Golden Curry Jepang (saya pakai yang HOT)', 'Secukupnya Penyedap Rasa (Totole)', 'Secukupnya Margarin / Mentega']","[{'text': 'Potong-potong Wortel, Kentang, dan Dada Ayam sesuai selera dan sisihkan. Lalu Iris Bawang Bombay sisihkan.', 'images': ['https://img-global.cpcdn.com/steps/528f0499a88bee34/400x400cq80/photo.jpg']}, {'text': 'Panaskan secukupnya margarin, lalu masukkan potongan bawang bombay. Tumis hingga bombay wangi, berubah warna dan matang. Lalu masukkan potongan dada ayam. Masak hingga dada ayam berubah warna dan setengah matang.', 'images': ['https://img-global.cpcdn.com/steps/58d341352cb75810/400x400cq80/photo.jpg']}, {'text': 'Setelah itu masukkan potongan wortel, tumis hingga wortel agak matang. Kemudian beri sedikit air dan masukkan sedikit bumbu Golden Curry Jepang.', 'images': ['https://img-global.cpcdn.com/steps/88b2cc38b5c0397d/400x400cq80/photo.jpg', 'https://img-global.cpcdn.com/steps/dd22448e387e14d6/400x400cq80/photo.jpg']}, {'text': 'Di kompor lain panaskan Air didalam panci, masukkan potongan kentang. Setelah itu masukkan hasil tumisan dada ayam, wortel, yang sudah diberi bumbu Curry ke dalam rebusan kentang. Masak hingga wortel dan ketang matang dan empuk. Koreksi rasa kuahnya, jika kurang bumbu bisa tambahkan lagi bumbu Curry Jepangnya, dan kuahnya harus agak kental ya, jadi jangan kebanyakan Air. Jika dirasa rasa masih kurang, bisa beri sedikit totole. Masak hingga matang.', 'images': ['https://img-global.cpcdn.com/steps/f24cbfe5008e8c1d/400x400cq80/photo.jpg']}, {'text': 'Curry Jepang siap disajikan dengan nasi putih hangat, bisa diberi pelengkap telur rebus. Bisa juga dengan udang tempura, atau condiment lain', 'images': ['https://img-global.cpcdn.com/steps/24b470c9c7ef1848/400x400cq80/photo.jpg', 'https://img-global.cpcdn.com/steps/fed0147751fc87cc/400x400cq80/photo.jpg', 'https://img-global.cpcdn.com/steps/5b927c0c63b0b5b9/400x400cq80/photo.jpg']}]","Potong-potong Wortel, Kentang, dan Dada Ayam sesuai selera dan sisihkan. Lalu Iris Bawang Bombay sisihkan., Panaskan secukupnya margarin, lalu masukkan potongan bawang bombay. Tumis hingga bombay wangi, berubah warna dan matang. Lalu masukkan potongan dada ayam. Masak hingga dada ayam berubah warna dan setengah matang., Setelah itu masukkan potongan wortel, tumis hingga wortel agak matang. Kemudian beri sedikit air dan masukkan sedikit bumbu Golden Curry Jepang., Di kompor lain panaskan Air didalam panci, masukkan potongan kentang. Setelah itu masukkan hasil tumisan dada ayam, wortel, yang sudah diberi bumbu Curry ke dalam rebusan kentang. Masak hingga wortel dan ketang matang dan empuk. Koreksi rasa kuahnya, jika kurang bumbu bisa tambahkan lagi bumbu Curry Jepangnya, dan kuahnya harus agak kental ya, jadi jangan kebanyakan Air. Jika dirasa rasa masih kurang, bisa beri sedikit totole. Masak hingga matang., Curry Jepang siap disajikan dengan nasi putih hangat, bisa diberi pelengkap telur rebus. Bisa juga dengan udang tempura, atau condiment lain","dada ayam, wortel, kentang, pc bawang bombay besar, air putih, bumbu golden curry jepang, rasa totole, margarin mentega","masakan jepang Kare Jepang Golden Curry Bahan dada ayam, wortel, kentang, pc bawang bombay besar, air putih, bumbu golden curry jepang, rasa totole, margarin mentega Langkah-Langkah Potong-potong Wortel, Kentang, dan Dada Ayam sesuai selera dan sisihkan. Lalu Iris Bawang Bombay sisihkan., Panaskan secukupnya margarin, lalu masukkan potongan bawang bombay. Tumis hingga bombay wangi, berubah warna dan matang. Lalu masukkan potongan dada ayam. Masak hingga dada ayam berubah warna dan setengah matang., Setelah itu masukkan potongan wortel, tumis hingga wortel agak matang. Kemudian beri sedikit air dan masukkan sedikit bumbu Golden Curry Jepang., Di kompor lain panaskan Air didalam panci, masukkan potongan kentang. Setelah itu masukkan hasil tumisan dada ayam, wortel, yang sudah diberi bumbu Curry ke dalam rebusan kentang. Masak hingga wortel dan ketang matang dan empuk. Koreksi rasa kuahnya, jika kurang bumbu bisa tambahkan lagi bumbu Curry Jepangnya, dan kuahnya harus agak kental ya, jadi jangan kebanyakan Air. Jika dirasa rasa masih kurang, bisa beri sedikit totole. Masak hingga matang., Curry Jepang siap disajikan dengan nasi putih hangat, bisa diberi pelengkap telur rebus. Bisa juga dengan udang tempura, atau condiment lain"
resep-24953287,masakan jepang,https://cookpad.com/id/resep/24953287,Ebi furai ala martin praja masterchef,https://img-global.cpcdn.com/recipes/6cd1eeef45902b4d/1200x630cq80/photo.jpg,"['10 ekor udang windu uk besar', '1 sdt bubuk bawang putih', '1/2 sdt merica bubuk', '1 sdt garam', '100 gr tp trigu', '150 gr tp panir putih', '1 butir telur kocok ampe berbuih', '1 sdt kaldu ayam', '1/2 sdt merica', 'Minyak goreng buat goreng']","[{'text': 'Iris bwah udang lalu di luruskan.. marinasi udang.. kocok telur dan bumbu lainnya..', 'images': ['https://img-global.cpcdn.com/steps/4d83a2cc399d612e/400x400cq80/photo.jpg', 'https://img-global.cpcdn.com/steps/0ac287f51914e267/400x400cq80/photo.jpg']}, {'text': 'Baru celup udang di tepung terigu..', 'images': ['https://img-global.cpcdn.com/steps/247d2c9628e45bd6/400x400cq80/photo.jpg']}, {'text': 'Lalu kekocokan telur.. baru ke tepung panir.. lakukan hingga abis..', 'images': ['https://img-global.cpcdn.com/steps/3143f67c1b321e31/400x400cq80/photo.jpg', 'https://img-global.cpcdn.com/steps/45cb6b789b5cd5c9/400x400cq80/photo.jpg']}, {'text': 'Lalu goreng hingga kuning keemasan.. siap di santap..', 'images': ['https://img-global.cpcdn.com/steps/b09ec50f689435de/400x400cq80/photo.jpg', 'https://img-global.cpcdn.com/steps/339c88efbb6a79c8/400x400cq80/photo.jpg', 'https://img-global.cpcdn.com/steps/e65490b9694f0fd3/400x400cq80/photo.jpg']}]","Iris bwah udang lalu di luruskan.. marinasi udang.. kocok telur dan bumbu lainnya.., Baru celup udang di tepung terigu.., Lalu kekocokan telur.. baru ke tepung panir.. lakukan hingga abis.., Lalu goreng hingga kuning keemasan.. siap di santap..","ug windu, bubuk bawang putih, merica bubuk, garam, tp trigu, tp panir putih, telur kocok ampe berbuih, kaldu ayam, merica, minyak goreng buat goreng","masakan jepang Ebi furai ala martin praja masterchef Bahan ug windu, bubuk bawang putih, merica bubuk, garam, tp trigu, tp panir putih, telur kocok ampe berbuih, kaldu ayam, merica, minyak goreng buat goreng Langkah-Langkah Iris bwah udang lalu di luruskan.. marinasi udang.. kocok telur dan bumbu lainnya.., Baru celup udang di tepung terigu.., Lalu kekocokan telur.. baru ke tepung panir.. lakukan hingga abis.., Lalu goreng hingga kuning keemasan.. siap di santap.."
resep-24972316,masakan korea,https://cookpad.com/id/resep/24972316,Tteokbokki Tteoppokki Teobbokki Topokki Ala Aku,https://img-global.cpcdn.com/recipes/5583bc59cef92082/1200x630cq80/photo.jpg,"['secukupnya Kue beras', 'secukupnya Margarin (bisa pakai minyak goreng)', '2 sdm Saus cabai', '3 sdm Saus tomat', '5 sdm Saus bolognese', 'secukupnya Air bersih', '3 sdm Minyak goreng untuk merebus kue beras', '1/2 kg Tepung ketan (jika punya ortu yang gak punya gigi/susah menggigit makanan kenyal. Silahkan ditambah dengan tepung beras/terigu agar lebih mudah untuk dimakan)', 'secukupnya Garam', 'secukupnya Minyak goreng', 'secukupnya Air bersih', '1/2 buah Bawang bombay dicacah', '3 siung Bawang putih dicacah', 'secukupnya Sosis goreng', 'secukupnya Telur puyuh rebus', 'secukupnya Garam', '1 sdt Gula', 'secukupnya Kaldu jamur (bisa pakai penyedap lainnya)', 'secukupnya Wijen sangrai', 'secukupnya Daun bawang iris serong']","[{'text': 'Pertama, buat kue beras. Siapkan wadah. Masukkan tepung ketan, garam, minyak goreng dan air. Uleni semua bahan sampai menjadi adonan lentur. Bentuk adonan memanjang lalu potong seukuran 3-4 cm.', 'images': []}, {'text': 'Panaskan air hingga mendidih. Masukkan minyak goreng agar kue beras tidak lengket dan menempel satu sama lain. Masukkan kue beras, tunggu sampai adonan matang (mengapung), angkat dan tiriskan.', 'images': []}, {'text': 'Berikutnya, masak kuah/saus tteokbokki. Siapkan wajan. Lelehkan margarin. Masukkan bumbu cacah, tumis hingga harum dan berwarna kuning keemasan.', 'images': []}, {'text': 'Tambahkan air, saus cabai, saus tomat, saus bolognese, bahan pelengkap dan bumbu perasa. Aduk sampai merata.', 'images': []}, {'text': 'Masukkan kue beras ke dalam wajan. Aduk sampai merata, tunggu sampai mendidih. Koreksi rasa. Jika sudah pas, matikan kompor. Pindahkan tteokbokki ke dalam mangkuk.', 'images': []}, {'text': 'Terakhir, taburi bagian atas tteokbokki dengan wijen sangrai dan irisan daun bawang. Tteokbokki yang super enakk parrahh dan bikin nagih siap dinikmati sepenuh hati', 'images': ['https://img-global.cpcdn.com/steps/1a4bdbaef874f00b/400x400cq80/photo.jpg', 'https://img-global.cpcdn.com/steps/22528f5736fce695/400x400cq80/photo.jpg']}]","Pertama, buat kue beras. Siapkan wadah. Masukkan tepung ketan, garam, minyak goreng dan air. Uleni semua bahan sampai menjadi adonan lentur. Bentuk adonan memanjang lalu potong seukuran 3-4 cm., Panaskan air hingga mendidih. Masukkan minyak goreng agar kue beras tidak lengket dan menempel satu sama lain. Masukkan kue beras, tunggu sampai adonan matang (mengapung), angkat dan tiriskan., Berikutnya, masak kuah/saus tteokbokki. Siapkan wajan. Lelehkan margarin. Masukkan bumbu cacah, tumis hingga harum dan berwarna kuning keemasan., Tambahkan air, saus cabai, saus tomat, saus bolognese, bahan pelengkap dan bumbu perasa. Aduk sampai merata., Masukkan kue beras ke dalam wajan. Aduk sampai merata, tunggu sampai mendidih. Koreksi rasa. Jika sudah pas, matikan kompor. Pindahkan tteokbokki ke dalam mangkuk., Terakhir, taburi bagian atas tteokbokki dengan wijen sangrai dan irisan daun bawang. Tteokbokki yang super enakk parrahh dan bikin nagih siap dinikmati sepenuh hati","kue beras, margarin, saus cabai, saus tomat, saus bolognese, air bersih, minyak goreng kue beras, tepung ketan, garam, minyak goreng, air bersih, bawang bombay, bawang putih, sosis goreng, telur puyuh rebus, garam, gula, kaldu jamur bisa pakai lainnya, wijen, daun bawang","masakan korea Tteokbokki Tteoppokki Teobbokki Topokki Ala Aku Bahan kue beras, margarin, saus cabai, saus tomat, saus bolognese, air bersih, minyak goreng kue beras, tepung ketan, garam, minyak goreng, air bersih, bawang bombay, bawang putih, sosis goreng, telur puyuh rebus, garam, gula, kaldu jamur bisa pakai lainnya, wijen, daun bawang Langkah-Langkah Pertama, buat kue beras. Siapkan wadah. Masukkan tepung ketan, garam, minyak goreng dan air. Uleni semua bahan sampai menjadi adonan lentur. Bentuk adonan memanjang lalu potong seukuran 3-4 cm., Panaskan air hingga mendidih. Masukkan minyak goreng agar kue beras tidak lengket dan menempel satu sama lain. Masukkan kue beras, tunggu sampai adonan matang (mengapung), angkat dan tiriskan., Berikutnya, masak kuah/saus tteokbokki. Siapkan wajan. Lelehkan margarin. Masukkan bumbu cacah, tumis hingga harum dan berwarna kuning keemasan., Tambahkan air, saus cabai, saus tomat, saus bolognese, bahan pelengkap dan bumbu perasa. Aduk sampai merata., Masukkan kue beras ke dalam wajan. Aduk sampai merata, tunggu sampai mendidih. Koreksi rasa. Jika sudah pas, matikan kompor. Pindahkan tteokbokki ke dalam mangkuk., Terakhir, taburi bagian atas tteokbokki dengan wijen sangrai dan irisan daun bawang. Tteokbokki yang super enakk parrahh dan bikin nagih siap dinikmati sepenuh hati"
resep-24967741,masakan korea,https://cookpad.com/id/resep/24967741,Kimchi Simpel Tanpa Rasa Getir,https://img-global.cpcdn.com/recipes/621102b27b3655fc/1200x630cq80/photo.jpg,"['1 siung bawang putih', '1/2 siung bombay', '1/2 ruas jahe', '2 sdm tepung beras', '250 ml air', '3 sdm gula pasir', '1/2 sdt bubuk cabe', '5 sdt garam', '1 buah sawi putih ukuran sedang', '2 buah wortel potong korek api', '3 helai bawang daun potong panjang']","[{'text': 'Cuci bersih sawi putih, potong-potong (gak dipotong juga bisa), lumuri dengan garam dan remas-remas. Biarkan 30 menit. Setelah itu cuci dan remas hingga tidak terlalu banyak air.', 'images': []}, {'text': 'Blender bawang putih, bombay dan jahe, sisihkan.', 'images': []}, {'text': 'Larutkan tepung beras, dan gula pasir. Masak hingga mengental dan dinginkan. Masukan bubuk cabe dan bumbu yg sudah dihaluskan, aduk rata.', 'images': []}, {'text': 'Campur sawi, wortel dan daun bawang dengan bumbu yang sudah disiapkan tadi. Masukan pada wadah tertutup dan diamkan minimal 24 jam pada suhu ruang. Setelah itu masukkan kulkas.', 'images': []}]","Cuci bersih sawi putih, potong-potong (gak dipotong juga bisa), lumuri dengan garam dan remas-remas. Biarkan 30 menit. Setelah itu cuci dan remas hingga tidak terlalu banyak air., Blender bawang putih, bombay dan jahe, sisihkan., Larutkan tepung beras, dan gula pasir. Masak hingga mengental dan dinginkan. Masukan bubuk cabe dan bumbu yg sudah dihaluskan, aduk rata., Campur sawi, wortel dan daun bawang dengan bumbu yang sudah disiapkan tadi. Masukan pada wadah tertutup dan diamkan minimal 24 jam pada suhu ruang. Setelah itu masukkan kulkas.","bawang putih, bombay, jahe, tepung beras, air, gula pasir, bubuk cabe, garam, sawi putih, wortel korek api, bawang daun panjang","masakan korea Kimchi Simpel Tanpa Rasa Getir Bahan bawang putih, bombay, jahe, tepung beras, air, gula pasir, bubuk cabe, garam, sawi putih, wortel korek api, bawang daun panjang Langkah-Langkah Cuci bersih sawi putih, potong-potong (gak dipotong juga bisa), lumuri dengan garam dan remas-remas. Biarkan 30 menit. Setelah itu cuci dan remas hingga tidak terlalu banyak air., Blender bawang putih, bombay dan jahe, sisihkan., Larutkan tepung beras, dan gula pasir. Masak hingga mengental dan dinginkan. Masukan bubuk cabe dan bumbu yg sudah dihaluskan, aduk rata., Campur sawi, wortel dan daun bawang dengan bumbu yang sudah disiapkan tadi. Masukan pada wadah tertutup dan diamkan minimal 24 jam pada suhu ruang. Setelah itu masukkan kulkas."
resep-24955532,masakan korea,https://cookpad.com/id/resep/24955532,Kimbap Nasi Merah,https://img-global.cpcdn.com/recipes/5ec8329e1fc110a7/1200x630cq80/photo.jpg,"['1 buah wortel iris memanjang', '1 buah timun iris memanjang', '2 buah sosis iris memanjang (sy ga pakai)', 'secukupnya Nori', 'Tikar penggulung kimbap/ Sushi (kalo ga ada bisa pakai kertas nasi)', 'Minyak wijen', 'Kecap asin', 'Sejumput Asatu ROSE BRAND, opsional (ini tambahan saya)', 'Telur dadar iris memanjang (sy tidak di iris)', 'Secukupnya Minyak Goreng Rose Brand', 'Bon cabai, optional (sy ga pakai)']","[{'text': 'Masak nasi merah (banyaknya menyesuaikan mau bikin berapa gulungan kimbap). Tambahkan ke nasi kecap asin, minyak wijen secukupnya aduk merata, sisihkan', 'images': ['https://img-global.cpcdn.com/steps/ad66d0506a000ba7/400x400cq80/photo.jpg', 'https://img-global.cpcdn.com/steps/f7c006600af706cb/400x400cq80/photo.jpg', 'https://img-global.cpcdn.com/steps/56dd116ffabdd607/400x400cq80/photo.jpg']}, {'text': 'Rebus wortel selama 3 mnt, kemudian panaskan Minyak Goreng ROSE BRAND sedikit saja, lalu dadar telur tipis2 seperti kulit lumpia (kocokan telur diberi sedikit garam dan sedikit Asatu ROSE BRAND)', 'images': ['https://img-global.cpcdn.com/steps/d9c1bbea3ac1b467/400x400cq80/photo.jpg', 'https://img-global.cpcdn.com/steps/74572af328e8a822/400x400cq80/photo.jpg', 'https://img-global.cpcdn.com/steps/8efa38390db5b66a/400x400cq80/photo.jpg']}, {'text': 'Setelah bahan2 siap, siapkan tikar penggulung dan nori, sebelum menata nasi dan bahan2 lain di atas nori lumuri nori dengan minyak wijen dikit aja, biar lebih merekat Setelah itu tata nasi', 'images': ['https://img-global.cpcdn.com/steps/0870aeb023ec479e/400x400cq80/photo.jpg', 'https://img-global.cpcdn.com/steps/8a4768d5a12326fd/400x400cq80/photo.jpg', 'https://img-global.cpcdn.com/steps/a5ed97d06242a8fd/400x400cq80/photo.jpg']}, {'text': 'Dan bahan2 lainnya di atas nori kemudian gulung', 'images': ['https://img-global.cpcdn.com/steps/9d2b0df30f8d5b1c/400x400cq80/photo.jpg', 'https://img-global.cpcdn.com/steps/6817974e504b7b17/400x400cq80/photo.jpg', 'https://img-global.cpcdn.com/steps/b6c1c4b5c9cbc5af/400x400cq80/photo.jpg']}, {'text': 'Jangan lupa bagian luar nori di lumuri dengan minyak wijen juga secukupnya. Kemudian potong2', 'images': ['https://img-global.cpcdn.com/steps/d1c5d3db718eea2e/400x400cq80/photo.jpg', 'https://img-global.cpcdn.com/steps/ea3818697ddb93f1/400x400cq80/photo.jpg', 'https://img-global.cpcdn.com/steps/7f8ce6dd43238825/400x400cq80/photo.jpg']}, {'text': 'Kimbap siap di sajikan', 'images': ['https://img-global.cpcdn.com/steps/52188d6092333341/400x400cq80/photo.jpg', 'https://img-global.cpcdn.com/steps/23260f255cde81f4/400x400cq80/photo.jpg']}]","Masak nasi merah (banyaknya menyesuaikan mau bikin berapa gulungan kimbap). Tambahkan ke nasi kecap asin, minyak wijen secukupnya aduk merata, sisihkan, Rebus wortel selama 3 mnt, kemudian panaskan Minyak Goreng ROSE BRAND sedikit saja, lalu dadar telur tipis2 seperti kulit lumpia (kocokan telur diberi sedikit garam dan sedikit Asatu ROSE BRAND), Setelah bahan2 siap, siapkan tikar penggulung dan nori, sebelum menata nasi dan bahan2 lain di atas nori lumuri nori dengan minyak wijen dikit aja, biar lebih merekat Setelah itu tata nasi, Dan bahan2 lainnya di atas nori kemudian gulung, Jangan lupa bagian luar nori di lumuri dengan minyak wijen juga secukupnya. Kemudian potong2, Kimbap siap di sajikan","wortel, timun, sosis, nori, minyak wijen, kecap asin, asatu rose brand ini, telur dadar, minyak goreng rose brand, bon cabai","masakan korea Kimbap Nasi Merah Bahan wortel, timun, sosis, nori, minyak wijen, kecap asin, asatu rose brand ini, telur dadar, minyak goreng rose brand, bon cabai Langkah-Langkah Masak nasi merah (banyaknya menyesuaikan mau bikin berapa gulungan kimbap). Tambahkan ke nasi kecap asin, minyak wijen secukupnya aduk merata, sisihkan, Rebus wortel selama 3 mnt, kemudian panaskan Minyak Goreng ROSE BRAND sedikit saja, lalu dadar telur tipis2 seperti kulit lumpia (kocokan telur diberi sedikit garam dan sedikit Asatu ROSE BRAND), Setelah bahan2 siap, siapkan tikar penggulung dan nori, sebelum menata nasi dan bahan2 lain di atas nori lumuri nori dengan minyak wijen dikit aja, biar lebih merekat Setelah itu tata nasi, Dan bahan2 lainnya di atas nori kemudian gulung, Jangan lupa bagian luar nori di lumuri dengan minyak wijen juga secukupnya. Kemudian potong2, Kimbap siap di sajikan"
resep-24944762,masakan korea,https://cookpad.com/id/resep/24944762,Bibimbap ekonomis saus gochujang,https://img-global.cpcdn.com/recipes/60e0d53e60b45672/1200x630cq80/photo.jpg,"['1 butir Telur ayam', '1 buah wortel', '50 gr Tauge panjang', '1 ikat bayam', '1 buah zuchini (saya pakai timun, buang biji)', '5 buah tahu putih (bisa pakai ayam/daging cincang/ beef slice)', 'Minyak wijen', 'Secukupnya Wijen sangrai', 'Garam', 'Gula', 'Kaldu jamur', 'Lada bubuk', '1 porsi nasi putih', '4 sdm saus gochujang', '2 sdm air', '1 sdm minyak wijen', '1/2 sdt kecap asin', '1 1/2 sdt gula pasir', '2 butir bawang putih, parut', 'Secukupnya Wijen sangrai', '1/2 sdt Cuka beras (ops, karena saya tidak punya jadi saya skip)', 'Nori']","[{'text': 'Potong-potong sayuran, cuci kemudian ditumis dengan sedikit minyak satu per satu (beri sedikit garam dan lada). Untuk bayam hanya direbus sebentar lalu diangkat diberi sedikit garam, minyak wijen dan wijen sangrai.', 'images': []}, {'text': 'Tumis protein (disini saya pakai tahu putih) di atas pan, tambahkan kecap asin, saus tiram, garam, kaldu bubuk, lada bubuk. Ditekan-tekan hingga hancur dan tekturnya menjadi seperti daging giling.', 'images': []}, {'text': 'Untuk saus gochujang, campurkan semua bahan kemudian ditumis sebentar tunggu hingga bahan tercampur sempurna', 'images': []}, {'text': 'Buat topping telur mata sapi dengan cara panaskan pan, tambahkan sedikit minyak dan air, pecahkan telur di atasnya, kemudian tutup. Tunggu hingga matang.', 'images': []}, {'text': 'Tata nasi di atas piring, tambahkan di atasnya sayuran, protein dan telur, kemudian tambahkan saus gochujang yang sudah dibuat sesuai selera. Taburi wijen sangrai di atasnya.', 'images': ['https://img-global.cpcdn.com/steps/11679115d58daa64/400x400cq80/photo.jpg']}, {'text': 'Aduk dan campur semua di dalam piring, bisa dinikmati dengan nori jika suka. Selamat mencoba', 'images': []}]","Potong-potong sayuran, cuci kemudian ditumis dengan sedikit minyak satu per satu (beri sedikit garam dan lada). Untuk bayam hanya direbus sebentar lalu diangkat diberi sedikit garam, minyak wijen dan wijen sangrai., Tumis protein (disini saya pakai tahu putih) di atas pan, tambahkan kecap asin, saus tiram, garam, kaldu bubuk, lada bubuk. Ditekan-tekan hingga hancur dan tekturnya menjadi seperti daging giling., Untuk saus gochujang, campurkan semua bahan kemudian ditumis sebentar tunggu hingga bahan tercampur sempurna, Buat topping telur mata sapi dengan cara panaskan pan, tambahkan sedikit minyak dan air, pecahkan telur di atasnya, kemudian tutup. Tunggu hingga matang., Tata nasi di atas piring, tambahkan di atasnya sayuran, protein dan telur, kemudian tambahkan saus gochujang yang sudah dibuat sesuai selera. Taburi wijen sangrai di atasnya., Aduk dan campur semua di dalam piring, bisa dinikmati dengan nori jika suka. Selamat mencoba","telur ayam, wortel, tauge panjang, bayam, zuchini saya pakai timun, tahu putih bisa pakai ayamdaging cincang beef slice, minyak wijen, wijen, garam, gula, kaldu jamur, lada bubuk, porsi nasi putih, saus gochujang, air, minyak wijen, kecap asin, gula pasir, bawang putih, wijen, cuka beras, nori","masakan korea Bibimbap ekonomis saus gochujang Bahan telur ayam, wortel, tauge panjang, bayam, zuchini saya pakai timun, tahu putih bisa pakai ayamdaging cincang beef slice, minyak wijen, wijen, garam, gula, kaldu jamur, lada bubuk, porsi nasi putih, saus gochujang, air, minyak wijen, kecap asin, gula pasir, bawang putih, wijen, cuka beras, nori Langkah-Langkah Potong-potong sayuran, cuci kemudian ditumis dengan sedikit minyak satu per satu (beri sedikit garam dan lada). Untuk bayam hanya direbus sebentar lalu diangkat diberi sedikit garam, minyak wijen dan wijen sangrai., Tumis protein (disini saya pakai tahu putih) di atas pan, tambahkan kecap asin, saus tiram, garam, kaldu bubuk, lada bubuk. Ditekan-tekan hingga hancur dan tekturnya menjadi seperti daging giling., Untuk saus gochujang, campurkan semua bahan kemudian ditumis sebentar tunggu hingga bahan tercampur sempurna, Buat topping telur mata sapi dengan cara panaskan pan, tambahkan sedikit minyak dan air, pecahkan telur di atasnya, kemudian tutup. Tunggu hingga matang., Tata nasi di atas piring, tambahkan di atasnya sayuran, protein dan telur, kemudian tambahkan saus gochujang yang sudah dibuat sesuai selera. Taburi wijen sangrai di atasnya., Aduk dan campur semua di dalam piring, bisa dinikmati dengan nori jika suka. Selamat mencoba"
resep-24944675,masakan korea,https://cookpad.com/id/resep/24944675,Bibimbap,https://img-global.cpcdn.com/recipes/411cca53c2ed5d4c/1200x630cq80/photo.jpg,"['1 ikat bayam', '1 buah wortel', '1 bonggol jagung', '200 gr kecambah besar (kecambah kedelai)', 'Secukupnya wijen sangrai', 'Secukupnya minyak untuk menumis', 'Secukupnya nasi putih', '1 buah bawang bombay besar', '5 siung bawang putih', '3 sdt Gochujang', '3 sdt minyak wijen', '2 sdt Gochugaru (bubuk cabai)']","[{'text': 'Bersihkan semua bahan topping, kemudian potong sesuai selera. Sisihkan.', 'images': []}, {'text': 'Tumis semua bahan topping satu per satu dengan bawang bombay, bawang putih, dan juga tambahkan sedikit minyak wijen. Sisihkan. Sisakan', 'images': []}, {'text': 'Tumis bawang bombay dan bawang putih sampai harum.', 'images': []}, {'text': 'Masukkan gochujang, gochugaru dan minyak wijen secukupnya. Masukkan nasi putih, masak hingga bumbu merah tercampur rata semua. Koreksi rasa.', 'images': []}, {'text': 'Siapkan wadah untuk menata makanan. Tata nasi dipaling dasar, kemudian beri topping yang sudah ditumis diatasnya (bayam, wortel, jagung, kecambah kedelai).', 'images': []}, {'text': 'Jangan lupa taburkan biji wijen sangrai diatasnya. Untuk topping tambahan bisa menggunakan telur ceplok atau beef bulgogi sesuai selera. Selamat mencoba', 'images': []}]","Bersihkan semua bahan topping, kemudian potong sesuai selera. Sisihkan., Tumis semua bahan topping satu per satu dengan bawang bombay, bawang putih, dan juga tambahkan sedikit minyak wijen. Sisihkan. Sisakan, Tumis bawang bombay dan bawang putih sampai harum., Masukkan gochujang, gochugaru dan minyak wijen secukupnya. Masukkan nasi putih, masak hingga bumbu merah tercampur rata semua. Koreksi rasa., Siapkan wadah untuk menata makanan. Tata nasi dipaling dasar, kemudian beri topping yang sudah ditumis diatasnya (bayam, wortel, jagung, kecambah kedelai)., Jangan lupa taburkan biji wijen sangrai diatasnya. Untuk topping tambahan bisa menggunakan telur ceplok atau beef bulgogi sesuai selera. Selamat mencoba","bayam, wortel, bonggol jagung, kecambah besar kecambah kedelai, wijen, minyak, nasi putih, bawang bombay besar, bawang putih, gochujang, minyak wijen, gochugaru bubuk cabai","masakan korea Bibimbap Bahan bayam, wortel, bonggol jagung, kecambah besar kecambah kedelai, wijen, minyak, nasi putih, bawang bombay besar, bawang putih, gochujang, minyak wijen, gochugaru bubuk cabai Langkah-Langkah Bersihkan semua bahan topping, kemudian potong sesuai selera. Sisihkan., Tumis semua bahan topping satu per satu dengan bawang bombay, bawang putih, dan juga tambahkan sedikit minyak wijen. Sisihkan. Sisakan, Tumis bawang bombay dan bawang putih sampai harum., Masukkan gochujang, gochugaru dan minyak wijen secukupnya. Masukkan nasi putih, masak hingga bumbu merah tercampur rata semua. Koreksi rasa., Siapkan wadah untuk menata makanan. Tata nasi dipaling dasar, kemudian beri topping yang sudah ditumis diatasnya (bayam, wortel, jagung, kecambah kedelai)., Jangan lupa taburkan biji wijen sangrai diatasnya. Untuk topping tambahan bisa menggunakan telur ceplok atau beef bulgogi sesuai selera. Selamat mencoba"
resep-23971145,masakan tiongkok,https://cookpad.com/id/resep/23971145,Masakan China Mapo Doufu dengan potongan ati ayam mengunakan bahan Indonesia,https://img-global.cpcdn.com/recipes/b6810dd247df51d6/1200x630cq80/photo.jpg,"['2 Tahu ukuran sedang dipotong dadu', '2 ati ayam dipotong kecil-kecil', '2 siung bawang putih', '2 cm jahe dipotong cincang', '2 sdm saus sambel', '1 Sdm kecap inggris', '1 Sdm saus tiram', '1 sdt merica bubuk', '1 Sdm bubuk cabai', '2 batang daun bawang dipotong cincang', '150 ml air', '1/2 sdm Royco/masako', 'secukupnya Garam', '2 sdm minyak goreng']","[{'text': 'Rebus tahu dalam air mendidih selama sekitar 2-3 menit untuk menghangatkannya, lalu tiriskan dan sisihkan.', 'images': ['https://img-global.cpcdn.com/steps/d1315adb10f45139/400x400cq80/photo.jpg']}, {'text': 'Panaskan minyak goreng dalam wajan di atas api sedang. Tumis bawang putih dan jahe hingga harum.', 'images': ['https://img-global.cpcdn.com/steps/c3f25fcd8a96f686/400x400cq80/photo.jpg']}, {'text': 'Tambahkan ati ayam yang dipotong kecil-kecil ke dalam wajan dan masak hingga berubah warna.', 'images': ['https://img-global.cpcdn.com/steps/818ce75522057f4d/400x400cq80/photo.jpg']}, {'text': 'Masukkan saus sambel, kecap inggris, saus tiram, merica bubuk, dan bubuk cabai. Aduk rata dan masak selama 1-2 menit.', 'images': []}, {'text': 'Masukkan tahu yang telah direbus ke dalam wajan. Hati-hati saat mengaduk agar tahu tidak hancur. Tambahkan kaldu dan biarkan mendidih selama sekitar 5 menit.', 'images': ['https://img-global.cpcdn.com/steps/43915b04e44f5f8e/400x400cq80/photo.jpg']}, {'text': 'Cicipi dan tambahkan garam jika diperlukan. Jika ingin lebih pedas, bisa tambahkan lebih banyak bubuk cabai.', 'images': []}, {'text': 'Angkat dari kompor dan taburi dengan daun bawang cincang sebelum disajikan.', 'images': ['https://img-global.cpcdn.com/steps/d2ef706a019c417a/400x400cq80/photo.jpg']}]","Rebus tahu dalam air mendidih selama sekitar 2-3 menit untuk menghangatkannya, lalu tiriskan dan sisihkan., Panaskan minyak goreng dalam wajan di atas api sedang. Tumis bawang putih dan jahe hingga harum., Tambahkan ati ayam yang dipotong kecil-kecil ke dalam wajan dan masak hingga berubah warna., Masukkan saus sambel, kecap inggris, saus tiram, merica bubuk, dan bubuk cabai. Aduk rata dan masak selama 1-2 menit., Masukkan tahu yang telah direbus ke dalam wajan. Hati-hati saat mengaduk agar tahu tidak hancur. Tambahkan kaldu dan biarkan mendidih selama sekitar 5 menit., Cicipi dan tambahkan garam jika diperlukan. Jika ingin lebih pedas, bisa tambahkan lebih banyak bubuk cabai., Angkat dari kompor dan taburi dengan daun bawang cincang sebelum disajikan.","tahu dadu, ati ayam, bawang putih, jahe cincang, saus sambel, kecap inggris, saus tiram, merica bubuk, bubuk cabai, daun bawang cincang, air, roycomasako, garam, minyak goreng","masakan tiongkok Masakan China Mapo Doufu dengan potongan ati ayam mengunakan bahan Indonesia Bahan tahu dadu, ati ayam, bawang putih, jahe cincang, saus sambel, kecap inggris, saus tiram, merica bubuk, bubuk cabai, daun bawang cincang, air, roycomasako, garam, minyak goreng Langkah-Langkah Rebus tahu dalam air mendidih selama sekitar 2-3 menit untuk menghangatkannya, lalu tiriskan dan sisihkan., Panaskan minyak goreng dalam wajan di atas api sedang. Tumis bawang putih dan jahe hingga harum., Tambahkan ati ayam yang dipotong kecil-kecil ke dalam wajan dan masak hingga berubah warna., Masukkan saus sambel, kecap inggris, saus tiram, merica bubuk, dan bubuk cabai. Aduk rata dan masak selama 1-2 menit., Masukkan tahu yang telah direbus ke dalam wajan. Hati-hati saat mengaduk agar tahu tidak hancur. Tambahkan kaldu dan biarkan mendidih selama sekitar 5 menit., Cicipi dan tambahkan garam jika diperlukan. Jika ingin lebih pedas, bisa tambahkan lebih banyak bubuk cabai., Angkat dari kompor dan taburi dengan daun bawang cincang sebelum disajikan."
resep-23919435,masakan tiongkok,https://cookpad.com/id/resep/23919435,Sop Tahu Sawi ala masakan cina,https://img-global.cpcdn.com/recipes/5aca31c8e574240a/1200x630cq80/photo.jpg,"['1/2 bonggol sawi putih', '1 batang daun bawang', '2 buah tahu putih', '3 butir telur', '1 ruas jahe', '1 sendok minyak wijin', 'Sejumput ebi kering (krese)', 'Secukupnya garam', 'Secukupnya kaldu jamur', 'secukupnya Air']","[{'text': 'Ceplok telur diorak arik', 'images': []}, {'text': 'Masukan jahe dan daun bawang yg sudah diiris iris', 'images': []}, {'text': 'Masukan air sesuai selera', 'images': []}, {'text': 'Masukan irisan sawi dan tahu putih yg sudah dipotong kotak kotak', 'images': []}, {'text': 'Masukan garam, kaldu, minyak wijin, ebi kering', 'images': []}, {'text': 'Cicipi dan koreksi rasa', 'images': []}]","Ceplok telur diorak arik, Masukan jahe dan daun bawang yg sudah diiris iris, Masukan air sesuai selera, Masukan irisan sawi dan tahu putih yg sudah dipotong kotak kotak, Masukan garam, kaldu, minyak wijin, ebi kering, Cicipi dan koreksi rasa","bonggol sawi putih, daun bawang, tahu putih, telur, jahe, minyak wijin, ebi kering krese, garam, kaldu jamur, air","masakan tiongkok Sop Tahu Sawi ala masakan cina Bahan bonggol sawi putih, daun bawang, tahu putih, telur, jahe, minyak wijin, ebi kering krese, garam, kaldu jamur, air Langkah-Langkah Ceplok telur diorak arik, Masukan jahe dan daun bawang yg sudah diiris iris, Masukan air sesuai selera, Masukan irisan sawi dan tahu putih yg sudah dipotong kotak kotak, Masukan garam, kaldu, minyak wijin, ebi kering, Cicipi dan koreksi rasa"
resep-17219270,masakan tiongkok,https://cookpad.com/id/resep/17219270,Cumi cumi tumis cabe hijau masakan hongkong,https://img-global.cpcdn.com/recipes/06017060514a39c7/1200x630cq80/photo.jpg,"['2 ekor cumi-cumi (ukuran besar)', '3 buah cabe hijau', '1 siung bawang merah', '1 siung bawang putih', '3 lembar irisan jahe', 'sedikit gula', 'sesuai selera penyedap rasa', 'sesuai selera merica bubuk', 'secukupnya saos tiram']","[{'text': 'Cuci bersih cumi-cumi, kemudian potong sesuai selera', 'images': []}, {'text': 'Cuci bersih cabe hijaunya, buang bijinya kemudian potong-potong', 'images': []}, {'text': 'Panaskan wajan, kasih minyak sedikit, kemudian masukkan 3 lembar irisan jahe, oseng sampai wangi, lalu masukkan bawang merah dan bawang putih dioseng-oseng sampai wangi.', 'images': []}, {'text': 'Masukkan cumi-cumi yang sudah dipotong oseng sebentar.', 'images': []}, {'text': 'Masukkan cabe hijau,oseng sebentar', 'images': []}, {'text': 'Tanbahkan merica bubuk,sedikit gula, penyedap rasa, sos tiram, koreksi rasa dan sajikan', 'images': []}, {'text': 'Selamat mencoba', 'images': []}]","Cuci bersih cumi-cumi, kemudian potong sesuai selera, Cuci bersih cabe hijaunya, buang bijinya kemudian potong-potong, Panaskan wajan, kasih minyak sedikit, kemudian masukkan 3 lembar irisan jahe, oseng sampai wangi, lalu masukkan bawang merah dan bawang putih dioseng-oseng sampai wangi., Masukkan cumi-cumi yang sudah dipotong oseng sebentar., Masukkan cabe hijau,oseng sebentar, Tanbahkan merica bubuk,sedikit gula, penyedap rasa, sos tiram, koreksi rasa dan sajikan, Selamat mencoba","cumicumi, cabe hijau, bawang merah, bawang putih, irisan jahe, gula, rasa, merica bubuk, saos tiram","masakan tiongkok Cumi cumi tumis cabe hijau masakan hongkong Bahan cumicumi, cabe hijau, bawang merah, bawang putih, irisan jahe, gula, rasa, merica bubuk, saos tiram Langkah-Langkah Cuci bersih cumi-cumi, kemudian potong sesuai selera, Cuci bersih cabe hijaunya, buang bijinya kemudian potong-potong, Panaskan wajan, kasih minyak sedikit, kemudian masukkan 3 lembar irisan jahe, oseng sampai wangi, lalu masukkan bawang merah dan bawang putih dioseng-oseng sampai wangi., Masukkan cumi-cumi yang sudah dipotong oseng sebentar., Masukkan cabe hijau,oseng sebentar, Tanbahkan merica bubuk,sedikit gula, penyedap rasa, sos tiram, koreksi rasa dan sajikan, Selamat mencoba"
resep-17144127,masakan tiongkok,https://cookpad.com/id/resep/17144127,Nasi Tim Daging sapi mpasi diet masakan sehat bekalanak,https://img-global.cpcdn.com/recipes/0328cdf21456312f/1200x630cq80/photo.jpg,"['1/4 daging sapi giling', '2 bh jamur champignon/kancing (atau wortel parut jika tidak ada jamur atau jamur kuping)', '1/2 bawang bombai cincang /iris kecil-kecil', 'Daun bawang iris sedang', '2 bh bawang putih cincang', '1 lbr daun salam', '1 ruas jahe geprek', '1/2 sdt Minyak wijen', 'Kecap asin', 'Kecap manis', 'Saus tiram', 'Lada bubuk', 'Penyedap rasa (optional)', 'dikit Larutan maezena', 'Un salted butter/margarin/minyak buat menumis', '2 bh telur rebus']","[{'text': 'Panaskan unsalted butter dan Tumis baput hingga harum lalu masukan bombai cincang beserta daging giling, daun salam dan jahe. Tumis hingga harum', 'images': ['https://img-global.cpcdn.com/steps/33a845fa6107180a/400x400cq80/photo.jpg', 'https://img-global.cpcdn.com/steps/f5ae102e26cba8ae/400x400cq80/photo.jpg']}, {'text': 'Masukkan minyak wijen, saus tiram, kecap asin, kecap manis, penyedap rasa, lada, daun bawang serta irisan jamur. Aduk merata dan diamkan lalu beri air sedikit diamkan hingga daging empuk.', 'images': ['https://img-global.cpcdn.com/steps/2f2bb94d79eb1614/400x400cq80/photo.jpg', 'https://img-global.cpcdn.com/steps/2ab9146624016b97/400x400cq80/photo.jpg']}, {'text': 'Setelah matang beri larutan maezena aduk dan diamkan', 'images': ['https://img-global.cpcdn.com/steps/797d3df8c6812ffc/400x400cq80/photo.jpg']}, {'text': 'Telur rebus belah menjadi dua bagian. Siapkan mangkok/wadah tahan panas lalu tata telur dalam posisi telungkup, kemudian masukkan tumis daging cincang tersebut secukupnya, lalu masukkan nasi agak lembek dan tekan-tekan', 'images': []}, {'text': 'Siapkan dandang kukusan dan tunggu sampai air mendidih kemudian,Kukus nasi isi daging tersebut. Kukus kurleb 10 menit atau sesuai selera. Jika suka agak lembek atau buat MPASI kukus agak lama.', 'images': []}, {'text': 'Setelah matang angkat dan cetak dlm wadah lalu sajikan', 'images': ['https://img-global.cpcdn.com/steps/ed3d1cfeddf20b55/400x400cq80/photo.jpg', 'https://img-global.cpcdn.com/steps/737f0afcc69566ee/400x400cq80/photo.jpg']}]","Panaskan unsalted butter dan Tumis baput hingga harum lalu masukan bombai cincang beserta daging giling, daun salam dan jahe. Tumis hingga harum, Masukkan minyak wijen, saus tiram, kecap asin, kecap manis, penyedap rasa, lada, daun bawang serta irisan jamur. Aduk merata dan diamkan lalu beri air sedikit diamkan hingga daging empuk., Setelah matang beri larutan maezena aduk dan diamkan, Telur rebus belah menjadi dua bagian. Siapkan mangkok/wadah tahan panas lalu tata telur dalam posisi telungkup, kemudian masukkan tumis daging cincang tersebut secukupnya, lalu masukkan nasi agak lembek dan tekan-tekan, Siapkan dandang kukusan dan tunggu sampai air mendidih kemudian,Kukus nasi isi daging tersebut. Kukus kurleb 10 menit atau sesuai selera. Jika suka agak lembek atau buat MPASI kukus agak lama., Setelah matang angkat dan cetak dlm wadah lalu sajikan","daging sapi, jamur champignonkancing wortel, bawang bombai cincang iris, daun bawang iris seg, bawang putih cincang, daun salam, jahe, minyak wijen, kecap asin, kecap manis, saus tiram, lada bubuk, rasa, dikit larutan maezena, un salted buttermargarinminyak, telur rebus","masakan tiongkok Nasi Tim Daging sapi mpasi diet masakan sehat bekalanak Bahan daging sapi, jamur champignonkancing wortel, bawang bombai cincang iris, daun bawang iris seg, bawang putih cincang, daun salam, jahe, minyak wijen, kecap asin, kecap manis, saus tiram, lada bubuk, rasa, dikit larutan maezena, un salted buttermargarinminyak, telur rebus Langkah-Langkah Panaskan unsalted butter dan Tumis baput hingga harum lalu masukan bombai cincang beserta daging giling, daun salam dan jahe. Tumis hingga harum, Masukkan minyak wijen, saus tiram, kecap asin, kecap manis, penyedap rasa, lada, daun bawang serta irisan jamur. Aduk merata dan diamkan lalu beri air sedikit diamkan hingga daging empuk., Setelah matang beri larutan maezena aduk dan diamkan, Telur rebus belah menjadi dua bagian. Siapkan mangkok/wadah tahan panas lalu tata telur dalam posisi telungkup, kemudian masukkan tumis daging cincang tersebut secukupnya, lalu masukkan nasi agak lembek dan tekan-tekan, Siapkan dandang kukusan dan tunggu sampai air mendidih kemudian,Kukus nasi isi daging tersebut. Kukus kurleb 10 menit atau sesuai selera. Jika suka agak lembek atau buat MPASI kukus agak lama., Setelah matang angkat dan cetak dlm wadah lalu sajikan"
resep-16582380,masakan tiongkok,https://cookpad.com/id/resep/16582380,MAN NGAU CIN MASAKAN HONGKONG,https://img-global.cpcdn.com/recipes/219fad92e9bcdf43/1200x630cq80/photo.jpg,"['1 buah ngau cin (sengkel sapi)', '2 ruas jahe geprek', '3 butir bawang putih geprek', '2 sdm kecap asin', '4 sdm kecap hitam', '4 butir gula batu', '1 liter air', '1 sdt gula pasir']","[{'text': 'Potong daging sapi sengkel jadi 2', 'images': []}, {'text': 'Siap Kan panci masuk Kan semua bahan tunggu sampai mendidih setelah mendidih kecil Kan api pakai api sedang masak sampai 1 jam.', 'images': []}, {'text': 'Jika air sudah menyusut dan daging empuk angkat potong tipis sajikan', 'images': []}]","Potong daging sapi sengkel jadi 2, Siap Kan panci masuk Kan semua bahan tunggu sampai mendidih setelah mendidih kecil Kan api pakai api sedang masak sampai 1 jam., Jika air sudah menyusut dan daging empuk angkat potong tipis sajikan","ngau cin sengkel sapi, jahe, bawang putih, kecap asin, kecap hitam, gula batu, air, gula pasir","masakan tiongkok MAN NGAU CIN MASAKAN HONGKONG Bahan ngau cin sengkel sapi, jahe, bawang putih, kecap asin, kecap hitam, gula batu, air, gula pasir Langkah-Langkah Potong daging sapi sengkel jadi 2, Siap Kan panci masuk Kan semua bahan tunggu sampai mendidih setelah mendidih kecil Kan api pakai api sedang masak sampai 1 jam., Jika air sudah menyusut dan daging empuk angkat potong tipis sajikan"
resep-17250763,masakan thailand,https://cookpad.com/id/resep/17250763,Masakan Tom Yum Goong,https://img-global.cpcdn.com/recipes/ec0c48383a1ddbb6/1200x630cq80/photo.jpg,"['8 siung bawang merah', '6 siung bawang putih', '8 buah cabai kriting', 'secukupnya Terasi', '2 btng serai', '1 ruas Lengkuas iris', 'secukupnya Minyak', 'secukupnya Air', '2 btg serai geprek', 'secukupnya Lengkuas, iris', 'secukupnya Daun jeruk', 'secukupnya Daun ketumbar', '1/4 gr udang basah', 'secukupnya Jamur', 'secukupnya Tahu', 'secukupnya Tomat', 'secukupnya Mie basah', 'secukupnya Wortel', 'secukupnya Sawi putih', 'Sesuai selera kalian aja isiannya mau apa yaa.']","[{'text': 'Pisah udang dengan kulitnya. Buang kotoran dan cuci kering.', 'images': []}, {'text': 'Panaskan minyak kemudian masukkan kulit udang, tambahkan air, masak selama 10 menit.', 'images': []}, {'text': 'Tumis bumbu hingga wangi dan kering.', 'images': []}, {'text': 'Saring kaldu udang, kemudian masukkan serai, lengkuas, tomat, daun jeruk, jamur, dan bumbu halus. Aduk hingga merata.', 'images': []}, {'text': 'Tambahkan kecap, terasi, gula, garam, cabai, dan air oerasan jeruk nipis.', 'images': []}, {'text': 'Masukkan udang, mie basah, daun ketumbar, matikan api lalu tambahkan susu efaporasi jika perlu, aduk rata.', 'images': []}, {'text': 'Tom Yum siap disajikan', 'images': ['https://img-global.cpcdn.com/steps/f7816d8c07d41dff/400x400cq80/photo.jpg']}]","Pisah udang dengan kulitnya. Buang kotoran dan cuci kering., Panaskan minyak kemudian masukkan kulit udang, tambahkan air, masak selama 10 menit., Tumis bumbu hingga wangi dan kering., Saring kaldu udang, kemudian masukkan serai, lengkuas, tomat, daun jeruk, jamur, dan bumbu halus. Aduk hingga merata., Tambahkan kecap, terasi, gula, garam, cabai, dan air oerasan jeruk nipis., Masukkan udang, mie basah, daun ketumbar, matikan api lalu tambahkan susu efaporasi jika perlu, aduk rata., Tom Yum siap disajikan","bawang merah, bawang putih, cabai kriting, terasi, btng serai, lengkuas iris, minyak, air, serai, lengkuas iris, daun jeruk, daun ketumbar, ug basah, jamur, tahu, tomat, mie basah, wortel, sawi putih","masakan thailand Masakan Tom Yum Goong Bahan bawang merah, bawang putih, cabai kriting, terasi, btng serai, lengkuas iris, minyak, air, serai, lengkuas iris, daun jeruk, daun ketumbar, ug basah, jamur, tahu, tomat, mie basah, wortel, sawi putih Langkah-Langkah Pisah udang dengan kulitnya. Buang kotoran dan cuci kering., Panaskan minyak kemudian masukkan kulit udang, tambahkan air, masak selama 10 menit., Tumis bumbu hingga wangi dan kering., Saring kaldu udang, kemudian masukkan serai, lengkuas, tomat, daun jeruk, jamur, dan bumbu halus. Aduk hingga merata., Tambahkan kecap, terasi, gula, garam, cabai, dan air oerasan jeruk nipis., Masukkan udang, mie basah, daun ketumbar, matikan api lalu tambahkan susu efaporasi jika perlu, aduk rata., Tom Yum siap disajikan"
resep-13795398,masakan thailand,https://cookpad.com/id/resep/13795398,Pad Gaprao masakan Thai ala Tiger Kitchen,https://img-global.cpcdn.com/recipes/eb13e7971f2fd60d/1200x630cq80/photo.jpg,"['250 gr daging ayam giling', 'segenggam daun kemangi', '3-4 cabe kriting merah', '1/3 bawang bombay', '1 sdm saus tiram', '1 sdm kecap ikan', '1 sdm dark soy sauce', '1 sdm kecap asin/ soy sauce', 'secukupnya kaldu blok, gula pasir']","[{'text': 'Tumis bawang bombay dan cabe kriting sampai wangi, kemudian masukkan daging ayam. Aduk sampai berubah warnanya jadi putih.', 'images': []}, {'text': 'Tuangkan semua sausnya (saya masukkan ke mangkok dan tambah sedikit air utk melarutkan gula).', 'images': []}, {'text': 'Terakhir masukkan daun kemangi. Tes rasa.', 'images': []}, {'text': 'Sajikan dengan side dish telur ceplok 1/2 matang.', 'images': []}]","Tumis bawang bombay dan cabe kriting sampai wangi, kemudian masukkan daging ayam. Aduk sampai berubah warnanya jadi putih., Tuangkan semua sausnya (saya masukkan ke mangkok dan tambah sedikit air utk melarutkan gula)., Terakhir masukkan daun kemangi. Tes rasa., Sajikan dengan side dish telur ceplok 1/2 matang.","daging ayam, daun kemangi, cabe kriting merah, bawang bombay, saus tiram, kecap ikan, dark soy sauce, kecap asin soy sauce, kaldu blok gula pasir","masakan thailand Pad Gaprao masakan Thai ala Tiger Kitchen Bahan daging ayam, daun kemangi, cabe kriting merah, bawang bombay, saus tiram, kecap ikan, dark soy sauce, kecap asin soy sauce, kaldu blok gula pasir Langkah-Langkah Tumis bawang bombay dan cabe kriting sampai wangi, kemudian masukkan daging ayam. Aduk sampai berubah warnanya jadi putih., Tuangkan semua sausnya (saya masukkan ke mangkok dan tambah sedikit air utk melarutkan gula)., Terakhir masukkan daun kemangi. Tes rasa., Sajikan dengan side dish telur ceplok 1/2 matang."
resep-9491662,masakan thailand,https://cookpad.com/id/resep/9491662,Ayam Cincang Masakan Thailand,https://img-global.cpcdn.com/recipes/a13865b4933536f6/1200x630cq80/photo.jpg,"['400 gr ayam cincang/ fillet ayam dicincang', '1 bawang bombay, iris kecil&quot;', '3 siung bawang putih, geprek lalu dicincang', '9 rawit merah. Klo gak suka pedas bisa pakai cabe merah secukup', 'Garam', '1 sdt lada hitam', '2 sdm/lebih kecap manis', '4 sdm kecap asin', '2 ikat daun kemangi', '2 sdm margarin/ minyak wijen']","[{'text': 'Siapkan ayam dan bumbu.', 'images': ['https://img-global.cpcdn.com/steps/5edb80daab77329f/400x400cq80/photo.jpg']}, {'text': 'Panaskan margarin. Tumis bawang putih sampai kuning kecoklatan. Masukkan bawang bombay. Masak sampai bombay agak layu. Masukkan potongan cabe. Aduk""', 'images': ['https://img-global.cpcdn.com/steps/3d94e15efee6856a/400x400cq80/photo.jpg', 'https://img-global.cpcdn.com/steps/94b34bc26065b821/400x400cq80/photo.jpg']}, {'text': 'Kemudian masukkan ayam cincang. Masak sampai daging ayamnya berwarna putih. Aduk sesekali. Tambahkan garam, lada hitam lalu aduk rata. Kemudian tuangkan kecap manis dan asin. Tes rasanya.', 'images': ['https://img-global.cpcdn.com/steps/04631b2ac065cd71/400x400cq80/photo.jpg', 'https://img-global.cpcdn.com/steps/541cef49e7faa72c/400x400cq80/photo.jpg']}, {'text': 'Setelah daging ayam matang, baru masukkan daun kemangi. Saya iris kasar kemanginya biar lebih wangi. Masak sebentar saja. Kalau suka, bisa tambah air sedikit. Kalau saya suka yg kering. Setelah pas rasanya, angkat dan sajikan.', 'images': ['https://img-global.cpcdn.com/steps/e590120b222bda66/400x400cq80/photo.jpg', 'https://img-global.cpcdn.com/steps/ce4fea0f3a66381b/400x400cq80/photo.jpg']}, {'text': 'Masakan ini disantap dengan nasi putih dan telur ceplok setengah matang. Saya menyantapnya dengan kentang panggang. Resep kentang ada di resep saya yg berikutnya ya', 'images': []}]","Siapkan ayam dan bumbu., Panaskan margarin. Tumis bawang putih sampai kuning kecoklatan. Masukkan bawang bombay. Masak sampai bombay agak layu. Masukkan potongan cabe. Aduk"", Kemudian masukkan ayam cincang. Masak sampai daging ayamnya berwarna putih. Aduk sesekali. Tambahkan garam, lada hitam lalu aduk rata. Kemudian tuangkan kecap manis dan asin. Tes rasanya., Setelah daging ayam matang, baru masukkan daun kemangi. Saya iris kasar kemanginya biar lebih wangi. Masak sebentar saja. Kalau suka, bisa tambah air sedikit. Kalau saya suka yg kering. Setelah pas rasanya, angkat dan sajikan., Masakan ini disantap dengan nasi putih dan telur ceplok setengah matang. Saya menyantapnya dengan kentang panggang. Resep kentang ada di resep saya yg berikutnya ya","ayam cincang fillet, bawang bombay, bawang putih, rawit merah, garam, lada hitam, sdmlebih kecap manis, kecap asin, daun kemangi, margarin minyak wijen","masakan thailand Ayam Cincang Masakan Thailand Bahan ayam cincang fillet, bawang bombay, bawang putih, rawit merah, garam, lada hitam, sdmlebih kecap manis, kecap asin, daun kemangi, margarin minyak wijen Langkah-Langkah Siapkan ayam dan bumbu., Panaskan margarin. Tumis bawang putih sampai kuning kecoklatan. Masukkan bawang bombay. Masak sampai bombay agak layu. Masukkan potongan cabe. Aduk"", Kemudian masukkan ayam cincang. Masak sampai daging ayamnya berwarna putih. Aduk sesekali. Tambahkan garam, lada hitam lalu aduk rata. Kemudian tuangkan kecap manis dan asin. Tes rasanya., Setelah daging ayam matang, baru masukkan daun kemangi. Saya iris kasar kemanginya biar lebih wangi. Masak sebentar saja. Kalau suka, bisa tambah air sedikit. Kalau saya suka yg kering. Setelah pas rasanya, angkat dan sajikan., Masakan ini disantap dengan nasi putih dan telur ceplok setengah matang. Saya menyantapnya dengan kentang panggang. Resep kentang ada di resep saya yg berikutnya ya"
resep-3182967,masakan thailand,https://cookpad.com/id/resep/3182967,Tom Yum ala ala kuah merah pr masakan merahputih,https://img-global.cpcdn.com/recipes/b0c9d1fb759625e9/1200x630cq80/photo.jpg,"['250 gram fishball (saya beli curah d ramayana)', '250 gram cumi', '250 gram udang', '4 buah tahu seafood', '2 bonggol pokcoy', '2 batang besar daun bawang', '3 siung bawang putih', '8 siung bawang merah', '8 buah cabe merah besar', '15 buah cabe merah keriting', '5 buah rawit merah', '2 ruas lengkuas', '3 buah belimbing wuluh', '1 buah tomat', '2 buah jeruk nipis utk perasaan', 'Sckupnya minyak utk menumis', '2 lt air', 'Sckupnya gula, garam, penyedap']","[{'text': 'Haluskan smua bumbu d atas, kecuali lengkuas dan jahe yg di iris', 'images': []}, {'text': 'Cuci bersih smua bahan isian', 'images': []}, {'text': 'Tumis bumbu halus hingga berubah tua, msukan belimbing wuluh yg di iris', 'images': []}, {'text': 'Masukan air tunggu hingga mendidih', 'images': []}, {'text': 'Olah kuah tomyam hingga sedap, lalu msukan smua fishball, tunggu hingga matang. Cumi dan udang d masukan terakhir.', 'images': []}, {'text': 'Koreksi rasa..', 'images': []}, {'text': 'Rebus pokcoy d air panas biasa, tuangkan ketika ingin di santap, bersama perasan jeruk nipis dan daun bawang.', 'images': []}]","Haluskan smua bumbu d atas, kecuali lengkuas dan jahe yg di iris, Cuci bersih smua bahan isian, Tumis bumbu halus hingga berubah tua, msukan belimbing wuluh yg di iris, Masukan air tunggu hingga mendidih, Olah kuah tomyam hingga sedap, lalu msukan smua fishball, tunggu hingga matang. Cumi dan udang d masukan terakhir., Koreksi rasa.., Rebus pokcoy d air panas biasa, tuangkan ketika ingin di santap, bersama perasan jeruk nipis dan daun bawang.","fishball, cumi, tahu seafood, bonggol pokcoy, besar daun bawang, bawang putih, bawang merah, cabe merah besar, cabe merah keriting, rawit merah, lengkuas, belimbing wuluh, tomat, jeruk nipis, minyak, lt air, gula garam","masakan thailand Tom Yum ala ala kuah merah pr masakan merahputih Bahan fishball, cumi, tahu seafood, bonggol pokcoy, besar daun bawang, bawang putih, bawang merah, cabe merah besar, cabe merah keriting, rawit merah, lengkuas, belimbing wuluh, tomat, jeruk nipis, minyak, lt air, gula garam Langkah-Langkah Haluskan smua bumbu d atas, kecuali lengkuas dan jahe yg di iris, Cuci bersih smua bahan isian, Tumis bumbu halus hingga berubah tua, msukan belimbing wuluh yg di iris, Masukan air tunggu hingga mendidih, Olah kuah tomyam hingga sedap, lalu msukan smua fishball, tunggu hingga matang. Cumi dan udang d masukan terakhir., Koreksi rasa.., Rebus pokcoy d air panas biasa, tuangkan ketika ingin di santap, bersama perasan jeruk nipis dan daun bawang."
resep-1036365,masakan thailand,https://cookpad.com/id/resep/1036365,Tomyam sederhana Resep masakan ala anak kost,https://img-global.cpcdn.com/recipes/653ea99ef67be4b1/1200x630cq80/photo.jpg,"['bakso salmon', 'Bakso Tuna', 'sesuai selera Cabe rawit', '4 buah cabe merah', 'Sereh', 'lada', 'ketumbar', '1 ruas jari jahe', '4 siung bawang merah', '3 siung bawang putih', 'gula', 'garam', 'minyak sayur']","[{'text': 'Bersihkan isi cabe merah, bagi menjadi dua. (untukbumbu halus dan buat hiasan', 'images': []}, {'text': 'Haluskan bumbu (bawang merah, bawang putih, cabe merah, ketumbar, jahe)', 'images': []}, {'text': 'Panaskan minyak, tunggu sampai panas', 'images': []}, {'text': 'Masukan bumbu halus, tunggu sampai wangi', 'images': []}, {'text': 'Tuangkan air, masukan bakso salmon dan bakso tuna', 'images': []}, {'text': 'Masukan sereh yang sudah dimemarkan', 'images': []}, {'text': 'Tunggu sampai mendidih', 'images': []}, {'text': 'Tuangkan kedalam wadah, hiasi dengan cabe merah', 'images': []}, {'text': 'Tomyam sederhana siapa disajikan', 'images': []}]","Bersihkan isi cabe merah, bagi menjadi dua. (untukbumbu halus dan buat hiasan, Haluskan bumbu (bawang merah, bawang putih, cabe merah, ketumbar, jahe), Panaskan minyak, tunggu sampai panas, Masukan bumbu halus, tunggu sampai wangi, Tuangkan air, masukan bakso salmon dan bakso tuna, Masukan sereh yang sudah dimemarkan, Tunggu sampai mendidih, Tuangkan kedalam wadah, hiasi dengan cabe merah, Tomyam sederhana siapa disajikan","bakso salmon, bakso tuna, cabe rawit, cabe merah, sereh, lada, ketumbar, jari jahe, bawang merah, bawang putih, gula, garam, minyak sayur","masakan thailand Tomyam sederhana Resep masakan ala anak kost Bahan bakso salmon, bakso tuna, cabe rawit, cabe merah, sereh, lada, ketumbar, jari jahe, bawang merah, bawang putih, gula, garam, minyak sayur Langkah-Langkah Bersihkan isi cabe merah, bagi menjadi dua. (untukbumbu halus dan buat hiasan, Haluskan bumbu (bawang merah, bawang putih, cabe merah, ketumbar, jahe), Panaskan minyak, tunggu sampai panas, Masukan bumbu halus, tunggu sampai wangi, Tuangkan air, masukan bakso salmon dan bakso tuna, Masukan sereh yang sudah dimemarkan, Tunggu sampai mendidih, Tuangkan kedalam wadah, hiasi dengan cabe merah, Tomyam sederhana siapa disajikan"
resep-15327008,masakan timur tengah,https://cookpad.com/id/resep/15327008,Sayur marak masakan Arab,https://img-global.cpcdn.com/recipes/85f04a93e667d2a7/1200x630cq80/photo.jpg,"['1 kilo daging kambing (hanya untuk daging kambing)', '1/2 kilo tulang kambing', '10-15 butir kapolaga arab', 'Kunyit 2 sebesar jari telunjuk', 'secukupnya Jahe', '2 sendok teh Lada bubuk', '1 SM Ketumbar halus', '10 biji Cengkeh', 'Biji pala setengah butir', '4 butir Kemiri', '1 Sendok teh Jinten', 'Kayu manis 2 batang seukuran jari tengah', '10 butir bawang merah', '6 butir bawang putih', 'Daun seledri', 'Tomat buah iris']","[{'text': 'Rebus daging kambing dan tulang nya kurang lebih 45 menit di tutup', 'images': []}, {'text': 'Matikan dan buah air rebusan...kemudian rebus kembali sampai mendidih', 'images': ['https://img-global.cpcdn.com/steps/0a9d701085fc1d86/400x400cq80/photo.jpg']}, {'text': 'Haluskan bumbu kecuali daun seledri dan tomat', 'images': ['https://img-global.cpcdn.com/steps/308e55bf9abbcc69/400x400cq80/photo.jpg']}, {'text': 'Tumis bumbu dengan api kecil,sampai matang kemudian masukan ke dalam rebusan daging...tutup hingga daging empuk dan bumbu meresap ke daging', 'images': ['https://img-global.cpcdn.com/steps/a853c0c8ea3c317f/400x400cq80/photo.jpg']}, {'text': 'Setelah matang matikan kompor masukan irisan tomat dan daun seledri', 'images': []}, {'text': 'Sayur marak siap di hidangkan...', 'images': ['https://img-global.cpcdn.com/steps/34e130ee9b94e93d/400x400cq80/photo.jpg']}]","Rebus daging kambing dan tulang nya kurang lebih 45 menit di tutup, Matikan dan buah air rebusan...kemudian rebus kembali sampai mendidih, Haluskan bumbu kecuali daun seledri dan tomat, Tumis bumbu dengan api kecil,sampai matang kemudian masukan ke dalam rebusan daging...tutup hingga daging empuk dan bumbu meresap ke daging, Setelah matang matikan kompor masukan irisan tomat dan daun seledri, Sayur marak siap di hidangkan...","daging kambing, tulang kambing, kapolaga arab, kunyit sebesar jari telunjuk, jahe, teh lada bubuk, sm ketumbar, biji cengkeh, biji pala setengah, kemiri, teh jinten, kayu manis seukuran jari tengah, bawang merah, bawang putih, daun seledri, tomat iris","masakan timur tengah Sayur marak masakan Arab Bahan daging kambing, tulang kambing, kapolaga arab, kunyit sebesar jari telunjuk, jahe, teh lada bubuk, sm ketumbar, biji cengkeh, biji pala setengah, kemiri, teh jinten, kayu manis seukuran jari tengah, bawang merah, bawang putih, daun seledri, tomat iris Langkah-Langkah Rebus daging kambing dan tulang nya kurang lebih 45 menit di tutup, Matikan dan buah air rebusan...kemudian rebus kembali sampai mendidih, Haluskan bumbu kecuali daun seledri dan tomat, Tumis bumbu dengan api kecil,sampai matang kemudian masukan ke dalam rebusan daging...tutup hingga daging empuk dan bumbu meresap ke daging, Setelah matang matikan kompor masukan irisan tomat dan daun seledri, Sayur marak siap di hidangkan..."
resep-13377907,masakan timur tengah,https://cookpad.com/id/resep/13377907,Gawarma daging masakan daging simple tapi enak masakan arab,https://img-global.cpcdn.com/recipes/81f34bb7d5f5f6f6/1200x630cq80/photo.jpg,"['1/4 daging', '8 siung bawang putih', '1 sdt jintan', '1/2 sdt lada', '1 liter air', '2 sdm mertega', 'Secukupnya garam']","[{'text': 'Cuci bersih daging, potong dadu, sisihkan.', 'images': []}, {'text': 'Haluskan bawang putih, jintan, dan lada. Tumis hingga matang.', 'images': []}, {'text': 'Tambahkan air ±1 liter, didihkan.', 'images': []}, {'text': 'Jika sudah mendidih, masukkan daging yg sudah dipotong dadu. Kecilkan api, tunggu sampai air habis dan daging empuk. Tambahkan garam, campur rata.', 'images': []}, {'text': 'Matikan api, tambahkan mentega, campur rata. Siap dihidangkan.', 'images': []}]","Cuci bersih daging, potong dadu, sisihkan., Haluskan bawang putih, jintan, dan lada. Tumis hingga matang., Tambahkan air ±1 liter, didihkan., Jika sudah mendidih, masukkan daging yg sudah dipotong dadu. Kecilkan api, tunggu sampai air habis dan daging empuk. Tambahkan garam, campur rata., Matikan api, tambahkan mentega, campur rata. Siap dihidangkan.","daging, bawang putih, jintan, lada, air, mertega, garam","masakan timur tengah Gawarma daging masakan daging simple tapi enak masakan arab Bahan daging, bawang putih, jintan, lada, air, mertega, garam Langkah-Langkah Cuci bersih daging, potong dadu, sisihkan., Haluskan bawang putih, jintan, dan lada. Tumis hingga matang., Tambahkan air ±1 liter, didihkan., Jika sudah mendidih, masukkan daging yg sudah dipotong dadu. Kecilkan api, tunggu sampai air habis dan daging empuk. Tambahkan garam, campur rata., Matikan api, tambahkan mentega, campur rata. Siap dihidangkan."
resep-13345262,masakan timur tengah,https://cookpad.com/id/resep/13345262,Biber Dolmas Paprika isi nasi Masakan Turki,https://img-global.cpcdn.com/recipes/82e00ed8e3cdd687/1200x630cq80/photo.jpg,"['± 1 kg paprika', '2 1/2 gelas (uk. 200ml) beras, cuci bersih', '5 siung bawang bombai', '2 siung bawang putih', '3 buah tomat, blender', '3 buah tomat potong sebesar koin', '1 1/2 sdm pasta tomat', '2 sdm garam', '1 sdm merica bubuk', '1 sdm daun mint kering', '7 sdm minyak goreng']","[{'text': 'Keluarkan biji paprika, lalu cuci bersih', 'images': ['https://img-global.cpcdn.com/steps/bd6d8ec7f1f30223/400x400cq80/photo.jpg']}, {'text': 'Cuci bersih beras, lalu tiriskan', 'images': ['https://img-global.cpcdn.com/steps/afc43c4d25e3853c/400x400cq80/photo.jpg']}, {'text': 'Haluskan bawang bombai dan bawang putih dengan chopper. Boleh cincang kasar. Tumis dengan minyak goreng hingga layu', 'images': ['https://img-global.cpcdn.com/steps/8ec788cffb13b548/400x400cq80/photo.jpg']}, {'text': 'Tuang tomat yang diblender, pasta tomat, garam, merica bubuk, daun mint, dan beras. Masak sebentar, sisihkan.', 'images': ['https://img-global.cpcdn.com/steps/db3d165776766151/400x400cq80/photo.jpg']}, {'text': 'Tuang beras dan rempah yang sudah ditumis kedalam paprika. Lakukan sampai paprika habis. Tutup bagian atas paprika dengan tomat yang dipotong sebesar koin. Lalu tata diatas panci dan beri sedikit air, sekitar 1/4 bagian panci. Masak sampai paprika empuk dan nasinya matang. Sesekali cek', 'images': ['https://img-global.cpcdn.com/steps/36c7cb33a7f34448/400x400cq80/photo.jpg']}, {'text': 'Afiyet olsun ', 'images': ['https://img-global.cpcdn.com/steps/2a04181bd22e2b31/400x400cq80/photo.jpg']}]","Keluarkan biji paprika, lalu cuci bersih, Cuci bersih beras, lalu tiriskan, Haluskan bawang bombai dan bawang putih dengan chopper. Boleh cincang kasar. Tumis dengan minyak goreng hingga layu, Tuang tomat yang diblender, pasta tomat, garam, merica bubuk, daun mint, dan beras. Masak sebentar, sisihkan., Tuang beras dan rempah yang sudah ditumis kedalam paprika. Lakukan sampai paprika habis. Tutup bagian atas paprika dengan tomat yang dipotong sebesar koin. Lalu tata diatas panci dan beri sedikit air, sekitar 1/4 bagian panci. Masak sampai paprika empuk dan nasinya matang. Sesekali cek, Afiyet olsun","paprika, uk beras, bawang bombai, bawang putih, tomat blender, tomat sebesar koin, pasta tomat, garam, merica bubuk, daun mint kering, minyak goreng","masakan timur tengah Biber Dolmas Paprika isi nasi Masakan Turki Bahan paprika, uk beras, bawang bombai, bawang putih, tomat blender, tomat sebesar koin, pasta tomat, garam, merica bubuk, daun mint kering, minyak goreng Langkah-Langkah Keluarkan biji paprika, lalu cuci bersih, Cuci bersih beras, lalu tiriskan, Haluskan bawang bombai dan bawang putih dengan chopper. Boleh cincang kasar. Tumis dengan minyak goreng hingga layu, Tuang tomat yang diblender, pasta tomat, garam, merica bubuk, daun mint, dan beras. Masak sebentar, sisihkan., Tuang beras dan rempah yang sudah ditumis kedalam paprika. Lakukan sampai paprika habis. Tutup bagian atas paprika dengan tomat yang dipotong sebesar koin. Lalu tata diatas panci dan beri sedikit air, sekitar 1/4 bagian panci. Masak sampai paprika empuk dan nasinya matang. Sesekali cek, Afiyet olsun"
resep-13307439,masakan timur tengah,https://cookpad.com/id/resep/13307439,Nasi bulgur Domates soslu bulgur pilav Masakan Turki,https://img-global.cpcdn.com/recipes/dd38b1f66ab58a2a/1200x630cq80/photo.jpg,"['5 sdm minyak goreng', '2 gelas (gelas uk. 200ml) beras bulgur. Cuci bersih', '1 buah bawang bombai besar. Potong dadu', '2 buah cabai hijau besar (tidak pedas) cincang kasar', '1 buah tomat besar. Potong dadu', '1 sdt pasta tomat', '1 1/2 sdm garam', '4 gelas Air panas']","[{'text': 'Tuang minyak goreng. Setelah panas, masukkan bawang bombai', 'images': ['https://img-global.cpcdn.com/steps/eb0988cc9bb609ec/400x400cq80/photo.jpg', 'https://img-global.cpcdn.com/steps/1a4c6420cff4c5de/400x400cq80/photo.jpg']}, {'text': 'Tumis bawang hingga layu dan harum. Masukkan cabai, tumis lagi. Lalu masukkan potongan tomat', 'images': ['https://img-global.cpcdn.com/steps/b3011751ae65f241/400x400cq80/photo.jpg', 'https://img-global.cpcdn.com/steps/81c82e654ee8b687/400x400cq80/photo.jpg']}, {'text': 'Tumis hingga layu. Masukkan pasta tomat. Aduk sebentar, masukkan beras bulgur, Lalu tuang air panas', 'images': ['https://img-global.cpcdn.com/steps/3467078d8d390848/400x400cq80/photo.jpg', 'https://img-global.cpcdn.com/steps/4f684a80d0c47296/400x400cq80/photo.jpg']}, {'text': 'Masukkan garam. Masak selama 10 menit. Setelah itu matikan kompor Dan diamkan lagi selama 10 menit agar air menyusut', 'images': ['https://img-global.cpcdn.com/steps/d6aec959a4a581e9/400x400cq80/photo.jpg']}, {'text': 'Sambil menunggu boleh siapkan pendamping nasi bulgur. Kali ini kami makan pakai nugget yang dipanggang', 'images': ['https://img-global.cpcdn.com/steps/62579110da29f0b2/400x400cq80/photo.jpg']}, {'text': 'Afiyet olsun ', 'images': ['https://img-global.cpcdn.com/steps/8b68547963c85d98/400x400cq80/photo.jpg']}, {'text': 'Makan dengan Nugget juga enak ', 'images': ['https://img-global.cpcdn.com/steps/13e0d9186e1bc6be/400x400cq80/photo.jpg']}]","Tuang minyak goreng. Setelah panas, masukkan bawang bombai, Tumis bawang hingga layu dan harum. Masukkan cabai, tumis lagi. Lalu masukkan potongan tomat, Tumis hingga layu. Masukkan pasta tomat. Aduk sebentar, masukkan beras bulgur, Lalu tuang air panas, Masukkan garam. Masak selama 10 menit. Setelah itu matikan kompor Dan diamkan lagi selama 10 menit agar air menyusut, Sambil menunggu boleh siapkan pendamping nasi bulgur. Kali ini kami makan pakai nugget yang dipanggang, Afiyet olsun, Makan dengan Nugget juga enak","minyak goreng, uk beras bulgur, bawang bombai, cabai hijau besar, tomat, pasta tomat, garam, air panas","masakan timur tengah Nasi bulgur Domates soslu bulgur pilav Masakan Turki Bahan minyak goreng, uk beras bulgur, bawang bombai, cabai hijau besar, tomat, pasta tomat, garam, air panas Langkah-Langkah Tuang minyak goreng. Setelah panas, masukkan bawang bombai, Tumis bawang hingga layu dan harum. Masukkan cabai, tumis lagi. Lalu masukkan potongan tomat, Tumis hingga layu. Masukkan pasta tomat. Aduk sebentar, masukkan beras bulgur, Lalu tuang air panas, Masukkan garam. Masak selama 10 menit. Setelah itu matikan kompor Dan diamkan lagi selama 10 menit agar air menyusut, Sambil menunggu boleh siapkan pendamping nasi bulgur. Kali ini kami makan pakai nugget yang dipanggang, Afiyet olsun, Makan dengan Nugget juga enak"
resep-13298461,masakan timur tengah,https://cookpad.com/id/resep/13298461,Nasi Ayam Favorit F r nda Tavuk Kapama Masakan Turki,https://img-global.cpcdn.com/recipes/81c37b5d00732627/1200x630cq80/photo.jpg,"['3 gelas Beras (gelas uk. 300ml) cuci bersih', '± 1kg Ayam rebus hingga matang, sisihkan air kaldunya', '1 sdt Daun Timi / Oregano', '2 sdm Garam', '1 sdm Merica bubuk', '5 siung Bawang bombai, potong dadu/cincang kasar', '1 sdm Cabai kering giling']","[{'text': 'Siapkan bahan', 'images': ['https://img-global.cpcdn.com/steps/fb3c97b3bca5d3ac/400x400cq80/photo.jpg']}, {'text': 'Tuang beras ke loyang/ panci rice cooker', 'images': ['https://img-global.cpcdn.com/steps/036a85155730dbef/400x400cq80/photo.jpg']}, {'text': 'Masukkan bawang bombai', 'images': ['https://img-global.cpcdn.com/steps/078b6f14fd166e38/400x400cq80/photo.jpg']}, {'text': 'Tuang garam', 'images': ['https://img-global.cpcdn.com/steps/5c73b3bde491ce9c/400x400cq80/photo.jpg']}, {'text': 'Tuang merica bubuk', 'images': ['https://img-global.cpcdn.com/steps/63c34b51fae49da9/400x400cq80/photo.jpg']}, {'text': 'Tuang cabai kering bubuk', 'images': ['https://img-global.cpcdn.com/steps/aa7a290436ccb92a/400x400cq80/photo.jpg']}, {'text': 'Tuang daun timi/oregano.', 'images': ['https://img-global.cpcdn.com/steps/f43708bda9afa3c8/400x400cq80/photo.jpg']}, {'text': 'Cuci tangan dan aduk hingga rata. Boleh tambah saos tomat', 'images': ['https://img-global.cpcdn.com/steps/540a62c0322d40a1/400x400cq80/photo.jpg']}, {'text': 'Tata ayam diatas beras', 'images': ['https://img-global.cpcdn.com/steps/746f187cf46a5340/400x400cq80/photo.jpg']}, {'text': 'Tuang 5 gelas (gelas uk. 300ml) air kaldu ayam.', 'images': ['https://img-global.cpcdn.com/steps/e89d66dda089c367/400x400cq80/photo.jpg']}, {'text': 'Panggang di oven dengan suhu 220° C selama 30 menit dengan api atas bawah atau boleh masak pakai rice cooker sampai matang', 'images': ['https://img-global.cpcdn.com/steps/404e6444bd7ab07f/400x400cq80/photo.jpg']}, {'text': 'Super wangi loh', 'images': ['https://img-global.cpcdn.com/steps/9dd1ee2dda53bc95/400x400cq80/photo.jpg']}, {'text': 'Afiyet olsun ', 'images': ['https://img-global.cpcdn.com/steps/7a4d69e6420009aa/400x400cq80/photo.jpg']}]","Siapkan bahan, Tuang beras ke loyang/ panci rice cooker, Masukkan bawang bombai, Tuang garam, Tuang merica bubuk, Tuang cabai kering bubuk, Tuang daun timi/oregano., Cuci tangan dan aduk hingga rata. Boleh tambah saos tomat, Tata ayam diatas beras, Tuang 5 gelas (gelas uk. 300ml) air kaldu ayam., Panggang di oven dengan suhu 220° C selama 30 menit dengan api atas bawah atau boleh masak pakai rice cooker sampai matang, Super wangi loh, Afiyet olsun","beras uk, ayam rebus air kaldunya, daun timi oregano, garam, merica bubuk, bawang bombai, cabai kering","masakan timur tengah Nasi Ayam Favorit F r nda Tavuk Kapama Masakan Turki Bahan beras uk, ayam rebus air kaldunya, daun timi oregano, garam, merica bubuk, bawang bombai, cabai kering Langkah-Langkah Siapkan bahan, Tuang beras ke loyang/ panci rice cooker, Masukkan bawang bombai, Tuang garam, Tuang merica bubuk, Tuang cabai kering bubuk, Tuang daun timi/oregano., Cuci tangan dan aduk hingga rata. Boleh tambah saos tomat, Tata ayam diatas beras, Tuang 5 gelas (gelas uk. 300ml) air kaldu ayam., Panggang di oven dengan suhu 220° C selama 30 menit dengan api atas bawah atau boleh masak pakai rice cooker sampai matang, Super wangi loh, Afiyet olsun"
resep-24931017,mpasi bulan,https://cookpad.com/id/resep/24931017,Bubur Ayam Sawi Hijau Menu MPASI Start m,https://img-global.cpcdn.com/recipes/c66a63c3f8591ae5/1200x630cq80/photo.jpg,"['3 sdm Nasi Putih', '50 gr Ayam Giling', '10 gr Tahu Putih', '10 gr Sawi Hijau', '1 siung Baput dan Bamer, iris tipis', '200 ml Air', '1 Sdm Minyak Ayam untuk Menumis']","[{'text': 'Siapkan Bahan Bahan, lalu tumis baput dan bamer sampai wangi', 'images': ['https://img-global.cpcdn.com/steps/6c356fb64f80d03a/400x400cq80/photo.jpg', 'https://img-global.cpcdn.com/steps/b720aeb7174b10f6/400x400cq80/photo.jpg']}, {'text': 'Masukkan Daging Ayam, tumis sampai berubah warna', 'images': ['https://img-global.cpcdn.com/steps/d55d8ecbc7055253/400x400cq80/photo.jpg']}, {'text': 'Tambahkan air dan masukkan semua bahan yang tersisa. Masak sampai air surut (Jika awal MPASI sisakan sedikit air agar tekstur lebih lembek)', 'images': ['https://img-global.cpcdn.com/steps/5bb35b3c496bf266/400x400cq80/photo.jpg']}, {'text': 'Blender dan saring sesuai tekstur usianya. Bagi 3 porsi ke dalam wadah kaca (1porsi 2-3sdm). Ini aku langsung untuk makan siang yang 1 porsi', 'images': ['https://img-global.cpcdn.com/steps/a3a634707fea75af/400x400cq80/photo.jpg', 'https://img-global.cpcdn.com/steps/37d615611d04aeab/400x400cq80/photo.jpg']}]","Siapkan Bahan Bahan, lalu tumis baput dan bamer sampai wangi, Masukkan Daging Ayam, tumis sampai berubah warna, Tambahkan air dan masukkan semua bahan yang tersisa. Masak sampai air surut (Jika awal MPASI sisakan sedikit air agar tekstur lebih lembek), Blender dan saring sesuai tekstur usianya. Bagi 3 porsi ke dalam wadah kaca (1porsi 2-3sdm). Ini aku langsung untuk makan siang yang 1 porsi","nasi putih, ayam, tahu putih, sawi hijau, baput bamer iris, air, minyak ayam","mpasi bulan Bubur Ayam Sawi Hijau Menu MPASI Start m Bahan nasi putih, ayam, tahu putih, sawi hijau, baput bamer iris, air, minyak ayam Langkah-Langkah Siapkan Bahan Bahan, lalu tumis baput dan bamer sampai wangi, Masukkan Daging Ayam, tumis sampai berubah warna, Tambahkan air dan masukkan semua bahan yang tersisa. Masak sampai air surut (Jika awal MPASI sisakan sedikit air agar tekstur lebih lembek), Blender dan saring sesuai tekstur usianya. Bagi 3 porsi ke dalam wadah kaca (1porsi 2-3sdm). Ini aku langsung untuk makan siang yang 1 porsi"
resep-24914376,mpasi bulan,https://cookpad.com/id/resep/24914376,Sup Jagung Creamy Menu MPASI Start m,https://img-global.cpcdn.com/recipes/6519e6792a498739/1200x630cq80/photo.jpg,"['60 gr Jagung Manis (Diparut/Diblender)', '50 gr Daging Ayam Giling', '5 gr Wortel', '5 gr Buncis', '100 ml susu UHT', '1 siung Baput dan Bamer', '1/2 sdm Keju Bubuk khusus mpasi', '1 sdm Minyak Ayam/Unsalted Butter']","[{'text': 'Tumis Baput dan Bamer dg minyak ayam sampai harum', 'images': []}, {'text': 'Masukkan ayam giling, tumis sampai berubah warna', 'images': []}, {'text': 'Masukkan Jagung Manis, Wortel, Buncis. Tumis sebentar. Masukkan Susu UHT', 'images': []}, {'text': 'Masak sampai susu surut dan sedikit mengental', 'images': ['https://img-global.cpcdn.com/steps/dc4c02c85e43e16f/400x400cq80/photo.jpg']}, {'text': 'Blender dan saring. Sesuaikan tekstur anak. Bagi menjadi 3 porsi dlm wadah kaca (1porsi 3sdm)', 'images': ['https://img-global.cpcdn.com/steps/9ba54724960c3ba4/400x400cq80/photo.jpg']}]","Tumis Baput dan Bamer dg minyak ayam sampai harum, Masukkan ayam giling, tumis sampai berubah warna, Masukkan Jagung Manis, Wortel, Buncis. Tumis sebentar. Masukkan Susu UHT, Masak sampai susu surut dan sedikit mengental, Blender dan saring. Sesuaikan tekstur anak. Bagi menjadi 3 porsi dlm wadah kaca (1porsi 3sdm)","jagung manis, daging ayam, wortel, buncis, susu uht, baput bamer, keju bubuk, minyak ayamunsalted butter","mpasi bulan Sup Jagung Creamy Menu MPASI Start m Bahan jagung manis, daging ayam, wortel, buncis, susu uht, baput bamer, keju bubuk, minyak ayamunsalted butter Langkah-Langkah Tumis Baput dan Bamer dg minyak ayam sampai harum, Masukkan ayam giling, tumis sampai berubah warna, Masukkan Jagung Manis, Wortel, Buncis. Tumis sebentar. Masukkan Susu UHT, Masak sampai susu surut dan sedikit mengental, Blender dan saring. Sesuaikan tekstur anak. Bagi menjadi 3 porsi dlm wadah kaca (1porsi 3sdm)"
resep-24820401,mpasi bulan,https://cookpad.com/id/resep/24820401,MPASI Bulan Cemilan Pure Pisang Sederhana,https://img-global.cpcdn.com/recipes/37d2c6b4d5ad3731/1200x630cq80/photo.jpg,['1 buah pisang cavindesh'],"[{'text': 'Siapkan 1 buah pisang', 'images': ['https://img-global.cpcdn.com/steps/b2648caf977aeac9/400x400cq80/photo.jpg']}, {'text': 'Potong menjadi 2, ambil setengahnya saja', 'images': ['https://img-global.cpcdn.com/steps/e8c393defa851445/400x400cq80/photo.jpg']}, {'text': 'Kupas dan lumatkan pisang dengan sendok atau garpu (buang bagian tengahnya)', 'images': ['https://img-global.cpcdn.com/steps/3a7b5f857d93092f/400x400cq80/photo.jpg']}, {'text': 'Kalau sudah halus boleh langsung disuapin atau boleh dicampur dengan asi ya bun', 'images': []}]","Siapkan 1 buah pisang, Potong menjadi 2, ambil setengahnya saja, Kupas dan lumatkan pisang dengan sendok atau garpu (buang bagian tengahnya), Kalau sudah halus boleh langsung disuapin atau boleh dicampur dengan asi ya bun",pisang cavindesh,"mpasi bulan MPASI Bulan Cemilan Pure Pisang Sederhana Bahan pisang cavindesh Langkah-Langkah Siapkan 1 buah pisang, Potong menjadi 2, ambil setengahnya saja, Kupas dan lumatkan pisang dengan sendok atau garpu (buang bagian tengahnya), Kalau sudah halus boleh langsung disuapin atau boleh dicampur dengan asi ya bun"
resep-24814887,mpasi bulan,https://cookpad.com/id/resep/24814887,Cemilan Buah MPASI Bulan,https://img-global.cpcdn.com/recipes/a8f1fa3555347118/1200x630cq80/photo.jpg,"['1 buah Alpukat', '1 sendok Asi / Sufor (boleh skip)']","[{'text': 'Belah Alpukat menjadi dua kemudian buang bijinya, Ambil setengahnya saja untuk 1 kali makan', 'images': ['https://img-global.cpcdn.com/steps/021fdba94b654c5f/400x400cq80/photo.jpg']}, {'text': 'Ambil alpukat masukan ke dalam wadah dan haluskan menggunakan sendok saja karena tekstur alpukat mudah untuk dihaluskan', 'images': ['https://img-global.cpcdn.com/steps/4874773d3dec0e57/400x400cq80/photo.jpg']}, {'text': 'Setelah halus boleh di campur asi atau sufor boleh skip, karena alpukat saja sudah enak', 'images': ['https://img-global.cpcdn.com/steps/82f6472b328bd575/400x400cq80/photo.jpg']}]","Belah Alpukat menjadi dua kemudian buang bijinya, Ambil setengahnya saja untuk 1 kali makan, Ambil alpukat masukan ke dalam wadah dan haluskan menggunakan sendok saja karena tekstur alpukat mudah untuk dihaluskan, Setelah halus boleh di campur asi atau sufor boleh skip, karena alpukat saja sudah enak","alpukat, asi sufor","mpasi bulan Cemilan Buah MPASI Bulan Bahan alpukat, asi sufor Langkah-Langkah Belah Alpukat menjadi dua kemudian buang bijinya, Ambil setengahnya saja untuk 1 kali makan, Ambil alpukat masukan ke dalam wadah dan haluskan menggunakan sendok saja karena tekstur alpukat mudah untuk dihaluskan, Setelah halus boleh di campur asi atau sufor boleh skip, karena alpukat saja sudah enak"
resep-24812295,mpasi bulan,https://cookpad.com/id/resep/24812295,MPASI Bulan Pertama Prohe Telur Puyuh sekali makan,https://img-global.cpcdn.com/recipes/1c9a63acee0076cb/1200x630cq80/photo.jpg,"['2 butir telur puyuh', '2-3 sendok Nasi', '1 , 5 Sendok Wortel', '1,5 Sendok Tahu', '1 lembar daun salam']","[{'text': 'Parut wortel dan potong potong tahunya', 'images': ['https://img-global.cpcdn.com/steps/9531f2e5296b8fbb/400x400cq80/photo.jpg']}, {'text': 'Masukan telur ke dalam panci atau teflon di orak arik kemuadian masukan daun salam tambahkan air', 'images': ['https://img-global.cpcdn.com/steps/7075e6e0c189bd2a/400x400cq80/photo.jpg']}, {'text': 'Setelah mendidih, masukkan parutan wortel, nasi dan tahu', 'images': ['https://img-global.cpcdn.com/steps/1584b881724fbe1b/400x400cq80/photo.jpg']}, {'text': 'Tunggu sampai mateng dan meresap', 'images': []}, {'text': 'Setelah mateng langsung saring sesuaikan tekstur (untuk mpasi pertama lebih baik tekturnya lembut,pure)', 'images': ['https://img-global.cpcdn.com/steps/17ebcda323d13564/400x400cq80/photo.jpg']}]","Parut wortel dan potong potong tahunya, Masukan telur ke dalam panci atau teflon di orak arik kemuadian masukan daun salam tambahkan air, Setelah mendidih, masukkan parutan wortel, nasi dan tahu, Tunggu sampai mateng dan meresap, Setelah mateng langsung saring sesuaikan tekstur (untuk mpasi pertama lebih baik tekturnya lembut,pure)","telur puyuh, nasi, wortel, tahu, daun salam","mpasi bulan MPASI Bulan Pertama Prohe Telur Puyuh sekali makan Bahan telur puyuh, nasi, wortel, tahu, daun salam Langkah-Langkah Parut wortel dan potong potong tahunya, Masukan telur ke dalam panci atau teflon di orak arik kemuadian masukan daun salam tambahkan air, Setelah mendidih, masukkan parutan wortel, nasi dan tahu, Tunggu sampai mateng dan meresap, Setelah mateng langsung saring sesuaikan tekstur (untuk mpasi pertama lebih baik tekturnya lembut,pure)"
resep-24928733,mpasi tahun,https://cookpad.com/id/resep/24928733,Sempol Ayam MPASI th,https://img-global.cpcdn.com/recipes/ec82d5a1d0128e79/1200x630cq80/photo.jpg,"['180 gr ayam paha fillet tanpa kulit', '3 buah kentang ukuran sedang', '1 siung bawang putih', 'Secukupnya bawang bombay', '1 batang daun bawang', '1/2 buah wortel ukuran sedang, diparut', '1 sdt kaldu bubuk', '1/4 sdt garam', '1 sdt minyak wijen', 'Secukupnya VCO untuk goreng (optional)', 'Secukupnya stik kayu es krim']","[{'text': 'Kupas kentang dan rebus/kukus sampai empuk. Cek kematangan dengan sendok, tekan. Jika matang mudah diiris.', 'images': []}, {'text': 'Haluskan semua bahan kecuali VCO kedalam chopper hingga halus.', 'images': []}, {'text': 'Bentuk adonan dengan stik kayu es krim. Kukus selama 30 menit. Jangan lupa olesi kukusan dengan minyak supaya tidak lengket', 'images': []}, {'text': 'Setelah matang, bisa goreng dengan minyak VCO. Opsi lain bisa di panggang dengan teflon atau diatas daun pisang. Dibuat stok frozen oke banget.', 'images': []}]","Kupas kentang dan rebus/kukus sampai empuk. Cek kematangan dengan sendok, tekan. Jika matang mudah diiris., Haluskan semua bahan kecuali VCO kedalam chopper hingga halus., Bentuk adonan dengan stik kayu es krim. Kukus selama 30 menit. Jangan lupa olesi kukusan dengan minyak supaya tidak lengket, Setelah matang, bisa goreng dengan minyak VCO. Opsi lain bisa di panggang dengan teflon atau diatas daun pisang. Dibuat stok frozen oke banget.","ayam paha fillet, kentang, bawang putih, bawang bombay, daun bawang, wortel, kaldu bubuk, garam, minyak wijen, vco, stik kayu es krim","mpasi tahun Sempol Ayam MPASI th Bahan ayam paha fillet, kentang, bawang putih, bawang bombay, daun bawang, wortel, kaldu bubuk, garam, minyak wijen, vco, stik kayu es krim Langkah-Langkah Kupas kentang dan rebus/kukus sampai empuk. Cek kematangan dengan sendok, tekan. Jika matang mudah diiris., Haluskan semua bahan kecuali VCO kedalam chopper hingga halus., Bentuk adonan dengan stik kayu es krim. Kukus selama 30 menit. Jangan lupa olesi kukusan dengan minyak supaya tidak lengket, Setelah matang, bisa goreng dengan minyak VCO. Opsi lain bisa di panggang dengan teflon atau diatas daun pisang. Dibuat stok frozen oke banget."
resep-24920388,mpasi tahun,https://cookpad.com/id/resep/24920388,Kue Ultah Bolu Kukus Pisang Bayi tahun,https://img-global.cpcdn.com/recipes/3299080d4848ddb9/1200x630cq80/photo.jpg,"['7-8 sdm YummyBites Pancake mix', '1 buah pisang matang uk sedang', '1 sdm butter (boleh UB anchor atau merk lainnya)', '1 telur ayam', '2 sdm susu uht ultra mimi / greenfields', '1 sdm santan']","[{'text': 'Lelehkan butter, lalu dinginkan sebentar.', 'images': []}, {'text': 'Lumatkan pisang sampai benar-benar halus.', 'images': ['https://img-global.cpcdn.com/steps/cf909390a126e199/400x400cq80/photo.jpg']}, {'text': 'Kocok lepas telur + susu + santan pakai garpu/whisk, jangan sampai berbusa banyak.', 'images': []}, {'text': 'Masukkan pisang lumat dan butter leleh ke campuran tadi. Aduk rata. Tambahkan Yummy Bites pancake mix, aduk perlahan sampai rata. Jangan overmix.', 'images': ['https://img-global.cpcdn.com/steps/92ee46888b696c70/400x400cq80/photo.jpg']}, {'text': 'Tuang ke loyang 14x4 cm yang sudah dilapisi baking paper (alas dan sisi). Lalu kukus pada kukusan panas, api sedang, 25-30 menit. Tutup dengan kain/serbet bersih agar uap air tidak menetes ke kue.', 'images': ['https://img-global.cpcdn.com/steps/4d348718efcc3537/400x400cq80/photo.jpg', 'https://img-global.cpcdn.com/steps/0792d7471540c8f5/400x400cq80/photo.jpg', 'https://img-global.cpcdn.com/steps/44bb4926f27ff4dd/400x400cq80/photo.jpg']}, {'text': 'Siapkan tusuk gigi/ lidi untuk tes kue. Jika keluar bersih = matang sempurna. (Jika ada adonan basah = kukus 5 menitan lagi.)', 'images': ['https://img-global.cpcdn.com/steps/ec4fafa444b0d710/400x400cq80/photo.jpg', 'https://img-global.cpcdn.com/steps/66ff2c7911ebdec3/400x400cq80/photo.jpg']}, {'text': 'Matikan api, buka kukusan, biarkan dalam loyang ±5-10 menit supaya uap panas keluar pelan-pelan.', 'images': []}, {'text': 'Angkat, lepaskan dari loyang dan baking paper nya. Hias sesuai selera dan selesai. (Note: aku pakai topping Promina Melty Buns Strawberry)', 'images': ['https://img-global.cpcdn.com/steps/46f585660cf21f2a/400x400cq80/photo.jpg', 'https://img-global.cpcdn.com/steps/11cf5ac2999ecf62/400x400cq80/photo.jpg']}]","Lelehkan butter, lalu dinginkan sebentar., Lumatkan pisang sampai benar-benar halus., Kocok lepas telur + susu + santan pakai garpu/whisk, jangan sampai berbusa banyak., Masukkan pisang lumat dan butter leleh ke campuran tadi. Aduk rata. Tambahkan Yummy Bites pancake mix, aduk perlahan sampai rata. Jangan overmix., Tuang ke loyang 14x4 cm yang sudah dilapisi baking paper (alas dan sisi). Lalu kukus pada kukusan panas, api sedang, 25-30 menit. Tutup dengan kain/serbet bersih agar uap air tidak menetes ke kue., Siapkan tusuk gigi/ lidi untuk tes kue. Jika keluar bersih = matang sempurna. (Jika ada adonan basah = kukus 5 menitan lagi.), Matikan api, buka kukusan, biarkan dalam loyang ±5-10 menit supaya uap panas keluar pelan-pelan., Angkat, lepaskan dari loyang dan baking paper nya. Hias sesuai selera dan selesai. (Note: aku pakai topping Promina Melty Buns Strawberry)","yummybites pancake mix, pisang matang, butter, telur ayam, susu uht ultra mimi greenfields, santan","mpasi tahun Kue Ultah Bolu Kukus Pisang Bayi tahun Bahan yummybites pancake mix, pisang matang, butter, telur ayam, susu uht ultra mimi greenfields, santan Langkah-Langkah Lelehkan butter, lalu dinginkan sebentar., Lumatkan pisang sampai benar-benar halus., Kocok lepas telur + susu + santan pakai garpu/whisk, jangan sampai berbusa banyak., Masukkan pisang lumat dan butter leleh ke campuran tadi. Aduk rata. Tambahkan Yummy Bites pancake mix, aduk perlahan sampai rata. Jangan overmix., Tuang ke loyang 14x4 cm yang sudah dilapisi baking paper (alas dan sisi). Lalu kukus pada kukusan panas, api sedang, 25-30 menit. Tutup dengan kain/serbet bersih agar uap air tidak menetes ke kue., Siapkan tusuk gigi/ lidi untuk tes kue. Jika keluar bersih = matang sempurna. (Jika ada adonan basah = kukus 5 menitan lagi.), Matikan api, buka kukusan, biarkan dalam loyang ±5-10 menit supaya uap panas keluar pelan-pelan., Angkat, lepaskan dari loyang dan baking paper nya. Hias sesuai selera dan selesai. (Note: aku pakai topping Promina Melty Buns Strawberry)"
resep-24901696,mpasi tahun,https://cookpad.com/id/resep/24901696,Mandu Pangsit Tahu Ayam Udang Mpasi tahun,https://img-global.cpcdn.com/recipes/f050d08cf3e7cf78/1200x630cq80/photo.jpg,"['7 sdm Tepung terigu', '30 ml Air panas', '1 siung bawang putih (ulek)', '30 gr Tahu sutera', '30 gr Paha ayam', '10 gr Udang', '5 gr Wortel', 'Garam', 'Bubuk kaldu']","[{'text': 'Tepung campur dengan air panas sedikit2 aduk sampai kalis (ini takaranku kira2 jadi air nya kalau kurang boleh tambah, kalau sudah kalis dan air blm habis ga usah dihabiskan)', 'images': []}, {'text': 'Bulet2, pipihkan sampai tipis tp jangan sampai robek', 'images': []}, {'text': 'Hancurkan tahu sutra', 'images': []}, {'text': 'Blender paha ayam, udang, wortel, bawang putih, garam, kaldu bubuk', 'images': []}, {'text': 'Goreng dulu sedikit buat cek rasa', 'images': []}, {'text': 'Masukkan ke dalam kulit mandu/pangsit nya, jepit2 atau lipat aja sesuai selera', 'images': []}, {'text': 'Kukus 10-15 menit dari air yg sudah mendidih', 'images': []}]","Tepung campur dengan air panas sedikit2 aduk sampai kalis (ini takaranku kira2 jadi air nya kalau kurang boleh tambah, kalau sudah kalis dan air blm habis ga usah dihabiskan), Bulet2, pipihkan sampai tipis tp jangan sampai robek, Hancurkan tahu sutra, Blender paha ayam, udang, wortel, bawang putih, garam, kaldu bubuk, Goreng dulu sedikit buat cek rasa, Masukkan ke dalam kulit mandu/pangsit nya, jepit2 atau lipat aja sesuai selera, Kukus 10-15 menit dari air yg sudah mendidih","tepung terigu, air panas, bawang putih ulek, tahu sutera, paha ayam, wortel, garam, bubuk kaldu","mpasi tahun Mandu Pangsit Tahu Ayam Udang Mpasi tahun Bahan tepung terigu, air panas, bawang putih ulek, tahu sutera, paha ayam, wortel, garam, bubuk kaldu Langkah-Langkah Tepung campur dengan air panas sedikit2 aduk sampai kalis (ini takaranku kira2 jadi air nya kalau kurang boleh tambah, kalau sudah kalis dan air blm habis ga usah dihabiskan), Bulet2, pipihkan sampai tipis tp jangan sampai robek, Hancurkan tahu sutra, Blender paha ayam, udang, wortel, bawang putih, garam, kaldu bubuk, Goreng dulu sedikit buat cek rasa, Masukkan ke dalam kulit mandu/pangsit nya, jepit2 atau lipat aja sesuai selera, Kukus 10-15 menit dari air yg sudah mendidih"
resep-24887340,mpasi tahun,https://cookpad.com/id/resep/24887340,Perkedel kentang daging kids menu MPASI friendly,https://img-global.cpcdn.com/recipes/67d6d88cec923fd0/1200x630cq80/photo.jpg,"['500 gram kentang (sekitar 3 buah ukuran sedang), kupas, rebus (atau goreng) hingga matang', '5 siung bawang merah', '7 siung bawang putih', 'Secukupnya daun bawang, iris tipis', '1 butir telur, pisahkan kuning dan putihnya (putih dikocok lepas)', '100 gram daging sapi cincang matang (sesuaikan tekstur dengan kemampuan anak)', 'Secukupnya garam', 'Secukupnya kaldu sapi bubuk', 'Secukupnya minyak goreng']","[{'text': 'Lumatkan kentang yang sudah matang pada ulekan lalu pindahkan pada mangkok.', 'images': []}, {'text': 'Pada wajan dengan api sedang, goreng bawang putih dan bawang merah hingga matang dan bagian luar agak kecokelatan. Ulek hingga halus, lalu pindahkan ke mangkok berisi kentang.', 'images': []}, {'text': 'Tuang kuning telur, daun bawang, garam, kaldu di mangkok yang sama. Aduk seluruh bahan hingga tercampur.', 'images': ['https://img-global.cpcdn.com/steps/9b321fcc2e2d06fe/400x400cq80/photo.jpg']}, {'text': 'Bentuk sesuai selera (ajak anak ikut buat juga ). Balur dengan putih telur yang telah dikocok.', 'images': ['https://img-global.cpcdn.com/steps/d422061ce697541c/400x400cq80/photo.jpg']}, {'text': 'Goreng perkedel dengan api sedang. Angkat ketika sudah tampak keemasan. Catatan: memasak tidak perlu lama karena semua bahan selain telur sudah matang, dan telur sendiri matangnya sangat cepat.', 'images': ['https://img-global.cpcdn.com/steps/6d350f4c65392e8c/400x400cq80/photo.jpg']}, {'text': 'Sajikan hangat dengan nasi untuk ananda terkasih ', 'images': []}]","Lumatkan kentang yang sudah matang pada ulekan lalu pindahkan pada mangkok., Pada wajan dengan api sedang, goreng bawang putih dan bawang merah hingga matang dan bagian luar agak kecokelatan. Ulek hingga halus, lalu pindahkan ke mangkok berisi kentang., Tuang kuning telur, daun bawang, garam, kaldu di mangkok yang sama. Aduk seluruh bahan hingga tercampur., Bentuk sesuai selera (ajak anak ikut buat juga ). Balur dengan putih telur yang telah dikocok., Goreng perkedel dengan api sedang. Angkat ketika sudah tampak keemasan. Catatan: memasak tidak perlu lama karena semua bahan selain telur sudah matang, dan telur sendiri matangnya sangat cepat., Sajikan hangat dengan nasi untuk ananda terkasih","kentang, bawang merah, bawang putih, daun bawang iris, telur, daging sapi cincang, garam, kaldu sapi bubuk, minyak goreng","mpasi tahun Perkedel kentang daging kids menu MPASI friendly Bahan kentang, bawang merah, bawang putih, daun bawang iris, telur, daging sapi cincang, garam, kaldu sapi bubuk, minyak goreng Langkah-Langkah Lumatkan kentang yang sudah matang pada ulekan lalu pindahkan pada mangkok., Pada wajan dengan api sedang, goreng bawang putih dan bawang merah hingga matang dan bagian luar agak kecokelatan. Ulek hingga halus, lalu pindahkan ke mangkok berisi kentang., Tuang kuning telur, daun bawang, garam, kaldu di mangkok yang sama. Aduk seluruh bahan hingga tercampur., Bentuk sesuai selera (ajak anak ikut buat juga ). Balur dengan putih telur yang telah dikocok., Goreng perkedel dengan api sedang. Angkat ketika sudah tampak keemasan. Catatan: memasak tidak perlu lama karena semua bahan selain telur sudah matang, dan telur sendiri matangnya sangat cepat., Sajikan hangat dengan nasi untuk ananda terkasih"
resep-24885860,mpasi tahun,https://cookpad.com/id/resep/24885860,Camilan Mpasi Makaroni Schotel,https://img-global.cpcdn.com/recipes/823d77f6cdd67f4c/1200x630cq80/photo.jpg,"['100 gram makaroni kering', 'Secukupnya air untuk merebus', 'Sedikit garam', '2 sdm tepung terigu', '3 sdm margarin', '200 ml susu uht', 'Sedikit bubuk pala', 'Sedikit lada bubuk,garam,dan kaldu bubuk kalau pakai', '30 gram keju cheddar parut', 'Secukupnya irisan seledri', '1 butir telur', 'Secukupnya daging giling,atau bisa di ganti dengan ayam giling,bakso,atau sosis sesuai selera', '1/2 buah bombay kecil,cincang halus', '1 siung baput,cincang halus', 'Secukupnya minyak']","[{'text': 'Didihkan air,masukkan makaroni,jangan lupa tambahkan sedikit garam,rebus sekitar 10 menit,lalu bilas dengan air mengalir,sisihkan', 'images': ['https://img-global.cpcdn.com/steps/d629f8fea3783cae/400x400cq80/photo.jpg']}, {'text': 'Panaskan minyak,tumis bombay dan baput yang sudah di cincang hingga wangi,masukkan daging giling,masak hingga matang,sisihkan.', 'images': []}, {'text': 'Di wajan yang sama,masukkan margarin,tepung terigu,bubuk pala,garam dan lada bubuk,masak hingga agak berbuih.', 'images': ['https://img-global.cpcdn.com/steps/f30359967cb66cbd/400x400cq80/photo.jpg']}, {'text': 'Masukkan susu secara bertahap sambil di aduk,supaya tidak menggumpal,masak hingga mengental.', 'images': ['https://img-global.cpcdn.com/steps/f89c2a69dbe8efe8/400x400cq80/photo.jpg']}, {'text': 'Pisahkan sedikit saus putih ke dalam wadah (untuk topping nanti)', 'images': []}, {'text': 'Masukkan parutan keju ke dalam saus putih (yang di wajan),tambahkan makaroni,tumisan daging,telur,seledri,dan kaldu bubuk.Aduk hingga rata', 'images': ['https://img-global.cpcdn.com/steps/61d04f7564065f6a/400x400cq80/photo.jpg']}, {'text': 'Pindahkan ke loyang yang sudah di oles margarin,oleskan saus putih,beri taburan keju parut dan oregano bubuk', 'images': ['https://img-global.cpcdn.com/steps/fb7dba248de1e231/400x400cq80/photo.jpg']}, {'text': 'Panggang di oven (saya pakai oven tangkring) di api sedang selama 30 menit (atau kira2 sudah matang)', 'images': []}, {'text': 'Keluarkan makaroni schotel,tunggu hingga dingin,siap di santap oleh si kecil tercinta..Hmm Yummy..', 'images': ['https://img-global.cpcdn.com/steps/8ba990be38437863/400x400cq80/photo.jpg']}]","Didihkan air,masukkan makaroni,jangan lupa tambahkan sedikit garam,rebus sekitar 10 menit,lalu bilas dengan air mengalir,sisihkan, Panaskan minyak,tumis bombay dan baput yang sudah di cincang hingga wangi,masukkan daging giling,masak hingga matang,sisihkan., Di wajan yang sama,masukkan margarin,tepung terigu,bubuk pala,garam dan lada bubuk,masak hingga agak berbuih., Masukkan susu secara bertahap sambil di aduk,supaya tidak menggumpal,masak hingga mengental., Pisahkan sedikit saus putih ke dalam wadah (untuk topping nanti), Masukkan parutan keju ke dalam saus putih (yang di wajan),tambahkan makaroni,tumisan daging,telur,seledri,dan kaldu bubuk.Aduk hingga rata, Pindahkan ke loyang yang sudah di oles margarin,oleskan saus putih,beri taburan keju parut dan oregano bubuk, Panggang di oven (saya pakai oven tangkring) di api sedang selama 30 menit (atau kira2 sudah matang), Keluarkan makaroni schotel,tunggu hingga dingin,siap di santap oleh si kecil tercinta..Hmm Yummy..","makaroni kering, air, garam, tepung terigu, margarin, susu uht, bubuk pala, lada bubukgaram kaldu bubuk, keju cheddar, irisan seledri, telur, daging giling, bombay kecilcincang, baputcincang, minyak","mpasi tahun Camilan Mpasi Makaroni Schotel Bahan makaroni kering, air, garam, tepung terigu, margarin, susu uht, bubuk pala, lada bubukgaram kaldu bubuk, keju cheddar, irisan seledri, telur, daging giling, bombay kecilcincang, baputcincang, minyak Langkah-Langkah Didihkan air,masukkan makaroni,jangan lupa tambahkan sedikit garam,rebus sekitar 10 menit,lalu bilas dengan air mengalir,sisihkan, Panaskan minyak,tumis bombay dan baput yang sudah di cincang hingga wangi,masukkan daging giling,masak hingga matang,sisihkan., Di wajan yang sama,masukkan margarin,tepung terigu,bubuk pala,garam dan lada bubuk,masak hingga agak berbuih., Masukkan susu secara bertahap sambil di aduk,supaya tidak menggumpal,masak hingga mengental., Pisahkan sedikit saus putih ke dalam wadah (untuk topping nanti), Masukkan parutan keju ke dalam saus putih (yang di wajan),tambahkan makaroni,tumisan daging,telur,seledri,dan kaldu bubuk.Aduk hingga rata, Pindahkan ke loyang yang sudah di oles margarin,oleskan saus putih,beri taburan keju parut dan oregano bubuk, Panggang di oven (saya pakai oven tangkring) di api sedang selama 30 menit (atau kira2 sudah matang), Keluarkan makaroni schotel,tunggu hingga dingin,siap di santap oleh si kecil tercinta..Hmm Yummy.."
resep-24962156,bekal anak,https://cookpad.com/id/resep/24962156,Bekal Anak Sekolah Kerja,https://img-global.cpcdn.com/recipes/b55f84cd900afeae/1200x630cq80/photo.jpg,"['2 Centong Nasi Putih Hangat', '1 sdm Bawang Goreng', '1 potong Tumis Ayam', '3 sdm Samgor Kentang Tahu Tempe', '1 kotak Teh']","[{'text': 'Tumis Ayam', 'images': ['https://img-global.cpcdn.com/steps/50638bede0b126be/400x400cq80/photo.jpg']}, {'text': 'Samgor Kentang Tahu Tempe', 'images': ['https://img-global.cpcdn.com/steps/28b05c045be8560b/400x400cq80/photo.jpg']}, {'text': 'Tata dalam wadah bekal.', 'images': ['https://img-global.cpcdn.com/steps/f0ba109dcea23e12/400x400cq80/photo.jpg', 'https://img-global.cpcdn.com/steps/8207e710743fa803/400x400cq80/photo.jpg', 'https://img-global.cpcdn.com/steps/7a2ed2f7ebafa016/400x400cq80/photo.jpg']}]","Tumis Ayam, Samgor Kentang Tahu Tempe, Tata dalam wadah bekal.","nasi putih, bawang goreng, tumis ayam, samgor kentang tahu tempe, teh","bekal anak Bekal Anak Sekolah Kerja Bahan nasi putih, bawang goreng, tumis ayam, samgor kentang tahu tempe, teh Langkah-Langkah Tumis Ayam, Samgor Kentang Tahu Tempe, Tata dalam wadah bekal."
resep-24962166,bekal anak,https://cookpad.com/id/resep/24962166,Bekal Anak Sekolah Kerja,https://img-global.cpcdn.com/recipes/25213061b4017dda/1200x630cq80/photo.jpg,"['2 Centong Nasi Putih Hangat', '4 potong Egg Chicken Roll', '4 sdm Mie Goreng', '1 sdm Bawang Goreng', '1 kotak Teh']","[{'text': 'Egg Chicken Roll', 'images': ['https://img-global.cpcdn.com/steps/8dbf879d83c7df9e/400x400cq80/photo.jpg', 'https://img-global.cpcdn.com/steps/68522fc31e93069c/400x400cq80/photo.jpg']}, {'text': 'Mie Goreng', 'images': ['https://img-global.cpcdn.com/steps/f8729a8175d50883/400x400cq80/photo.jpg']}, {'text': 'Tata dalam wadah bekal dan tambahkan pelengkap lainnya.', 'images': ['https://img-global.cpcdn.com/steps/66b548a69ca9e5ba/400x400cq80/photo.jpg', 'https://img-global.cpcdn.com/steps/51bdfda66addd217/400x400cq80/photo.jpg', 'https://img-global.cpcdn.com/steps/111391f6161d1c22/400x400cq80/photo.jpg']}]","Egg Chicken Roll, Mie Goreng, Tata dalam wadah bekal dan tambahkan pelengkap lainnya.","nasi putih, egg chicken roll, mie goreng, bawang goreng, teh","bekal anak Bekal Anak Sekolah Kerja Bahan nasi putih, egg chicken roll, mie goreng, bawang goreng, teh Langkah-Langkah Egg Chicken Roll, Mie Goreng, Tata dalam wadah bekal dan tambahkan pelengkap lainnya."
resep-24962160,bekal anak,https://cookpad.com/id/resep/24962160,Bekal Anak Sekolah Kerja,https://img-global.cpcdn.com/recipes/dac6cee254a85cfa/1200x630cq80/photo.jpg,"['2 Centong Nasi Putih Hangat', '3 ptg Oseng Daging Mercon', 'secukupnya Kerupuk Bawang', '1 kotak Sari Buah']","[{'text': 'Oseng Daging Mercon', 'images': ['https://img-global.cpcdn.com/steps/a55132bebd9833e8/400x400cq80/photo.jpg', 'https://img-global.cpcdn.com/steps/a0117d916fb5fa38/400x400cq80/photo.jpg']}, {'text': 'Beri taburan Bawang Goreng diatas Nasi Putih Hangat, siapkan Kerupuk Gorengnya.', 'images': ['https://img-global.cpcdn.com/steps/92687628c2733c78/400x400cq80/photo.jpg']}, {'text': 'Tata dalam wadah bekal.', 'images': ['https://img-global.cpcdn.com/steps/b7b9a64353241e89/400x400cq80/photo.jpg', 'https://img-global.cpcdn.com/steps/ba81dafd5a1c0cf7/400x400cq80/photo.jpg', 'https://img-global.cpcdn.com/steps/34fea92ef20b3cfb/400x400cq80/photo.jpg']}]","Oseng Daging Mercon, Beri taburan Bawang Goreng diatas Nasi Putih Hangat, siapkan Kerupuk Gorengnya., Tata dalam wadah bekal.","nasi putih, ptg oseng daging mercon, kerupuk bawang, sari","bekal anak Bekal Anak Sekolah Kerja Bahan nasi putih, ptg oseng daging mercon, kerupuk bawang, sari Langkah-Langkah Oseng Daging Mercon, Beri taburan Bawang Goreng diatas Nasi Putih Hangat, siapkan Kerupuk Gorengnya., Tata dalam wadah bekal."
resep-24962161,bekal anak,https://cookpad.com/id/resep/24962161,Bekal Anak Sekolah Kerja,https://img-global.cpcdn.com/recipes/4635517db4ef136e/1200x630cq80/photo.jpg,"['2 Centong Nasi Putih Hangat', '3 potong Oseng Daging Mercon', '4 sdm Mie Polosan', '2 sdm Bawang Goreng', '1 kotak Teh']","[{'text': 'Siapkan Oseng Daging Mercon', 'images': ['https://img-global.cpcdn.com/steps/ff90c39ae5ba75b9/400x400cq80/photo.jpg', 'https://img-global.cpcdn.com/steps/36d15425bd1fac12/400x400cq80/photo.jpg']}, {'text': 'Mie Goreng', 'images': ['https://img-global.cpcdn.com/steps/ea3afb83de93381d/400x400cq80/photo.jpg']}, {'text': 'Tata dalam wadah bekal.', 'images': ['https://img-global.cpcdn.com/steps/33c8abb488982b3e/400x400cq80/photo.jpg', 'https://img-global.cpcdn.com/steps/39f59e259632f270/400x400cq80/photo.jpg', 'https://img-global.cpcdn.com/steps/51580f6260f6dc5f/400x400cq80/photo.jpg']}]","Siapkan Oseng Daging Mercon, Mie Goreng, Tata dalam wadah bekal.","nasi putih, oseng daging mercon, mie polosan, bawang goreng, teh","bekal anak Bekal Anak Sekolah Kerja Bahan nasi putih, oseng daging mercon, mie polosan, bawang goreng, teh Langkah-Langkah Siapkan Oseng Daging Mercon, Mie Goreng, Tata dalam wadah bekal."
resep-24960896,bekal anak,https://cookpad.com/id/resep/24960896,Bekal Anak Sekolah,https://img-global.cpcdn.com/recipes/c5a5dc93a34d9ad0/1200x630cq80/photo.jpg,"['2 lbr Roti Tawar', 'secukupnya Glaze Green Tea', 'secukupnya Margarin', '1 kotak Teh', '1 bh Lemper']","[{'text': 'Lelehkan Margarin Rose Brand, letakkan 1 lbr Roti Tawar tunggu beberapa saat sampai garing, balik kemudian angkat dan sisihkan. Lakukan sampai selesai.', 'images': ['https://img-global.cpcdn.com/steps/c57bdc002a3766c3/400x400cq80/photo.jpg', 'https://img-global.cpcdn.com/steps/4ea94bff9f5c98e4/400x400cq80/photo.jpg']}, {'text': 'Oleskan Glaze Green Tea secukupnya pada salah satu sisi Roti Tawar. Tutup dengan Roti Tawar lainnya, potong', 'images': ['https://img-global.cpcdn.com/steps/58b2fe4193a968f3/400x400cq80/photo.jpg', 'https://img-global.cpcdn.com/steps/ddad9b6b6b116cc1/400x400cq80/photo.jpg', 'https://img-global.cpcdn.com/steps/6bbe7cd4ee6bc4d3/400x400cq80/photo.jpg']}, {'text': 'Tata dalam wadah bekal, tambahkan pelengkap lainnya.', 'images': ['https://img-global.cpcdn.com/steps/1013d88cf543a8fe/400x400cq80/photo.jpg', 'https://img-global.cpcdn.com/steps/717c86d0160a2412/400x400cq80/photo.jpg', 'https://img-global.cpcdn.com/steps/a51407492e2a466a/400x400cq80/photo.jpg']}]","Lelehkan Margarin Rose Brand, letakkan 1 lbr Roti Tawar tunggu beberapa saat sampai garing, balik kemudian angkat dan sisihkan. Lakukan sampai selesai., Oleskan Glaze Green Tea secukupnya pada salah satu sisi Roti Tawar. Tutup dengan Roti Tawar lainnya, potong, Tata dalam wadah bekal, tambahkan pelengkap lainnya.","roti tawar, glaze green tea, margarin, teh, lemper","bekal anak Bekal Anak Sekolah Bahan roti tawar, glaze green tea, margarin, teh, lemper Langkah-Langkah Lelehkan Margarin Rose Brand, letakkan 1 lbr Roti Tawar tunggu beberapa saat sampai garing, balik kemudian angkat dan sisihkan. Lakukan sampai selesai., Oleskan Glaze Green Tea secukupnya pada salah satu sisi Roti Tawar. Tutup dengan Roti Tawar lainnya, potong, Tata dalam wadah bekal, tambahkan pelengkap lainnya."
resep-24967872,nastar,https://cookpad.com/id/resep/24967872,Nastar Premium Original dan Keju,https://img-global.cpcdn.com/recipes/25c1610662faad78/1200x630cq80/photo.jpg,"['270 gr tepung terigu rendah protein', '110 gr tepung maizena', '125 gr butter Wisman + 75 gr butter Elle et Vire + 50 gr Palmia butter margarin', '100 gr susu bubuk', '100 gr gula halus', '2 butir kuning telur', '1/2 sdt garam', '40 gr cheddar cheese parut', '2 butir kuning telur omega', '1 sdm minyak', '2 tetes kuning telur', '1/2 sdt Selai nanas, saya beli jadi']","[{'text': 'Campur semua butter dan mentega, tambahkan gula halus, dan kocok hingga tercampur. Jangan sampai mengembang.', 'images': ['https://img-global.cpcdn.com/steps/6205f63c3833d90d/400x400cq80/photo.jpg', 'https://img-global.cpcdn.com/steps/a264f2987b10e0ad/400x400cq80/photo.jpg']}, {'text': 'Masukkan telur dan kocok hingga tercampur merata.', 'images': ['https://img-global.cpcdn.com/steps/719f36e9205fa438/400x400cq80/photo.jpg', 'https://img-global.cpcdn.com/steps/9c547d7ac59b77ef/400x400cq80/photo.jpg']}, {'text': 'Campur semua bahan kering dan ayak.', 'images': ['https://img-global.cpcdn.com/steps/852b7175cb74ed02/400x400cq80/photo.jpg']}, {'text': 'Masukkan bahan kering yang sudah diayak ke dalam campuran butter. Aduk hingga merata.', 'images': ['https://img-global.cpcdn.com/steps/5edb442b105693a7/400x400cq80/photo.jpg', 'https://img-global.cpcdn.com/steps/fddf36f18d15cc54/400x400cq80/photo.jpg']}, {'text': 'Bagi dua adonan. Satu original, satu diberi keju. Jika ingin original semua juga tidak apa-apa.', 'images': ['https://img-global.cpcdn.com/steps/d98303b2083cda25/400x400cq80/photo.jpg']}, {'text': 'Tambahkan salah satu loyang berisi adonan dengan keju parut, dan campur hingga merata.', 'images': ['https://img-global.cpcdn.com/steps/a1901ac60047ef09/400x400cq80/photo.jpg']}, {'text': 'Takar adonan sebanyak 1/2 sdm, baik untuk takaran adonan original dan keju, dan selai nanas sebanyak 1/2 sdt.', 'images': ['https://img-global.cpcdn.com/steps/ea2c06e8431e74ca/400x400cq80/photo.jpg']}, {'text': 'Pipihkan adonan, letakkan selai nanas di tengah adonan, tutup selai nanas dengan adonan, dan bulatkan. Letakkan adonan nastar di atas loyang yang telah dilapisi mentega dengan tepung. Lakukan hingga selesai.', 'images': ['https://img-global.cpcdn.com/steps/e1cbabc3bab6398f/400x400cq80/photo.jpg']}, {'text': 'Panggang adonan di api bawah pada suhu 140 derajat celsius selama 30-40 menit (tergantung oven) hingga setengah matang.', 'images': ['https://img-global.cpcdn.com/steps/2a7dca722eab5c3c/400x400cq80/photo.jpg']}, {'text': 'Setelah setengah matang, keluarkan adonan dan tunggu hingga dingin.', 'images': ['https://img-global.cpcdn.com/steps/b5d4385634dfe817/400x400cq80/photo.jpg']}, {'text': 'Setelah suhu turun, olesi dengan kuning telur untuk olesan pertama, tunggu kering, lalu olesi dengan olesan kedua.', 'images': ['https://img-global.cpcdn.com/steps/320352270c7d600a/400x400cq80/photo.jpg', 'https://img-global.cpcdn.com/steps/e1f72ecea7009e93/400x400cq80/photo.jpg']}, {'text': 'Pada nastar dengan tambahan keju, bisa ditambahkan topping keju di atasnya.', 'images': ['https://img-global.cpcdn.com/steps/491bc216a9704d4d/400x400cq80/photo.jpg']}, {'text': 'Panggan lagi di oven dengan suhu 130 derajat celsius di api atas selama 20 menit.', 'images': ['https://img-global.cpcdn.com/steps/1b8c66c4cad6a3b2/400x400cq80/photo.jpg']}, {'text': 'Angkat dan dinginkan setelah matang. Tanda matang jika bagian bawah nastar sudah berwarna kecokelatan.', 'images': ['https://img-global.cpcdn.com/steps/4a1680f41c7c07e3/400x400cq80/photo.jpg']}, {'text': 'Tempatkan pada loyang jika nastar sudah benar benar dingin.', 'images': ['https://img-global.cpcdn.com/steps/668c23f3c4d13b7a/400x400cq80/photo.jpg']}]","Campur semua butter dan mentega, tambahkan gula halus, dan kocok hingga tercampur. Jangan sampai mengembang., Masukkan telur dan kocok hingga tercampur merata., Campur semua bahan kering dan ayak., Masukkan bahan kering yang sudah diayak ke dalam campuran butter. Aduk hingga merata., Bagi dua adonan. Satu original, satu diberi keju. Jika ingin original semua juga tidak apa-apa., Tambahkan salah satu loyang berisi adonan dengan keju parut, dan campur hingga merata., Takar adonan sebanyak 1/2 sdm, baik untuk takaran adonan original dan keju, dan selai nanas sebanyak 1/2 sdt., Pipihkan adonan, letakkan selai nanas di tengah adonan, tutup selai nanas dengan adonan, dan bulatkan. Letakkan adonan nastar di atas loyang yang telah dilapisi mentega dengan tepung. Lakukan hingga selesai., Panggang adonan di api bawah pada suhu 140 derajat celsius selama 30-40 menit (tergantung oven) hingga setengah matang., Setelah setengah matang, keluarkan adonan dan tunggu hingga dingin., Setelah suhu turun, olesi dengan kuning telur untuk olesan pertama, tunggu kering, lalu olesi dengan olesan kedua., Pada nastar dengan tambahan keju, bisa ditambahkan topping keju di atasnya., Panggan lagi di oven dengan suhu 130 derajat celsius di api atas selama 20 menit., Angkat dan dinginkan setelah matang. Tanda matang jika bagian bawah nastar sudah berwarna kecokelatan., Tempatkan pada loyang jika nastar sudah benar benar dingin.","tepung terigu rendah protein, tepung maizena, butter wisman butter elle et vire palmia butter margarin, susu bubuk, gula, kuning telur, garam, cheddar cheese, kuning telur omega, minyak, tetes kuning telur, selai nanas","nastar Nastar Premium Original dan Keju Bahan tepung terigu rendah protein, tepung maizena, butter wisman butter elle et vire palmia butter margarin, susu bubuk, gula, kuning telur, garam, cheddar cheese, kuning telur omega, minyak, tetes kuning telur, selai nanas Langkah-Langkah Campur semua butter dan mentega, tambahkan gula halus, dan kocok hingga tercampur. Jangan sampai mengembang., Masukkan telur dan kocok hingga tercampur merata., Campur semua bahan kering dan ayak., Masukkan bahan kering yang sudah diayak ke dalam campuran butter. Aduk hingga merata., Bagi dua adonan. Satu original, satu diberi keju. Jika ingin original semua juga tidak apa-apa., Tambahkan salah satu loyang berisi adonan dengan keju parut, dan campur hingga merata., Takar adonan sebanyak 1/2 sdm, baik untuk takaran adonan original dan keju, dan selai nanas sebanyak 1/2 sdt., Pipihkan adonan, letakkan selai nanas di tengah adonan, tutup selai nanas dengan adonan, dan bulatkan. Letakkan adonan nastar di atas loyang yang telah dilapisi mentega dengan tepung. Lakukan hingga selesai., Panggang adonan di api bawah pada suhu 140 derajat celsius selama 30-40 menit (tergantung oven) hingga setengah matang., Setelah setengah matang, keluarkan adonan dan tunggu hingga dingin., Setelah suhu turun, olesi dengan kuning telur untuk olesan pertama, tunggu kering, lalu olesi dengan olesan kedua., Pada nastar dengan tambahan keju, bisa ditambahkan topping keju di atasnya., Panggan lagi di oven dengan suhu 130 derajat celsius di api atas selama 20 menit., Angkat dan dinginkan setelah matang. Tanda matang jika bagian bawah nastar sudah berwarna kecokelatan., Tempatkan pada loyang jika nastar sudah benar benar dingin."
resep-24845510,nastar,https://cookpad.com/id/resep/24845510,Pasta coklat untuk isian pia nastar dll,https://img-global.cpcdn.com/recipes/fa24984a0839cbae/1200x630cq80/photo.jpg,"['75 gr dcc', '50 gr gula pasir', '25 gr coklat bubuk', '75 gr tepung terigu', '1 sdm margarin', '150 ml susu']","[{'text': 'Siapkan bahan-bahan.', 'images': ['https://img-global.cpcdn.com/steps/5ed5c3698de0c557/400x400cq80/photo.jpg', 'https://img-global.cpcdn.com/steps/6f0c9e72367911cb/400x400cq80/photo.jpg']}, {'text': 'Masak dcc, gula pasir dan susu hingga dcc meleleh.', 'images': ['https://img-global.cpcdn.com/steps/3390b2774036827b/400x400cq80/photo.jpg']}, {'text': 'Setelah mulai mendidih, masukkan tepung terigu dan juga coklat bubuk. Aduk cepat, masak dengan api kecil sambil terus diaduk hingga mengental. Setelah itu masukkan margarin dan aduk kembali hingga tercampur rata.', 'images': ['https://img-global.cpcdn.com/steps/dd633941f1ff0d0f/400x400cq80/photo.jpg', 'https://img-global.cpcdn.com/steps/664a21a728796c2b/400x400cq80/photo.jpg']}, {'text': 'Setelah pasta dingin siap dibulatkan untuk isian berbagai macam kue.', 'images': ['https://img-global.cpcdn.com/steps/91e24b6796988d38/400x400cq80/photo.jpg']}]","Siapkan bahan-bahan., Masak dcc, gula pasir dan susu hingga dcc meleleh., Setelah mulai mendidih, masukkan tepung terigu dan juga coklat bubuk. Aduk cepat, masak dengan api kecil sambil terus diaduk hingga mengental. Setelah itu masukkan margarin dan aduk kembali hingga tercampur rata., Setelah pasta dingin siap dibulatkan untuk isian berbagai macam kue.","gula pasir, coklat bubuk, tepung terigu, margarin, susu","nastar Pasta coklat untuk isian pia nastar dll Bahan gula pasir, coklat bubuk, tepung terigu, margarin, susu Langkah-Langkah Siapkan bahan-bahan., Masak dcc, gula pasir dan susu hingga dcc meleleh., Setelah mulai mendidih, masukkan tepung terigu dan juga coklat bubuk. Aduk cepat, masak dengan api kecil sambil terus diaduk hingga mengental. Setelah itu masukkan margarin dan aduk kembali hingga tercampur rata., Setelah pasta dingin siap dibulatkan untuk isian berbagai macam kue."
resep-24591231,nastar,https://cookpad.com/id/resep/24591231,Oriental Pineapple Tart,https://img-global.cpcdn.com/recipes/e340cda1b6eecdf4/1200x630cq80/photo.jpg,"['300 gr Tepung Terigu Pro Rendah', '150 gr Butter', '100 gr Margarine', '90 gr Gula Halus', '25 gr Tepung Maizena', '50 gr Susu Bubuk', '2 bh Kuing Telur Rebus (hancurkan)', '2 bh Kuning Telur Mentah', '1 sdt Vanilla Ekstrak', 'Sejimpit Garam', '2 bh Kuning Telur (untuk olesan)', 'Secukupnya Selai Nanas']","[{'text': '1. Kocok Butter, margarine, gula halus, garam & Vanilla ekstrak dg speed rendah ke sedang sampai halus & pucat 2. Masukkan kuning telur kukus dg cara disaring agar tidak bergerindil. Dan masukkan kuning telur mentah. Mixer dg speed sedang sampai tercampur rata, mengembang & lembut. 3. Masukkan bahan kering seperti tepung & susu campur menggunakan spatula hanya sampai tercampur & jangan over mixing.', 'images': []}, {'text': '4. Ambil sebagian adonan lalu tambahkan pewarna hijau campur rata.', 'images': []}, {'text': '5. Bulatkan adonan sebesar 22gr, adonan hijau 3gr, selai 10gr 6. Bulatkan adonan kuning lalu pipihkan masukkan selai (jngn smp bocor). 7. Masukkan adonan hijau kedalam cetakan yang dibagian daun. Lalu masukkan adonan yg telah diisi selai & rapikan. Lalu cetak adonan & keluarka di loyang yang telah dialasi baking paper.', 'images': []}, {'text': '8. Oven pada suhu 100°C api atas bawah 20menit lalu keluarkan. (Agar nastar tidak pecah) 9. Tunggu dingin. Lalu olesi dengan kuning telur sampai rata & panggang lagi sampai matang. Kira2 20-30menit.', 'images': ['https://img-global.cpcdn.com/steps/dd5ffcc9a4571f29/400x400cq80/photo.jpg']}, {'text': 'Taiwan Pineapple Tart siap dinikmati.', 'images': []}]","1. Kocok Butter, margarine, gula halus, garam & Vanilla ekstrak dg speed rendah ke sedang sampai halus & pucat 2. Masukkan kuning telur kukus dg cara disaring agar tidak bergerindil. Dan masukkan kuning telur mentah. Mixer dg speed sedang sampai tercampur rata, mengembang & lembut. 3. Masukkan bahan kering seperti tepung & susu campur menggunakan spatula hanya sampai tercampur & jangan over mixing., 4. Ambil sebagian adonan lalu tambahkan pewarna hijau campur rata., 5. Bulatkan adonan sebesar 22gr, adonan hijau 3gr, selai 10gr 6. Bulatkan adonan kuning lalu pipihkan masukkan selai (jngn smp bocor). 7. Masukkan adonan hijau kedalam cetakan yang dibagian daun. Lalu masukkan adonan yg telah diisi selai & rapikan. Lalu cetak adonan & keluarka di loyang yang telah dialasi baking paper., 8. Oven pada suhu 100°C api atas bawah 20menit lalu keluarkan. (Agar nastar tidak pecah) 9. Tunggu dingin. Lalu olesi dengan kuning telur sampai rata & panggang lagi sampai matang. Kira2 20-30menit., Taiwan Pineapple Tart siap dinikmati.","tepung terigu, butter, margarine, gula, tepung maizena, susu bubuk, kuing telur, kuning telur, vanilla ekstrak, sejimpit garam, kuning telur, selai nanas","nastar Oriental Pineapple Tart Bahan tepung terigu, butter, margarine, gula, tepung maizena, susu bubuk, kuing telur, kuning telur, vanilla ekstrak, sejimpit garam, kuning telur, selai nanas Langkah-Langkah 1. Kocok Butter, margarine, gula halus, garam & Vanilla ekstrak dg speed rendah ke sedang sampai halus & pucat 2. Masukkan kuning telur kukus dg cara disaring agar tidak bergerindil. Dan masukkan kuning telur mentah. Mixer dg speed sedang sampai tercampur rata, mengembang & lembut. 3. Masukkan bahan kering seperti tepung & susu campur menggunakan spatula hanya sampai tercampur & jangan over mixing., 4. Ambil sebagian adonan lalu tambahkan pewarna hijau campur rata., 5. Bulatkan adonan sebesar 22gr, adonan hijau 3gr, selai 10gr 6. Bulatkan adonan kuning lalu pipihkan masukkan selai (jngn smp bocor). 7. Masukkan adonan hijau kedalam cetakan yang dibagian daun. Lalu masukkan adonan yg telah diisi selai & rapikan. Lalu cetak adonan & keluarka di loyang yang telah dialasi baking paper., 8. Oven pada suhu 100°C api atas bawah 20menit lalu keluarkan. (Agar nastar tidak pecah) 9. Tunggu dingin. Lalu olesi dengan kuning telur sampai rata & panggang lagi sampai matang. Kira2 20-30menit., Taiwan Pineapple Tart siap dinikmati."
resep-24888784,nastar,https://cookpad.com/id/resep/24888784,Nastar,https://img-global.cpcdn.com/recipes/afaa77cfbf1dc16c/1200x630cq80/photo.jpg,"['4 bungkus margarine blue band (total 800 gr)', '2 bungkus mentega (total 200gr)', '1 bungkus gula halus', '1 kg tepung terigu segitiga biru', '100 gr tepung mainzenna', '10 butir kuning telur (6 untuk adonan, 4 untuk olesan)', '2 bungkus susu bubuk dancow', '2 bungkus keju serbaguna', '500 gr selai nanas']","[{'text': 'Campur margarin, mentega, gula halus kemudian di mixer dgn kecepatan rendah sampai semua tercampur rata', 'images': []}, {'text': 'Tambahkan telur kuning, mixer hingga tercampur rata', 'images': []}, {'text': 'Tambahkan tepung maizenna yg sudah diayak dan susu bubuk aduk terus hingga tercampur rata', 'images': []}, {'text': 'Tambahkan tepung terigu yg sudah di ayak, kemudian di aduk hingga tercampur rata', 'images': []}, {'text': 'Aduk terus hingga adonan bisa di bentuk bulat (tidak keras dan tidak lembek)', 'images': []}, {'text': 'Bulatkan sesuai ukuran kemudian pipihkan dan masukan selai nanas ke dalam kemudian bulatkan lagi', 'images': []}, {'text': 'Oleskan kuning telur diatas adonan tadi dan diberi keju, lakukan kesemuanya.', 'images': []}, {'text': 'Kemudian oven dgn suhu 150 derajat dalam 30 menit, sesuaikan dgn oven masing2. Jika dirasa kurang matang boleh di tambahin waktunya, jika terlalu cepat matang boleh dikurangi waktunya', 'images': []}]","Campur margarin, mentega, gula halus kemudian di mixer dgn kecepatan rendah sampai semua tercampur rata, Tambahkan telur kuning, mixer hingga tercampur rata, Tambahkan tepung maizenna yg sudah diayak dan susu bubuk aduk terus hingga tercampur rata, Tambahkan tepung terigu yg sudah di ayak, kemudian di aduk hingga tercampur rata, Aduk terus hingga adonan bisa di bentuk bulat (tidak keras dan tidak lembek), Bulatkan sesuai ukuran kemudian pipihkan dan masukan selai nanas ke dalam kemudian bulatkan lagi, Oleskan kuning telur diatas adonan tadi dan diberi keju, lakukan kesemuanya., Kemudian oven dgn suhu 150 derajat dalam 30 menit, sesuaikan dgn oven masing2. Jika dirasa kurang matang boleh di tambahin waktunya, jika terlalu cepat matang boleh dikurangi waktunya","margarine total, mentega total, gula, tepung terigu biru, tepung mainzenna, kuning telur, susu bubuk cow, keju serbaguna, selai nanas","nastar Nastar Bahan margarine total, mentega total, gula, tepung terigu biru, tepung mainzenna, kuning telur, susu bubuk cow, keju serbaguna, selai nanas Langkah-Langkah Campur margarin, mentega, gula halus kemudian di mixer dgn kecepatan rendah sampai semua tercampur rata, Tambahkan telur kuning, mixer hingga tercampur rata, Tambahkan tepung maizenna yg sudah diayak dan susu bubuk aduk terus hingga tercampur rata, Tambahkan tepung terigu yg sudah di ayak, kemudian di aduk hingga tercampur rata, Aduk terus hingga adonan bisa di bentuk bulat (tidak keras dan tidak lembek), Bulatkan sesuai ukuran kemudian pipihkan dan masukan selai nanas ke dalam kemudian bulatkan lagi, Oleskan kuning telur diatas adonan tadi dan diberi keju, lakukan kesemuanya., Kemudian oven dgn suhu 150 derajat dalam 30 menit, sesuaikan dgn oven masing2. Jika dirasa kurang matang boleh di tambahin waktunya, jika terlalu cepat matang boleh dikurangi waktunya"
resep-24880332,nastar,https://cookpad.com/id/resep/24880332,Nastar gulung alat sederhana,https://img-global.cpcdn.com/recipes/a1ae76a051d79c67/1200x630cq80/photo.jpg,"['secukupnya Selai nanas', '2 kuning telur', '60 gr gula halus', '200 gr butter', '30 gr susu bubuk', '300 gr terigu protein rendah', '50 gr tepung maizena', 'Olesan :', '2 kuning telur', '1 SDM minyak', '1 SDM air', '1/4 sdt lustre dust / bubuk gold']","[{'text': 'Satukan dalam baskom semua bahan kulit nastar, kecuali tepung. Whisk hingga halus, lalu tambahkan terigu dan maizena uleni', 'images': ['https://img-global.cpcdn.com/steps/bbb40b86f81c1e92/400x400cq80/photo.jpg', 'https://img-global.cpcdn.com/steps/1617c5591779b4ea/400x400cq80/photo.jpg', 'https://img-global.cpcdn.com/steps/a43e8849c069e883/400x400cq80/photo.jpg']}, {'text': 'Ambil cetakan seperti di gambar, ambil satubsendok takaran lalu pipihkan di atas cetakan, taruh selai bentuk memanjang lalu gulung adonan seperti di gambar', 'images': ['https://img-global.cpcdn.com/steps/cb112e3001c96930/400x400cq80/photo.jpg', 'https://img-global.cpcdn.com/steps/43a004024cd3cca2/400x400cq80/photo.jpg', 'https://img-global.cpcdn.com/steps/0bf5f67264bb6409/400x400cq80/photo.jpg']}, {'text': 'Tata dalam loyang yang sudah di olesi margarin atau Carlo buat bahan olesan,aduk dengan kuas kecil, panggang kue nastar hingga setengah matang dengan api terkecil kira kira 30 menit lalu oles dengan olesan saat nastar panas', 'images': ['https://img-global.cpcdn.com/steps/cecd2279b2543934/400x400cq80/photo.jpg', 'https://img-global.cpcdn.com/steps/dd7f4c8fb605c3d2/400x400cq80/photo.jpg', 'https://img-global.cpcdn.com/steps/b29934c0d8e5c43b/400x400cq80/photo.jpg']}, {'text': 'Panggang lagi hingga matang benar atau kira kira 10 menit, angkat dan dinginkan baru tata dalam toples', 'images': ['https://img-global.cpcdn.com/steps/e1fde369e84eea64/400x400cq80/photo.jpg', 'https://img-global.cpcdn.com/steps/ca57b182d9da6b55/400x400cq80/photo.jpg', 'https://img-global.cpcdn.com/steps/904fdda051966fcb/400x400cq80/photo.jpg']}]","Satukan dalam baskom semua bahan kulit nastar, kecuali tepung. Whisk hingga halus, lalu tambahkan terigu dan maizena uleni, Ambil cetakan seperti di gambar, ambil satubsendok takaran lalu pipihkan di atas cetakan, taruh selai bentuk memanjang lalu gulung adonan seperti di gambar, Tata dalam loyang yang sudah di olesi margarin atau Carlo buat bahan olesan,aduk dengan kuas kecil, panggang kue nastar hingga setengah matang dengan api terkecil kira kira 30 menit lalu oles dengan olesan saat nastar panas, Panggang lagi hingga matang benar atau kira kira 10 menit, angkat dan dinginkan baru tata dalam toples","selai nanas, kuning telur, gula, butter, susu bubuk, terigu protein rendah, tepung maizena, olesan, kuning telur, minyak, air, lustre dust bubuk gold","nastar Nastar gulung alat sederhana Bahan selai nanas, kuning telur, gula, butter, susu bubuk, terigu protein rendah, tepung maizena, olesan, kuning telur, minyak, air, lustre dust bubuk gold Langkah-Langkah Satukan dalam baskom semua bahan kulit nastar, kecuali tepung. Whisk hingga halus, lalu tambahkan terigu dan maizena uleni, Ambil cetakan seperti di gambar, ambil satubsendok takaran lalu pipihkan di atas cetakan, taruh selai bentuk memanjang lalu gulung adonan seperti di gambar, Tata dalam loyang yang sudah di olesi margarin atau Carlo buat bahan olesan,aduk dengan kuas kecil, panggang kue nastar hingga setengah matang dengan api terkecil kira kira 30 menit lalu oles dengan olesan saat nastar panas, Panggang lagi hingga matang benar atau kira kira 10 menit, angkat dan dinginkan baru tata dalam toples"
resep-24900658,kastengel,https://cookpad.com/id/resep/24900658,KASTENGEL Gluten Free,https://img-global.cpcdn.com/recipes/e70998c15c289fb1/1200x630cq80/photo.jpg,"['15 g BOLA Deli Gula Halus', '150 g butter', '1 btr telur', '120 g BOLA Deli Tepung Beras', '50 g BOLA Deli Tepung Ketan', '25 BOLA Deli Tepung maizena', '150 g keju cheddar parut', '1 kuning telur', '2 sdm minyak goreng', '1 sdm kental manis putih', '1 Batang Keju cheddar parut']","[{'text': 'Kocok bahan A sampai tercampur rata.', 'images': []}, {'text': 'Masukan bahan B secara bertahap aduk sampai adonan bisa dibentuk.', 'images': []}, {'text': 'Gilas adonan bentuk kotak, susun dalam loyang yang sudah dipoles margarin dan dialasi kertas roti.', 'images': []}, {'text': 'Campur semua bahan polesan, poles diatas kue sampai rata lalu beri topping keju cheddar parut.', 'images': []}, {'text': 'Oven kue selama 30 menit dengan suhu 150 derajat api atas bawah', 'images': []}, {'text': 'Setelah matang, angkat kue dan dinginkan.', 'images': []}, {'text': 'Simpan kastengel dalam toples kedap udara.', 'images': []}]","Kocok bahan A sampai tercampur rata., Masukan bahan B secara bertahap aduk sampai adonan bisa dibentuk., Gilas adonan bentuk kotak, susun dalam loyang yang sudah dipoles margarin dan dialasi kertas roti., Campur semua bahan polesan, poles diatas kue sampai rata lalu beri topping keju cheddar parut., Oven kue selama 30 menit dengan suhu 150 derajat api atas bawah, Setelah matang, angkat kue dan dinginkan., Simpan kastengel dalam toples kedap udara.","bola deli gula, butter, telur, bola deli tepung beras, bola deli tepung ketan, bola deli tepung maizena, keju cheddar, kuning telur, minyak goreng, kental manis putih, keju cheddar","kastengel KASTENGEL Gluten Free Bahan bola deli gula, butter, telur, bola deli tepung beras, bola deli tepung ketan, bola deli tepung maizena, keju cheddar, kuning telur, minyak goreng, kental manis putih, keju cheddar Langkah-Langkah Kocok bahan A sampai tercampur rata., Masukan bahan B secara bertahap aduk sampai adonan bisa dibentuk., Gilas adonan bentuk kotak, susun dalam loyang yang sudah dipoles margarin dan dialasi kertas roti., Campur semua bahan polesan, poles diatas kue sampai rata lalu beri topping keju cheddar parut., Oven kue selama 30 menit dengan suhu 150 derajat api atas bawah, Setelah matang, angkat kue dan dinginkan., Simpan kastengel dalam toples kedap udara."
resep-24798543,kastengel,https://cookpad.com/id/resep/24798543,Kastengel,https://img-global.cpcdn.com/recipes/6f69b5fb8da6219b/1200x630cq80/photo.jpg,"['500 gr terigu pro rendah/sedang (disangrai)', '40 gr maizena', '4 sdm gula halus', '350 gr margarin mix mentega', '2 sdm susu bubuk', '2 btr kuning telur', '200 gr keju chedar (boleh mix edam)', 'Topping = keju slice di iris panjang']","[{'text': 'Masukkan gula halus dan mentega/margarin..mixer sebentar sampai rata. Masukman kuningbtelur mixer lg sebentar.', 'images': []}, {'text': 'Masukkan keju chedar yg sdh diparut..aduk rata', 'images': []}, {'text': 'Campur terigu sangrai, maizena, susu bubuk aduk rata', 'images': []}, {'text': 'Masukkan campuran tepung ke dalam adonan basah sedikit demi sedikit. Campur sampai rata', 'images': []}, {'text': 'Cetak /potong adonan sesuai selera..kasih toping', 'images': ['https://img-global.cpcdn.com/steps/2d75de9f5e9ca661/400x400cq80/photo.jpg']}, {'text': 'Sebelumnya oven dipanasskan dulu 10 menit', 'images': []}, {'text': 'Oven dengan api atas bawah suhu 140° c selama 30 mnt-45 mnt sampe matang sesuai oven masing2..', 'images': ['https://img-global.cpcdn.com/steps/ffc09162c45c60c0/400x400cq80/photo.jpg']}]","Masukkan gula halus dan mentega/margarin..mixer sebentar sampai rata. Masukman kuningbtelur mixer lg sebentar., Masukkan keju chedar yg sdh diparut..aduk rata, Campur terigu sangrai, maizena, susu bubuk aduk rata, Masukkan campuran tepung ke dalam adonan basah sedikit demi sedikit. Campur sampai rata, Cetak /potong adonan sesuai selera..kasih toping, Sebelumnya oven dipanasskan dulu 10 menit, Oven dengan api atas bawah suhu 140° c selama 30 mnt-45 mnt sampe matang sesuai oven masing2..","terigu, maizena, gula, margarin mix mentega, susu bubuk, kuning telur, keju chedar, keju slice","kastengel Kastengel Bahan terigu, maizena, gula, margarin mix mentega, susu bubuk, kuning telur, keju chedar, keju slice Langkah-Langkah Masukkan gula halus dan mentega/margarin..mixer sebentar sampai rata. Masukman kuningbtelur mixer lg sebentar., Masukkan keju chedar yg sdh diparut..aduk rata, Campur terigu sangrai, maizena, susu bubuk aduk rata, Masukkan campuran tepung ke dalam adonan basah sedikit demi sedikit. Campur sampai rata, Cetak /potong adonan sesuai selera..kasih toping, Sebelumnya oven dipanasskan dulu 10 menit, Oven dengan api atas bawah suhu 140° c selama 30 mnt-45 mnt sampe matang sesuai oven masing2.."
resep-24782828,kastengel,https://cookpad.com/id/resep/24782828,Kaastengels Ekonomis Tanpa Telur,https://img-global.cpcdn.com/recipes/e446617504311522/1200x630cq80/photo.jpg,"['225 gr terigu protein rendah', '25 gr maizena', '30 gr susu bubuk', '165 gr butter/ margarin', '150 gr keju cheddar parut', '1/2 butir kuning telur', '1 sdm minyak goreng', 'Secukupnya keju chedar parut']","[{'text': 'Dalam wadah, campur terigu, maizena, dan susu bubuk, aduk rata. Chopper keju parut, lalu masukkan ke dalam campuran tepung, aduk rata.', 'images': ['https://img-global.cpcdn.com/steps/248753323c017816/400x400cq80/photo.jpg', 'https://img-global.cpcdn.com/steps/39a64ac7f53b3152/400x400cq80/photo.jpg', 'https://img-global.cpcdn.com/steps/0900531bdf76b06c/400x400cq80/photo.jpg']}, {'text': 'Masukkan butter/margarin, aduk lagi sampai tercampur rata (cukup pakai spatula).', 'images': ['https://img-global.cpcdn.com/steps/6a563f49a11fe092/400x400cq80/photo.jpg', 'https://img-global.cpcdn.com/steps/c72ca255f90290fc/400x400cq80/photo.jpg']}, {'text': 'Siapkan alas kerja, gilas adonan lalu cetak (saya pakai cetakan, bisa juga dengan cara di potong2 biasa). Olesi atasnya dengan bahan olesan, taburi keju parut.', 'images': ['https://img-global.cpcdn.com/steps/13412c25ede4cc89/400x400cq80/photo.jpg', 'https://img-global.cpcdn.com/steps/7fb73f5cc8daac88/400x400cq80/photo.jpg', 'https://img-global.cpcdn.com/steps/9ea249754207c646/400x400cq80/photo.jpg']}, {'text': 'Panggang dengan suhu 140-150° C selama 35-40 menit atau hingga matang, angkat, dinginkan.', 'images': ['https://img-global.cpcdn.com/steps/319d5a62e688cc5a/400x400cq80/photo.jpg', 'https://img-global.cpcdn.com/steps/ea556eaa22901826/400x400cq80/photo.jpg']}]","Dalam wadah, campur terigu, maizena, dan susu bubuk, aduk rata. Chopper keju parut, lalu masukkan ke dalam campuran tepung, aduk rata., Masukkan butter/margarin, aduk lagi sampai tercampur rata (cukup pakai spatula)., Siapkan alas kerja, gilas adonan lalu cetak (saya pakai cetakan, bisa juga dengan cara di potong2 biasa). Olesi atasnya dengan bahan olesan, taburi keju parut., Panggang dengan suhu 140-150° C selama 35-40 menit atau hingga matang, angkat, dinginkan.","terigu protein rendah, maizena, susu bubuk, butter margarin, keju cheddar, kuning telur, minyak goreng, keju chedar","kastengel Kaastengels Ekonomis Tanpa Telur Bahan terigu protein rendah, maizena, susu bubuk, butter margarin, keju cheddar, kuning telur, minyak goreng, keju chedar Langkah-Langkah Dalam wadah, campur terigu, maizena, dan susu bubuk, aduk rata. Chopper keju parut, lalu masukkan ke dalam campuran tepung, aduk rata., Masukkan butter/margarin, aduk lagi sampai tercampur rata (cukup pakai spatula)., Siapkan alas kerja, gilas adonan lalu cetak (saya pakai cetakan, bisa juga dengan cara di potong2 biasa). Olesi atasnya dengan bahan olesan, taburi keju parut., Panggang dengan suhu 140-150° C selama 35-40 menit atau hingga matang, angkat, dinginkan."
resep-24782810,kastengel,https://cookpad.com/id/resep/24782810,Kastengel,https://img-global.cpcdn.com/recipes/e140cc20d9b64768/1200x630cq80/photo.jpg,"['200 gr mentega(saya pakai palmia mix margarin)', '250 gr tepung terigu kunci biru', '2 butir kuning telur', '1 sdm susu bubuk Dancow', '50 gr tepung maizena Rose Brand', '100 gr keju cheddar parut(saya masukkan kulkas sekitar 30menit agar tekstur sedikit kering)', '1 butir kuning telur', '50 gr keju cheddar parut(taburan)']","[{'text': 'Siapkan semua bahan(maaf disini saya g pake gula halus tapi ikut nimbrung dalam foto )', 'images': ['https://img-global.cpcdn.com/steps/0d4656ee362560e6/400x400cq80/photo.jpg']}, {'text': 'Campurkan mentenga dan kuning telur,aduk hingga rata.', 'images': ['https://img-global.cpcdn.com/steps/3c7144bd99aae4aa/400x400cq80/photo.jpg']}, {'text': 'Masukkan susu bubuk,tepung maizena dan tepung terigu,aduk hingga Kalis.', 'images': ['https://img-global.cpcdn.com/steps/8b5cbada2b282fab/400x400cq80/photo.jpg', 'https://img-global.cpcdn.com/steps/aca08008cfeaf202/400x400cq80/photo.jpg']}, {'text': 'Tambahkan keju parut,uleni sebentar.Gilas adonan setebal 1cm,cetak sesuai selera.', 'images': ['https://img-global.cpcdn.com/steps/235235fdae88f7a1/400x400cq80/photo.jpg', 'https://img-global.cpcdn.com/steps/4077cbad4792a8ea/400x400cq80/photo.jpg']}, {'text': 'Susun dalam loyang,oles kuning telur dan taburi dengan keju.panggang di oven selama 30menit,hingga matang(sesuaikan dengan oven masing masing,oven sudah saya panaskan terlebih dahulu dengan api kecil)', 'images': ['https://img-global.cpcdn.com/steps/59934cdb1cd69aab/400x400cq80/photo.jpg', 'https://img-global.cpcdn.com/steps/38e4d13b3c99e9b8/400x400cq80/photo.jpg', 'https://img-global.cpcdn.com/steps/64c81c0a31d7878b/400x400cq80/photo.jpg']}, {'text': 'Sebaiknya tunggu cookies hingga suhu ruang baru tata dalam toples kedap udara.', 'images': ['https://img-global.cpcdn.com/steps/04f9e992fc2435c6/400x400cq80/photo.jpg', 'https://img-global.cpcdn.com/steps/8db143be0801e87e/400x400cq80/photo.jpg']}, {'text': 'Selamat mencoba', 'images': []}]","Siapkan semua bahan(maaf disini saya g pake gula halus tapi ikut nimbrung dalam foto ), Campurkan mentenga dan kuning telur,aduk hingga rata., Masukkan susu bubuk,tepung maizena dan tepung terigu,aduk hingga Kalis., Tambahkan keju parut,uleni sebentar.Gilas adonan setebal 1cm,cetak sesuai selera., Susun dalam loyang,oles kuning telur dan taburi dengan keju.panggang di oven selama 30menit,hingga matang(sesuaikan dengan oven masing masing,oven sudah saya panaskan terlebih dahulu dengan api kecil), Sebaiknya tunggu cookies hingga suhu ruang baru tata dalam toples kedap udara., Selamat mencoba","mentegasaya, tepung terigu kunci biru, kuning telur, susu bubuk cow, tepung maizena rose brand, keju cheddar, kuning telur, keju cheddar","kastengel Kastengel Bahan mentegasaya, tepung terigu kunci biru, kuning telur, susu bubuk cow, tepung maizena rose brand, keju cheddar, kuning telur, keju cheddar Langkah-Langkah Siapkan semua bahan(maaf disini saya g pake gula halus tapi ikut nimbrung dalam foto ), Campurkan mentenga dan kuning telur,aduk hingga rata., Masukkan susu bubuk,tepung maizena dan tepung terigu,aduk hingga Kalis., Tambahkan keju parut,uleni sebentar.Gilas adonan setebal 1cm,cetak sesuai selera., Susun dalam loyang,oles kuning telur dan taburi dengan keju.panggang di oven selama 30menit,hingga matang(sesuaikan dengan oven masing masing,oven sudah saya panaskan terlebih dahulu dengan api kecil), Sebaiknya tunggu cookies hingga suhu ruang baru tata dalam toples kedap udara., Selamat mencoba"
resep-24631459,kastengel,https://cookpad.com/id/resep/24631459,Kastengel Simple,https://img-global.cpcdn.com/recipes/87f5b575db68f200/1200x630cq80/photo.jpg,"['50 gram Gula Halus (Gula Halus Rose Brand diblender)', '200 gram Butter / Mentega', '100 gram Margarin', '3 butir Kuning Telur', '200 gram Keju Cheddar diparut', '1/2 sendok teh Garam Halus', '400 gram Terigu Pro Rendah', '100 gram Maizena Rose Brand', '27 gram Susu Bubuk', '1 sendok teh Baking Powder (optional bisa tidak pakai)', 'Secukupnya Kuning Telur dan UHT Plain untuk olesan (perbandingan 3 kuning telur dan 1 sendok teh UHT', 'Secukupnya Keju Cheddar parut untuk taburan']","[{'text': 'Persiapan alat dan bahan. Bahan B dicampur jadi satu aduk rata. Bahan A diaduk dan dicampur hingga rata, gunakan mixer dengan speed rendah. Cukup mixer hingga asal rata saja. Keju parut dimasukkan.', 'images': ['https://img-global.cpcdn.com/steps/1f08dd3e55877bb9/400x400cq80/photo.jpg', 'https://img-global.cpcdn.com/steps/b4f55bc50c41649c/400x400cq80/photo.jpg', 'https://img-global.cpcdn.com/steps/01dff0414bd98b7f/400x400cq80/photo.jpg']}, {'text': 'Setelah bahan B tercampur rata, masukkan bahan A. Aduk lagi hingga tercampur rata.', 'images': ['https://img-global.cpcdn.com/steps/2e4265afaa3fd5b3/400x400cq80/photo.jpg', 'https://img-global.cpcdn.com/steps/4d6a5ba27e75f55a/400x400cq80/photo.jpg', 'https://img-global.cpcdn.com/steps/49a8cefc1ad0390e/400x400cq80/photo.jpg']}, {'text': 'Siapkan loyang, letakkan adonan kemudian tekan tekan hingga padat.', 'images': ['https://img-global.cpcdn.com/steps/5d98763d9f79fa1d/400x400cq80/photo.jpg', 'https://img-global.cpcdn.com/steps/3f9a356bae730899/400x400cq80/photo.jpg']}, {'text': 'Olesi permukaan kue dengan kuning telur kemudian taburi permukaannya dengan keju parut.', 'images': ['https://img-global.cpcdn.com/steps/beacc9bdd3845626/400x400cq80/photo.jpg']}, {'text': 'Cetak adonan dengan cetakan kastengel.', 'images': ['https://img-global.cpcdn.com/steps/8fe31a8fe2a8877e/400x400cq80/photo.jpg', 'https://img-global.cpcdn.com/steps/9ff0efeabf764fc2/400x400cq80/photo.jpg', 'https://img-global.cpcdn.com/steps/44856e74d678d636/400x400cq80/photo.jpg']}, {'text': 'Panggang di oven dengan suhu 170°C (sesuai dengan oven masing masing) hingga matang.', 'images': ['https://img-global.cpcdn.com/steps/fa35c06918748659/400x400cq80/photo.jpg', 'https://img-global.cpcdn.com/steps/993643b2b68db9ef/400x400cq80/photo.jpg']}, {'text': 'Setelah matang, biarkan dingin terlebih dahulu baru dilepas dari loyang dan sajikan. Atau kalau mau disimpan untuk stok maka menyimpannya dalam toples yang bertutup rapat.', 'images': ['https://img-global.cpcdn.com/steps/a84d08a182bf6e3c/400x400cq80/photo.jpg']}]","Persiapan alat dan bahan. Bahan B dicampur jadi satu aduk rata. Bahan A diaduk dan dicampur hingga rata, gunakan mixer dengan speed rendah. Cukup mixer hingga asal rata saja. Keju parut dimasukkan., Setelah bahan B tercampur rata, masukkan bahan A. Aduk lagi hingga tercampur rata., Siapkan loyang, letakkan adonan kemudian tekan tekan hingga padat., Olesi permukaan kue dengan kuning telur kemudian taburi permukaannya dengan keju parut., Cetak adonan dengan cetakan kastengel., Panggang di oven dengan suhu 170°C (sesuai dengan oven masing masing) hingga matang., Setelah matang, biarkan dingin terlebih dahulu baru dilepas dari loyang dan sajikan. Atau kalau mau disimpan untuk stok maka menyimpannya dalam toples yang bertutup rapat.","gula gula rose brand, butter mentega, margarin, kuning telur, keju cheddar, teh garam, terigu, maizena rose brand, susu bubuk, teh baking powder, kuning telur uht plain, keju cheddar","kastengel Kastengel Simple Bahan gula gula rose brand, butter mentega, margarin, kuning telur, keju cheddar, teh garam, terigu, maizena rose brand, susu bubuk, teh baking powder, kuning telur uht plain, keju cheddar Langkah-Langkah Persiapan alat dan bahan. Bahan B dicampur jadi satu aduk rata. Bahan A diaduk dan dicampur hingga rata, gunakan mixer dengan speed rendah. Cukup mixer hingga asal rata saja. Keju parut dimasukkan., Setelah bahan B tercampur rata, masukkan bahan A. Aduk lagi hingga tercampur rata., Siapkan loyang, letakkan adonan kemudian tekan tekan hingga padat., Olesi permukaan kue dengan kuning telur kemudian taburi permukaannya dengan keju parut., Cetak adonan dengan cetakan kastengel., Panggang di oven dengan suhu 170°C (sesuai dengan oven masing masing) hingga matang., Setelah matang, biarkan dingin terlebih dahulu baru dilepas dari loyang dan sajikan. Atau kalau mau disimpan untuk stok maka menyimpannya dalam toples yang bertutup rapat."
resep-24907911,kue kacang,https://cookpad.com/id/resep/24907911,Kue kacang cokelat,https://img-global.cpcdn.com/recipes/618356620e2f9a7a/1200x630cq80/photo.jpg,"['2 liter (200 gram) kacang tanah yg telah disangrai dan di cincang kasar', '2 gls belimbing (400 gram) gula pasir', '1 bks (80-90 gram) cokelat vanhouten', '4 butir telur', '1 bks susu dancow kecil', 'secukupnya Vanili']","[{'text': 'Campur gula pasir, telur, vanili lalu mixer. Masukkan susu bubuk dan cokelat bubuk', 'images': ['https://img-global.cpcdn.com/steps/677a68156d9135fa/400x400cq80/photo.jpg', 'https://img-global.cpcdn.com/steps/fefcdb377a2d1315/400x400cq80/photo.jpg', 'https://img-global.cpcdn.com/steps/ecce039462edb6cb/400x400cq80/photo.jpg']}, {'text': 'Masukkan cokelat bubuk lalu mixer kembali sampai rata. Masukkan kacang cincang', 'images': ['https://img-global.cpcdn.com/steps/747c961da5ba3135/400x400cq80/photo.jpg', 'https://img-global.cpcdn.com/steps/9f898e40fae53f1f/400x400cq80/photo.jpg', 'https://img-global.cpcdn.com/steps/6db59a583d960718/400x400cq80/photo.jpg']}, {'text': 'Aduk kembali sampai rata pakai spatula', 'images': ['https://img-global.cpcdn.com/steps/5ffca1ca5396276b/400x400cq80/photo.jpg', 'https://img-global.cpcdn.com/steps/ebd8033403db2eb9/400x400cq80/photo.jpg', 'https://img-global.cpcdn.com/steps/c4d610d671d618fa/400x400cq80/photo.jpg']}, {'text': 'Sendok adonan ke loyang yg telah dioles margarin, ukurannya sesuai selera, panggang di dalam oven panas sampai permukaannya kering dan matang. Angkat dan diamkan sebentar lalu buka dari loyang.', 'images': ['https://img-global.cpcdn.com/steps/4a37ec80dd3c8904/400x400cq80/photo.jpg', 'https://img-global.cpcdn.com/steps/1f13efe71c378ed3/400x400cq80/photo.jpg', 'https://img-global.cpcdn.com/steps/f95fa6951a26bfc9/400x400cq80/photo.jpg']}, {'text': 'Setelah dingin masukkan dalam wadah kedap udara.', 'images': ['https://img-global.cpcdn.com/steps/eea571274a7e7758/400x400cq80/photo.jpg']}]","Campur gula pasir, telur, vanili lalu mixer. Masukkan susu bubuk dan cokelat bubuk, Masukkan cokelat bubuk lalu mixer kembali sampai rata. Masukkan kacang cincang, Aduk kembali sampai rata pakai spatula, Sendok adonan ke loyang yg telah dioles margarin, ukurannya sesuai selera, panggang di dalam oven panas sampai permukaannya kering dan matang. Angkat dan diamkan sebentar lalu buka dari loyang., Setelah dingin masukkan dalam wadah kedap udara.","kacang tanah, belimbing gula pasir, cokelat vanhouten, telur, susu cow kecil, vanili","kue kacang Kue kacang cokelat Bahan kacang tanah, belimbing gula pasir, cokelat vanhouten, telur, susu cow kecil, vanili Langkah-Langkah Campur gula pasir, telur, vanili lalu mixer. Masukkan susu bubuk dan cokelat bubuk, Masukkan cokelat bubuk lalu mixer kembali sampai rata. Masukkan kacang cincang, Aduk kembali sampai rata pakai spatula, Sendok adonan ke loyang yg telah dioles margarin, ukurannya sesuai selera, panggang di dalam oven panas sampai permukaannya kering dan matang. Angkat dan diamkan sebentar lalu buka dari loyang., Setelah dingin masukkan dalam wadah kedap udara."
resep-24881425,kue kacang,https://cookpad.com/id/resep/24881425,Kue Kacang,https://img-global.cpcdn.com/recipes/62aab9f053e2aec7/1200x630cq80/photo.jpg,"['100 gram mentega', '75 gram butter', '250 gram Kacang tanah, sangrai', '225 gram tepung terigu', '2 buah kuning telur, kocok lepas', '125 gram gula halus', '1/2 sdt ekstrak vanilla', '1 buah kuning telur', '2 sdt susu cair']","[{'text': 'Haluskan kacang tanah, sisihkan', 'images': []}, {'text': 'Campur tepung terigu, telur, gula halus, vanilla dan kacang tanah halus, aduk rata', 'images': ['https://img-global.cpcdn.com/steps/1c08d6e9eff7b245/400x400cq80/photo.jpg']}, {'text': 'Tambahkan mentega dan butter yang dilelehkan, aduk menggunakan spatula hingga rata', 'images': ['https://img-global.cpcdn.com/steps/602bf5803021030f/400x400cq80/photo.jpg', 'https://img-global.cpcdn.com/steps/f719041b4acc0a9c/400x400cq80/photo.jpg']}, {'text': 'Gilas adonan di antara 2 lembar plastik, cetak adonan sesuai selera, atur di atas loyang yang sudah diolesi mentega. Beri jarak', 'images': ['https://img-global.cpcdn.com/steps/24f54e1741097f69/400x400cq80/photo.jpg', 'https://img-global.cpcdn.com/steps/f737ef3fbb179345/400x400cq80/photo.jpg']}, {'text': 'Olesi permukaan adonan dengan campuran olesan, lalu panggang dalam oven yang sudah dipanaskan sebelumnya selama ±25 menit (sesuai oven masing-masing) sampai permukaannya berwarna kuning kecoklatan', 'images': []}, {'text': 'Dinginkan, lalu masukkan ke dalam toples', 'images': ['https://img-global.cpcdn.com/steps/70436076f90bc186/400x400cq80/photo.jpg']}]","Haluskan kacang tanah, sisihkan, Campur tepung terigu, telur, gula halus, vanilla dan kacang tanah halus, aduk rata, Tambahkan mentega dan butter yang dilelehkan, aduk menggunakan spatula hingga rata, Gilas adonan di antara 2 lembar plastik, cetak adonan sesuai selera, atur di atas loyang yang sudah diolesi mentega. Beri jarak, Olesi permukaan adonan dengan campuran olesan, lalu panggang dalam oven yang sudah dipanaskan sebelumnya selama ±25 menit (sesuai oven masing-masing) sampai permukaannya berwarna kuning kecoklatan, Dinginkan, lalu masukkan ke dalam toples","mentega, butter, kacang tanah, tepung terigu, kuning telur, gula, ekstrak vanilla, kuning telur, susu cair","kue kacang Kue Kacang Bahan mentega, butter, kacang tanah, tepung terigu, kuning telur, gula, ekstrak vanilla, kuning telur, susu cair Langkah-Langkah Haluskan kacang tanah, sisihkan, Campur tepung terigu, telur, gula halus, vanilla dan kacang tanah halus, aduk rata, Tambahkan mentega dan butter yang dilelehkan, aduk menggunakan spatula hingga rata, Gilas adonan di antara 2 lembar plastik, cetak adonan sesuai selera, atur di atas loyang yang sudah diolesi mentega. Beri jarak, Olesi permukaan adonan dengan campuran olesan, lalu panggang dalam oven yang sudah dipanaskan sebelumnya selama ±25 menit (sesuai oven masing-masing) sampai permukaannya berwarna kuning kecoklatan, Dinginkan, lalu masukkan ke dalam toples"
resep-24563092,kue kacang,https://cookpad.com/id/resep/24563092,Kue Kacang,https://img-global.cpcdn.com/recipes/b1cdb8f1de6eff49/1200x630cq80/photo.jpg,"['1/2 kg kacang', '1 kg tepung terigu segitiga', '1/2 kg gula halus', '2 pcs vanili', '1/2 sdm garam', '500 ml minyak goreng', '2 kuning telur, pewarna kuning muda, minyak goreng secukupnya']","[{'text': 'Campurkan bahan-bahan aduk kering secara merata lalu tuang minyak sedikit demi sedikit', 'images': []}, {'text': 'Setelah adonan tercampur, siap untuk dicetak', 'images': []}, {'text': 'Panggang pada suhu 170°C api atas bawah, tukar balik loyang agar kue matang sempurna', 'images': []}, {'text': 'Siap untuk dihidangkan', 'images': []}]","Campurkan bahan-bahan aduk kering secara merata lalu tuang minyak sedikit demi sedikit, Setelah adonan tercampur, siap untuk dicetak, Panggang pada suhu 170°C api atas bawah, tukar balik loyang agar kue matang sempurna, Siap untuk dihidangkan","kacang, tepung terigu, gula, vanili, garam, minyak goreng, kuning telur","kue kacang Kue Kacang Bahan kacang, tepung terigu, gula, vanili, garam, minyak goreng, kuning telur Langkah-Langkah Campurkan bahan-bahan aduk kering secara merata lalu tuang minyak sedikit demi sedikit, Setelah adonan tercampur, siap untuk dicetak, Panggang pada suhu 170°C api atas bawah, tukar balik loyang agar kue matang sempurna, Siap untuk dihidangkan"
resep-24793318,kue kacang,https://cookpad.com/id/resep/24793318,Kue Kacang Bimoli,https://img-global.cpcdn.com/recipes/456c4bfab40aecaf/1200x630cq80/photo.jpg,"['300 gr Kacang tanah (sangrai, buang kulit lalu haluskan)', '300 gr Gula halus', '600 gr Tepung terigu', '2 gelas belimbing Minyak goreng (-+400 ml)', 'Secukupnya Kacang sangrai yang telah dikupas (optional)', '1 butir Telur dan sedikit pewarna kuning untuk olesan']","[{'text': 'Siapkan semua bahan.', 'images': ['https://img-global.cpcdn.com/steps/8a6392a70349648c/400x400cq80/photo.jpg']}, {'text': 'Campurkan semua bahan lalu aduk merata. (Masukkan minyak bertahap, satu gelas, satu gelas. Atau jika dirasa adonan sudah lembut, menyatu dan bisa dibentuk maka tidak perlu menggunakan 2 gelas full).', 'images': ['https://img-global.cpcdn.com/steps/e7c216d765d7fee9/400x400cq80/photo.jpg']}, {'text': 'Ambil sedikit bahan lalu gilas menggunakan rolling pin.', 'images': []}, {'text': 'Cetak dan pindahkan ke loyang yang telah diolesi mentega. (Saya hanya mengolesi mentega pada loyang pertama).', 'images': []}, {'text': 'Olesi adonan yang telah di cetak dengan campuran telur dan sedikit pewarna makanan warna kuning.', 'images': []}, {'text': 'Lalu boleh dihias menggunakan kacang tanah yang telah disangrai dan dikupas kulitnya. Tahapan menghias ini optional. Boleh tidak dilakukan.', 'images': []}, {'text': 'Selanjutnya panggang sampai bagian bawah berwarna kecoklatan. (Saya panggang di rak bawah -+5 menit & di rak atas -+5 menit dan perlu diingat agar menyesuaikan dengan kondisi oven masing-masing). Ulangi tahapan gilas, cetak, olesi dan panggang sampai adonan habis.', 'images': []}, {'text': 'Jika sudah matang, angkat dan tunggu sampai kue dingin.', 'images': []}, {'text': 'Selanjutnya susun ke dalam toples.', 'images': []}, {'text': 'Kue Kacang/Bimoli pun siap disajikan.', 'images': ['https://img-global.cpcdn.com/steps/e1e5973bf3fcd198/400x400cq80/photo.jpg']}, {'text': 'Selamat mencoba.', 'images': []}]","Siapkan semua bahan., Campurkan semua bahan lalu aduk merata. (Masukkan minyak bertahap, satu gelas, satu gelas. Atau jika dirasa adonan sudah lembut, menyatu dan bisa dibentuk maka tidak perlu menggunakan 2 gelas full)., Ambil sedikit bahan lalu gilas menggunakan rolling pin., Cetak dan pindahkan ke loyang yang telah diolesi mentega. (Saya hanya mengolesi mentega pada loyang pertama)., Olesi adonan yang telah di cetak dengan campuran telur dan sedikit pewarna makanan warna kuning., Lalu boleh dihias menggunakan kacang tanah yang telah disangrai dan dikupas kulitnya. Tahapan menghias ini optional. Boleh tidak dilakukan., Selanjutnya panggang sampai bagian bawah berwarna kecoklatan. (Saya panggang di rak bawah -+5 menit & di rak atas -+5 menit dan perlu diingat agar menyesuaikan dengan kondisi oven masing-masing). Ulangi tahapan gilas, cetak, olesi dan panggang sampai adonan habis., Jika sudah matang, angkat dan tunggu sampai kue dingin., Selanjutnya susun ke dalam toples., Kue Kacang/Bimoli pun siap disajikan., Selamat mencoba.","kacang tanah, gula, tepung terigu, belimbing minyak goreng, kacang, telur","kue kacang Kue Kacang Bimoli Bahan kacang tanah, gula, tepung terigu, belimbing minyak goreng, kacang, telur Langkah-Langkah Siapkan semua bahan., Campurkan semua bahan lalu aduk merata. (Masukkan minyak bertahap, satu gelas, satu gelas. Atau jika dirasa adonan sudah lembut, menyatu dan bisa dibentuk maka tidak perlu menggunakan 2 gelas full)., Ambil sedikit bahan lalu gilas menggunakan rolling pin., Cetak dan pindahkan ke loyang yang telah diolesi mentega. (Saya hanya mengolesi mentega pada loyang pertama)., Olesi adonan yang telah di cetak dengan campuran telur dan sedikit pewarna makanan warna kuning., Lalu boleh dihias menggunakan kacang tanah yang telah disangrai dan dikupas kulitnya. Tahapan menghias ini optional. Boleh tidak dilakukan., Selanjutnya panggang sampai bagian bawah berwarna kecoklatan. (Saya panggang di rak bawah -+5 menit & di rak atas -+5 menit dan perlu diingat agar menyesuaikan dengan kondisi oven masing-masing). Ulangi tahapan gilas, cetak, olesi dan panggang sampai adonan habis., Jika sudah matang, angkat dan tunggu sampai kue dingin., Selanjutnya susun ke dalam toples., Kue Kacang/Bimoli pun siap disajikan., Selamat mencoba."
resep-24777411,kue kacang,https://cookpad.com/id/resep/24777411,Kue kacang,https://img-global.cpcdn.com/recipes/cbfb0c4aaf3c2010/1200x630cq80/photo.jpg,"['500 gr kacang tanah', '400 gr gula halus', '300 gr mentega', '1 kg tepung terigu', '6 cangkir minyak goreng', 'Secukupnya vanili', 'Secukupnya garam', '3 butir kuning telur']","[{'text': 'Sangrai kacang tanah', 'images': []}, {'text': 'Kemudian blender kacang hingga halus atau tergantung tekstur yg diinginkan', 'images': []}, {'text': 'Ditempat lain campurkan tepung terigu,gula halus,garam dan vanili..', 'images': []}, {'text': 'Aduk merata kemudian tambahkan kacang dan mentega.aduk hingga merata kembali', 'images': []}, {'text': 'Tambahkan minyak goreng secara bertahap', 'images': []}, {'text': 'Aduk hingga adonan merata semua dan jangan terlalu lembek (hasil kue akan terlalu rapuh)', 'images': []}, {'text': 'Jika sudah cetak kue diatas loyang yang telah diolesi margarin', 'images': []}, {'text': 'Olesi kuning telur,dan panggang hingga matang', 'images': []}, {'text': 'Oven sekitar 20 menit dgn api yg cenderung kecil', 'images': []}, {'text': 'Selamat menikmati', 'images': []}]","Sangrai kacang tanah, Kemudian blender kacang hingga halus atau tergantung tekstur yg diinginkan, Ditempat lain campurkan tepung terigu,gula halus,garam dan vanili.., Aduk merata kemudian tambahkan kacang dan mentega.aduk hingga merata kembali, Tambahkan minyak goreng secara bertahap, Aduk hingga adonan merata semua dan jangan terlalu lembek (hasil kue akan terlalu rapuh), Jika sudah cetak kue diatas loyang yang telah diolesi margarin, Olesi kuning telur,dan panggang hingga matang, Oven sekitar 20 menit dgn api yg cenderung kecil, Selamat menikmati","kacang tanah, gula, mentega, tepung terigu, cangkir minyak goreng, vanili, garam, kuning telur","kue kacang Kue kacang Bahan kacang tanah, gula, mentega, tepung terigu, cangkir minyak goreng, vanili, garam, kuning telur Langkah-Langkah Sangrai kacang tanah, Kemudian blender kacang hingga halus atau tergantung tekstur yg diinginkan, Ditempat lain campurkan tepung terigu,gula halus,garam dan vanili.., Aduk merata kemudian tambahkan kacang dan mentega.aduk hingga merata kembali, Tambahkan minyak goreng secara bertahap, Aduk hingga adonan merata semua dan jangan terlalu lembek (hasil kue akan terlalu rapuh), Jika sudah cetak kue diatas loyang yang telah diolesi margarin, Olesi kuning telur,dan panggang hingga matang, Oven sekitar 20 menit dgn api yg cenderung kecil, Selamat menikmati"
resep-24955608,putri salju,https://cookpad.com/id/resep/24955608,Putri salju,https://img-global.cpcdn.com/recipes/34d305a73c221ca4/1200x630cq80/photo.jpg,"['250 gr margarin (100 gr blue band + 150 gr mahal)', '60 gr gula halus dihaluskan', '300 gr tepung terigu protein rendah', '50-70 gr keju parut', '30 gr maizena', '30 gr susu bubuk', 'secukupnya Icing sugar', '1 buah kuning telur']","[{'text': 'Campur semua bahan langsung menjadi satu menggunakan manual saja ya Bun. Jangan mixer.', 'images': ['https://img-global.cpcdn.com/steps/1c96ccb67d050de3/400x400cq80/photo.jpg']}, {'text': 'Panggang dengan suhu 130 derajat, selama 45 -50 menit. Saya menggunakan oven kirin', 'images': ['https://img-global.cpcdn.com/steps/82c4ba987e9db284/400x400cq80/photo.jpg']}]","Campur semua bahan langsung menjadi satu menggunakan manual saja ya Bun. Jangan mixer., Panggang dengan suhu 130 derajat, selama 45 -50 menit. Saya menggunakan oven kirin","margarin, gula, tepung terigu protein rendah, keju, maizena, susu bubuk, icing sugar, kuning telur","putri salju Putri salju Bahan margarin, gula, tepung terigu protein rendah, keju, maizena, susu bubuk, icing sugar, kuning telur Langkah-Langkah Campur semua bahan langsung menjadi satu menggunakan manual saja ya Bun. Jangan mixer., Panggang dengan suhu 130 derajat, selama 45 -50 menit. Saya menggunakan oven kirin"
resep-22564280,putri salju,https://cookpad.com/id/resep/22564280,Putri Salju Red Velvet No Oven No Mixer,https://img-global.cpcdn.com/recipes/fd5c8dbdd7dcd60e/1200x630cq80/photo.jpg,"['300 gr margarin', 'Secukupnya pasta Red Velvet (bisa pakai pop ice rasa Red Velvet 2 sachet)', '3 sdm gula halus (jika pakai pop ice gula dalam adonan di skip)', '400 gr tepung segitiga biru', '1 sdm tepung maizena', '1 sachet susu Dancow putih', 'Secukupnya gula halus/gula donat, untuk topping']","[{'text': 'Sangrai tepung terigu, sampai terasa hangat, kemudian ayak.', 'images': ['https://img-global.cpcdn.com/steps/10913abbbe3ddb9e/400x400cq80/photo.jpg', 'https://img-global.cpcdn.com/steps/5adc8ad222927627/400x400cq80/photo.jpg']}, {'text': 'Kocok margarin, gula halus, dan pasta red Velvet, sampai terasa lembut dan rata menggunakan wisker. Masukkan susu bubuk, tepung maizena, dan tepung terigu secara bertahap sambil diaduk perlahan.', 'images': ['https://img-global.cpcdn.com/steps/c71c567a0505c0af/400x400cq80/photo.jpg', 'https://img-global.cpcdn.com/steps/19c274a32d6d8192/400x400cq80/photo.jpg']}, {'text': 'Aduk dengan tangan sebentar sampai adonan menyatu, ambil adonan pakai sendok takar 5 gr.', 'images': ['https://img-global.cpcdn.com/steps/d705ccbee128a8ce/400x400cq80/photo.jpg', 'https://img-global.cpcdn.com/steps/b36fd978363aefab/400x400cq80/photo.jpg']}, {'text': 'Bulatkan, kemudian tata diatas teflon. Panggang dengan api kecil selama 25-30 menit.', 'images': ['https://img-global.cpcdn.com/steps/0e05d00289e26f19/400x400cq80/photo.jpg', 'https://img-global.cpcdn.com/steps/8119643f9f701d06/400x400cq80/photo.jpg']}, {'text': 'Setelah matang, tunggu hangat, kemudian balurkan pada gula halus hingga rata.', 'images': ['https://img-global.cpcdn.com/steps/d43d7eb79dc7cfa6/400x400cq80/photo.jpg', 'https://img-global.cpcdn.com/steps/0e746143b7772761/400x400cq80/photo.jpg']}, {'text': 'Lakukan hingga kue habis, simpan di toples, dan siap di hidangkan.', 'images': ['https://img-global.cpcdn.com/steps/342d93a18297f88f/400x400cq80/photo.jpg', 'https://img-global.cpcdn.com/steps/68220d60e566de0e/400x400cq80/photo.jpg']}]","Sangrai tepung terigu, sampai terasa hangat, kemudian ayak., Kocok margarin, gula halus, dan pasta red Velvet, sampai terasa lembut dan rata menggunakan wisker. Masukkan susu bubuk, tepung maizena, dan tepung terigu secara bertahap sambil diaduk perlahan., Aduk dengan tangan sebentar sampai adonan menyatu, ambil adonan pakai sendok takar 5 gr., Bulatkan, kemudian tata diatas teflon. Panggang dengan api kecil selama 25-30 menit., Setelah matang, tunggu hangat, kemudian balurkan pada gula halus hingga rata., Lakukan hingga kue habis, simpan di toples, dan siap di hidangkan.","margarin, pasta red velvet, gula, tepung biru, tepung maizena, susu cow putih, gula halusgula donat","putri salju Putri Salju Red Velvet No Oven No Mixer Bahan margarin, pasta red velvet, gula, tepung biru, tepung maizena, susu cow putih, gula halusgula donat Langkah-Langkah Sangrai tepung terigu, sampai terasa hangat, kemudian ayak., Kocok margarin, gula halus, dan pasta red Velvet, sampai terasa lembut dan rata menggunakan wisker. Masukkan susu bubuk, tepung maizena, dan tepung terigu secara bertahap sambil diaduk perlahan., Aduk dengan tangan sebentar sampai adonan menyatu, ambil adonan pakai sendok takar 5 gr., Bulatkan, kemudian tata diatas teflon. Panggang dengan api kecil selama 25-30 menit., Setelah matang, tunggu hangat, kemudian balurkan pada gula halus hingga rata., Lakukan hingga kue habis, simpan di toples, dan siap di hidangkan."
resep-24874232,putri salju,https://cookpad.com/id/resep/24874232,Putri Salju Lumer,https://img-global.cpcdn.com/recipes/416616eff6bd8ab8/1200x630cq80/photo.jpg,"['100 gr buttermix', '25 gr keju cheddar parut (taruh dikulkas dulu)', '25 gr mete panggang, cincang agak kasar (jangan bubuk dan jangan terlalu kasar juga)', '35 gram gula halus', '35 gram almond meal', '1/4 st vanilla extract', '1/4 st garam halus', '1 butir kuning telur', '100 gr tepung terigu pro rendah yg sudah disangrai', '20 gr maizena', '15 gr susu bubuk', '125 gr gula donat', '10 gr susu bubuk']","[{'text': 'Siapkan dan timbang bahan2, ayak bahan B, di wadah terpisah ayak juga bahan C (untuk buttermix di bahan A, lihat lampiran resep)', 'images': ['https://img-global.cpcdn.com/steps/a15dd57b123f4b7f/400x400cq80/photo.jpg']}, {'text': 'Kocok bahan A jadi satu menggunakan whisk, sebentar saja asal tercampur, kurleb 1-2menitan', 'images': ['https://img-global.cpcdn.com/steps/8afc262eb9ac115d/400x400cq80/photo.jpg']}, {'text': 'Masukkan bahan B sambil diayak (boleh juga diayak dulu saat menyiapkan bahan), lalu aduk rata menggunakan spatula', 'images': ['https://img-global.cpcdn.com/steps/924d77bc4d668f2c/400x400cq80/photo.jpg', 'https://img-global.cpcdn.com/steps/0c70f642e73abd7a/400x400cq80/photo.jpg', 'https://img-global.cpcdn.com/steps/6246d1eb9a32f816/400x400cq80/photo.jpg']}, {'text': 'Bentuk sesuai selera (aku dipulung bulet2 biar cepet), atur diloyang yg sudah dialasi kertas', 'images': ['https://img-global.cpcdn.com/steps/11d16c02ff924cbe/400x400cq80/photo.jpg']}, {'text': 'Panggang di oven yg sudah dipanaskan suhu 160°C, kurleb 20 menit', 'images': ['https://img-global.cpcdn.com/steps/b95ca7ddfecdcea8/400x400cq80/photo.jpg', 'https://img-global.cpcdn.com/steps/5d5947d2d689d815/400x400cq80/photo.jpg', 'https://img-global.cpcdn.com/steps/967eec71f468ed0e/400x400cq80/photo.jpg']}, {'text': 'Panas2 gulingkan kedalam bahan C yg sudah diayak', 'images': ['https://img-global.cpcdn.com/steps/f260ef1827ce7f06/400x400cq80/photo.jpg', 'https://img-global.cpcdn.com/steps/e2481dc0ed2a0b87/400x400cq80/photo.jpg', 'https://img-global.cpcdn.com/steps/5618125b44132bfd/400x400cq80/photo.jpg']}, {'text': 'Ini enak bgt, lumer dilidah ga cukup 1 resep bikinnya ternyata', 'images': ['https://img-global.cpcdn.com/steps/9a177c98afe03bbe/400x400cq80/photo.jpg', 'https://img-global.cpcdn.com/steps/da4f32c69b483442/400x400cq80/photo.jpg', 'https://img-global.cpcdn.com/steps/313a82c18c6f4e08/400x400cq80/photo.jpg']}]","Siapkan dan timbang bahan2, ayak bahan B, di wadah terpisah ayak juga bahan C (untuk buttermix di bahan A, lihat lampiran resep), Kocok bahan A jadi satu menggunakan whisk, sebentar saja asal tercampur, kurleb 1-2menitan, Masukkan bahan B sambil diayak (boleh juga diayak dulu saat menyiapkan bahan), lalu aduk rata menggunakan spatula, Bentuk sesuai selera (aku dipulung bulet2 biar cepet), atur diloyang yg sudah dialasi kertas, Panggang di oven yg sudah dipanaskan suhu 160°C, kurleb 20 menit, Panas2 gulingkan kedalam bahan C yg sudah diayak, Ini enak bgt, lumer dilidah ga cukup 1 resep bikinnya ternyata","buttermix, keju cheddar taruh dikulkas dulu, mete, gula, almond meal, vanilla extract, garam, kuning telur, tepung terigu, maizena, susu bubuk, gula donat, susu bubuk","putri salju Putri Salju Lumer Bahan buttermix, keju cheddar taruh dikulkas dulu, mete, gula, almond meal, vanilla extract, garam, kuning telur, tepung terigu, maizena, susu bubuk, gula donat, susu bubuk Langkah-Langkah Siapkan dan timbang bahan2, ayak bahan B, di wadah terpisah ayak juga bahan C (untuk buttermix di bahan A, lihat lampiran resep), Kocok bahan A jadi satu menggunakan whisk, sebentar saja asal tercampur, kurleb 1-2menitan, Masukkan bahan B sambil diayak (boleh juga diayak dulu saat menyiapkan bahan), lalu aduk rata menggunakan spatula, Bentuk sesuai selera (aku dipulung bulet2 biar cepet), atur diloyang yg sudah dialasi kertas, Panggang di oven yg sudah dipanaskan suhu 160°C, kurleb 20 menit, Panas2 gulingkan kedalam bahan C yg sudah diayak, Ini enak bgt, lumer dilidah ga cukup 1 resep bikinnya ternyata"
resep-24793892,putri salju,https://cookpad.com/id/resep/24793892,Putri Salju,https://img-global.cpcdn.com/recipes/f30b9a8febf26808/1200x630cq80/photo.jpg,"['3 buah Kuning telur', 'Secukupnya Gula halus untuk taburan (--+250 gr)', '120 gr Gula pasir', '360 gr Mentega', '600 gr Tepung terigu', '6 sdm Maizena', '1 bungkus Vanili (2 gr)', '1-2 bungkus Susu bubuk vanila (27-54 gr)']","[{'text': 'Siapkan semua bahan.', 'images': ['https://img-global.cpcdn.com/steps/7079cd30d6ea560a/400x400cq80/photo.jpg']}, {'text': 'Mixer gula dan mentega sampai berubah warna keputihan lalu masukkan kuning telur secara bertahap.', 'images': ['https://img-global.cpcdn.com/steps/04b2e3aed5fe5dea/400x400cq80/photo.jpg']}, {'text': 'Matikan mixer lalu masukkan bahan kering secara bertahap.', 'images': []}, {'text': 'Aduk sampai rata.', 'images': []}, {'text': 'Kemudian ambil sedikit adonan lalu gilas dengan rolling pin.', 'images': []}, {'text': 'Jika sudah cukup tipis, cetak menggunakan cetakan yang telah dipilih (umumnya menggunakan bentuk bulan sabit).', 'images': []}, {'text': 'Susun diatas loyang yang telah diolesi mentega. (Saya mengoleskan mentega hanya di loyang pertama saja).', 'images': []}, {'text': 'Panggang sampai bagian bawahnya berwarna kecoklatan. (-+5 menit rak bawah & -+5 menit rak atas dan perlu diingat, sesuaikan dengan oven masing-masing). Lalu ulangi proses giling, cetak dan oven sampai adonan habis.', 'images': []}, {'text': 'Jika sudah matang, angkat lalu dinginkan.', 'images': []}, {'text': 'Selanjutnya, masukkan ke wadah gula halus dan aduk sampai terbalut merata.', 'images': []}, {'text': 'Susun ke dalam toples.', 'images': ['https://img-global.cpcdn.com/steps/557486add6e67c3e/400x400cq80/photo.jpg']}, {'text': 'Putri Salju pun siap disajikan.', 'images': []}, {'text': 'Selamat mencoba.', 'images': []}]","Siapkan semua bahan., Mixer gula dan mentega sampai berubah warna keputihan lalu masukkan kuning telur secara bertahap., Matikan mixer lalu masukkan bahan kering secara bertahap., Aduk sampai rata., Kemudian ambil sedikit adonan lalu gilas dengan rolling pin., Jika sudah cukup tipis, cetak menggunakan cetakan yang telah dipilih (umumnya menggunakan bentuk bulan sabit)., Susun diatas loyang yang telah diolesi mentega. (Saya mengoleskan mentega hanya di loyang pertama saja)., Panggang sampai bagian bawahnya berwarna kecoklatan. (-+5 menit rak bawah & -+5 menit rak atas dan perlu diingat, sesuaikan dengan oven masing-masing). Lalu ulangi proses giling, cetak dan oven sampai adonan habis., Jika sudah matang, angkat lalu dinginkan., Selanjutnya, masukkan ke wadah gula halus dan aduk sampai terbalut merata., Susun ke dalam toples., Putri Salju pun siap disajikan., Selamat mencoba.","kuning telur, gula, gula pasir, mentega, tepung terigu, maizena, vanili, susu bubuk vanila","putri salju Putri Salju Bahan kuning telur, gula, gula pasir, mentega, tepung terigu, maizena, vanili, susu bubuk vanila Langkah-Langkah Siapkan semua bahan., Mixer gula dan mentega sampai berubah warna keputihan lalu masukkan kuning telur secara bertahap., Matikan mixer lalu masukkan bahan kering secara bertahap., Aduk sampai rata., Kemudian ambil sedikit adonan lalu gilas dengan rolling pin., Jika sudah cukup tipis, cetak menggunakan cetakan yang telah dipilih (umumnya menggunakan bentuk bulan sabit)., Susun diatas loyang yang telah diolesi mentega. (Saya mengoleskan mentega hanya di loyang pertama saja)., Panggang sampai bagian bawahnya berwarna kecoklatan. (-+5 menit rak bawah & -+5 menit rak atas dan perlu diingat, sesuaikan dengan oven masing-masing). Lalu ulangi proses giling, cetak dan oven sampai adonan habis., Jika sudah matang, angkat lalu dinginkan., Selanjutnya, masukkan ke wadah gula halus dan aduk sampai terbalut merata., Susun ke dalam toples., Putri Salju pun siap disajikan., Selamat mencoba."
resep-14309419,putri salju,https://cookpad.com/id/resep/14309419,Pistache Cheesy Snow Balls Putri Salju,https://img-global.cpcdn.com/recipes/8951d282bcc7dac8/1200x630cq80/photo.jpg,"['150 gr butter, suhu ruang', '60 gr gula halus', '50 gr susu bubuk fullcream', '200 gr tepung terigu pro rendah', '50 gr Maizena', '2 butir kuning telur', '50 gr keju parut (saya pakai 20gr Parmigiano Reggiano + 30gr keju Gouda)', '30 gr tepung pistachio', 'Susu bubuk+gula icing untuk bedak']","[{'text': 'Berdoa dan cuci tangan. Saya pakai prosesor/bisa dengan tangan atau mixer ya, campur butter, kuning telur dan gula, kemudian masukkan keju dan tepung-tepungan.', 'images': ['https://img-global.cpcdn.com/steps/2647690ce655cce3/400x400cq80/photo.jpg', 'https://img-global.cpcdn.com/steps/471a96a6b6f39b81/400x400cq80/photo.jpg', 'https://img-global.cpcdn.com/steps/8a43fe067c2a320f/400x400cq80/photo.jpg']}, {'text': 'Proses sampai semu bahan tercampur rata. Pindah ke meja atau baskom, tuang tepung pistachionya. Uleni rata, bungkus plastik. Diamkan dalam kulkas sekitar 30menit.', 'images': ['https://img-global.cpcdn.com/steps/b8d30da811422318/400x400cq80/photo.jpg', 'https://img-global.cpcdn.com/steps/d3aaa96e6592f77a/400x400cq80/photo.jpg', 'https://img-global.cpcdn.com/steps/dcce3e1569ff682d/400x400cq80/photo.jpg']}, {'text': 'Panaskan oven suhu 150-160 °C. Ambil adonan, bentuk bulat sekitar 10gr. Tata dalam loyang, oven sampai matang (saya oven sekitar 15menit). Bisa dites dulu, ambil 1, belah tengahnya, jika sudah tampak kering tapi lembab, tandanya bisa diambil. Lalu masukkan ke dalam wadah berisi campuran icing sugar + susu bubuk tadi', 'images': ['https://img-global.cpcdn.com/steps/cb701283a8e451a2/400x400cq80/photo.jpg', 'https://img-global.cpcdn.com/steps/d84b44a2869243d7/400x400cq80/photo.jpg']}, {'text': 'Ambil satu-satu kue jika semua permukaan sudah terbedaki . Tata di toples, dinginkan, tutup rapat. Jadi deh....', 'images': ['https://img-global.cpcdn.com/steps/c4f7da7d3d795a5c/400x400cq80/photo.jpg', 'https://img-global.cpcdn.com/steps/3bc4f45a37b56977/400x400cq80/photo.jpg']}, {'text': 'Taraaa.... Siap untuk lebaran lagiii.... Hehe...', 'images': ['https://img-global.cpcdn.com/steps/c30ae0eb16f0db4a/400x400cq80/photo.jpg']}]","Berdoa dan cuci tangan. Saya pakai prosesor/bisa dengan tangan atau mixer ya, campur butter, kuning telur dan gula, kemudian masukkan keju dan tepung-tepungan., Proses sampai semu bahan tercampur rata. Pindah ke meja atau baskom, tuang tepung pistachionya. Uleni rata, bungkus plastik. Diamkan dalam kulkas sekitar 30menit., Panaskan oven suhu 150-160 °C. Ambil adonan, bentuk bulat sekitar 10gr. Tata dalam loyang, oven sampai matang (saya oven sekitar 15menit). Bisa dites dulu, ambil 1, belah tengahnya, jika sudah tampak kering tapi lembab, tandanya bisa diambil. Lalu masukkan ke dalam wadah berisi campuran icing sugar + susu bubuk tadi, Ambil satu-satu kue jika semua permukaan sudah terbedaki . Tata di toples, dinginkan, tutup rapat. Jadi deh...., Taraaa.... Siap untuk lebaran lagiii.... Hehe...","butter suhu ruang, gula, susu bubuk fullcream, tepung terigu, maizena, kuning telur, keju, tepung pistachio, susu bubukgula","putri salju Pistache Cheesy Snow Balls Putri Salju Bahan butter suhu ruang, gula, susu bubuk fullcream, tepung terigu, maizena, kuning telur, keju, tepung pistachio, susu bubukgula Langkah-Langkah Berdoa dan cuci tangan. Saya pakai prosesor/bisa dengan tangan atau mixer ya, campur butter, kuning telur dan gula, kemudian masukkan keju dan tepung-tepungan., Proses sampai semu bahan tercampur rata. Pindah ke meja atau baskom, tuang tepung pistachionya. Uleni rata, bungkus plastik. Diamkan dalam kulkas sekitar 30menit., Panaskan oven suhu 150-160 °C. Ambil adonan, bentuk bulat sekitar 10gr. Tata dalam loyang, oven sampai matang (saya oven sekitar 15menit). Bisa dites dulu, ambil 1, belah tengahnya, jika sudah tampak kering tapi lembab, tandanya bisa diambil. Lalu masukkan ke dalam wadah berisi campuran icing sugar + susu bubuk tadi, Ambil satu-satu kue jika semua permukaan sudah terbedaki . Tata di toples, dinginkan, tutup rapat. Jadi deh...., Taraaa.... Siap untuk lebaran lagiii.... Hehe..."
resep-24876695,lidah kucing,https://cookpad.com/id/resep/24876695,Lidah Kucing Lumer,https://img-global.cpcdn.com/recipes/ffeb80e80c0a787a/1200x630cq80/photo.jpg,"['100 gr putih telur (kurleb 3 butir)', '1/4 st garam halus', '200 gr buttermix', '100 gr gula bubuk', '1/2 st vanilla extract', '120 gr terigu protein rendah yg sudah disangrai', '15 gr susu bubuk', '15 gr maizena']","[{'text': 'Kocok bahan A sampai kaku', 'images': ['https://img-global.cpcdn.com/steps/a8555ec32a54b35f/400x400cq80/photo.jpg', 'https://img-global.cpcdn.com/steps/74fa3d8c47d8eb7e/400x400cq80/photo.jpg', 'https://img-global.cpcdn.com/steps/e8248263bb8236f9/400x400cq80/photo.jpg']}, {'text': 'Kocok bahan B sampai putih, halus lembut dan mengembang', 'images': ['https://img-global.cpcdn.com/steps/b12ac8f17e7a519c/400x400cq80/photo.jpg', 'https://img-global.cpcdn.com/steps/c5940aa06eeb7a6d/400x400cq80/photo.jpg', 'https://img-global.cpcdn.com/steps/b12bcdbbf7173d91/400x400cq80/photo.jpg']}, {'text': 'Ayak bahan C lalu masukkan sebagian ke bahan B ditambah separuh bahan A, aduk ringan, masukkan sisa bahan C dan A, aduk sampai semua tercampur rata', 'images': ['https://img-global.cpcdn.com/steps/c0c349632f57f022/400x400cq80/photo.jpg', 'https://img-global.cpcdn.com/steps/d518f406888f5b86/400x400cq80/photo.jpg', 'https://img-global.cpcdn.com/steps/fb71cc6dfe4edd37/400x400cq80/photo.jpg']}, {'text': 'Spuitkan di loyang lidah kucing yg sudah dioles (aku pake carlo), kalo ga ada loyang lidah kucing, boleh diloyang biasa dilapisi baking paper, panggang di oven yg sudah dipanaskan suhu 160°C, kurleb 30 menit (tergantung oven)', 'images': ['https://img-global.cpcdn.com/steps/826e4db27c2aa072/400x400cq80/photo.jpg', 'https://img-global.cpcdn.com/steps/aa216e043a55924e/400x400cq80/photo.jpg', 'https://img-global.cpcdn.com/steps/e3b8922012c4a05f/400x400cq80/photo.jpg']}, {'text': 'Aku sengaja panggang ga terlalu coklat, kalau yg suka agak coklat silahkan diatur suhu dan lama pemanggangannya sesuai selera, segera lepaskan dari loyang saat masih panas', 'images': ['https://img-global.cpcdn.com/steps/a43d906276aa9728/400x400cq80/photo.jpg', 'https://img-global.cpcdn.com/steps/eda8e2649d10a1ea/400x400cq80/photo.jpg']}, {'text': 'Ini enak bgt seh, kokoh walaupun ga pake margarin, dan lumer bgt begitu kena lidah', 'images': ['https://img-global.cpcdn.com/steps/ecbbe35319da7745/400x400cq80/photo.jpg']}]","Kocok bahan A sampai kaku, Kocok bahan B sampai putih, halus lembut dan mengembang, Ayak bahan C lalu masukkan sebagian ke bahan B ditambah separuh bahan A, aduk ringan, masukkan sisa bahan C dan A, aduk sampai semua tercampur rata, Spuitkan di loyang lidah kucing yg sudah dioles (aku pake carlo), kalo ga ada loyang lidah kucing, boleh diloyang biasa dilapisi baking paper, panggang di oven yg sudah dipanaskan suhu 160°C, kurleb 30 menit (tergantung oven), Aku sengaja panggang ga terlalu coklat, kalau yg suka agak coklat silahkan diatur suhu dan lama pemanggangannya sesuai selera, segera lepaskan dari loyang saat masih panas, Ini enak bgt seh, kokoh walaupun ga pake margarin, dan lumer bgt begitu kena lidah","putih telur kurleb, garam, buttermix, gula bubuk, vanilla extract, terigu protein rendah, susu bubuk, maizena","lidah kucing Lidah Kucing Lumer Bahan putih telur kurleb, garam, buttermix, gula bubuk, vanilla extract, terigu protein rendah, susu bubuk, maizena Langkah-Langkah Kocok bahan A sampai kaku, Kocok bahan B sampai putih, halus lembut dan mengembang, Ayak bahan C lalu masukkan sebagian ke bahan B ditambah separuh bahan A, aduk ringan, masukkan sisa bahan C dan A, aduk sampai semua tercampur rata, Spuitkan di loyang lidah kucing yg sudah dioles (aku pake carlo), kalo ga ada loyang lidah kucing, boleh diloyang biasa dilapisi baking paper, panggang di oven yg sudah dipanaskan suhu 160°C, kurleb 30 menit (tergantung oven), Aku sengaja panggang ga terlalu coklat, kalau yg suka agak coklat silahkan diatur suhu dan lama pemanggangannya sesuai selera, segera lepaskan dari loyang saat masih panas, Ini enak bgt seh, kokoh walaupun ga pake margarin, dan lumer bgt begitu kena lidah"
resep-24586215,lidah kucing,https://cookpad.com/id/resep/24586215,Lidah Kucing Keju,https://img-global.cpcdn.com/recipes/ea33db104adaa9a3/1200x630cq80/photo.jpg,"['70 gr Putih Telur (dari 2 butir telur)', '40 gr Gula pasir halus', '1 sdt Pasta Vanilla', '200 gr Margarine', '40 gr Gula pasir halus', '135 gr Terigu pro sedang', '30 gr Maizena', '1 sdm Susu Bubuk', '1/4 sdt Garam', '50 gr Keju Cheddar parut']","[{'text': 'Mixer Putih telur + gula + vanilla sampai soft peak. Mixer Margarine + gula sampai creamy (lihat caranya di langkah 1 lampiran). Masukkan bahan kering, sambil disaring, aduk rata dgn spatulla. Masukkan kedalam plastik segitiga. Sy menggunakan spuit bundar, diameter ujungnya 1 cm. Spuit adonan dalam loyang yg sdh dilapis kertas baking dgn garis lipatan sebagai batasnya.', 'images': ['https://img-global.cpcdn.com/steps/e77377102a9c08af/400x400cq80/photo.jpg']}, {'text': 'Panaskan oven 160°C selama 8 menit. Panggang dalam oven 160°C selama 15 menit, putar loyang, agar kematangan merata. Panggang lagi selama 10 menit dgn suhu 160°C, sampai matang.', 'images': ['https://img-global.cpcdn.com/steps/850fd06fb0ff5d95/400x400cq80/photo.jpg']}, {'text': 'Keluarkan dari oven, pindahkan ke piring, dan dinginkan sebentar pada suhu ruang.', 'images': ['https://img-global.cpcdn.com/steps/25bc4aba5a809d0b/400x400cq80/photo.jpg']}, {'text': 'Simpan di toples tertutup. Sajikan untuk snack minum teh atau kopi.', 'images': ['https://img-global.cpcdn.com/steps/3bc320612dd6ef44/400x400cq80/photo.jpg']}]","Mixer Putih telur + gula + vanilla sampai soft peak. Mixer Margarine + gula sampai creamy (lihat caranya di langkah 1 lampiran). Masukkan bahan kering, sambil disaring, aduk rata dgn spatulla. Masukkan kedalam plastik segitiga. Sy menggunakan spuit bundar, diameter ujungnya 1 cm. Spuit adonan dalam loyang yg sdh dilapis kertas baking dgn garis lipatan sebagai batasnya., Panaskan oven 160°C selama 8 menit. Panggang dalam oven 160°C selama 15 menit, putar loyang, agar kematangan merata. Panggang lagi selama 10 menit dgn suhu 160°C, sampai matang., Keluarkan dari oven, pindahkan ke piring, dan dinginkan sebentar pada suhu ruang., Simpan di toples tertutup. Sajikan untuk snack minum teh atau kopi.","putih telur, gula pasir, pasta vanilla, margarine, gula pasir, terigu pro seg, maizena, susu bubuk, garam, keju cheddar","lidah kucing Lidah Kucing Keju Bahan putih telur, gula pasir, pasta vanilla, margarine, gula pasir, terigu pro seg, maizena, susu bubuk, garam, keju cheddar Langkah-Langkah Mixer Putih telur + gula + vanilla sampai soft peak. Mixer Margarine + gula sampai creamy (lihat caranya di langkah 1 lampiran). Masukkan bahan kering, sambil disaring, aduk rata dgn spatulla. Masukkan kedalam plastik segitiga. Sy menggunakan spuit bundar, diameter ujungnya 1 cm. Spuit adonan dalam loyang yg sdh dilapis kertas baking dgn garis lipatan sebagai batasnya., Panaskan oven 160°C selama 8 menit. Panggang dalam oven 160°C selama 15 menit, putar loyang, agar kematangan merata. Panggang lagi selama 10 menit dgn suhu 160°C, sampai matang., Keluarkan dari oven, pindahkan ke piring, dan dinginkan sebentar pada suhu ruang., Simpan di toples tertutup. Sajikan untuk snack minum teh atau kopi."
resep-24754487,lidah kucing,https://cookpad.com/id/resep/24754487,Lidah Kucing Matcha Greentea,https://img-global.cpcdn.com/recipes/5c59dbf6e59d7cb2/1200x630cq80/photo.jpg,"['125 gr butter', '125 gr margarine', '175 gr gula halus', '75 ml putih telur', '240 gr tepung terigu protein rendah', '6 gr bubuk matcha', '1 sdt perisa matcha', '1/4 sdt Baking powder']","[{'text': 'Siapkan bahan2nya dan loyang Lidah Kucing', 'images': ['https://img-global.cpcdn.com/steps/cad773ab0daaa328/400x400cq80/photo.jpg', 'https://img-global.cpcdn.com/steps/a2f2d624c1b85de1/400x400cq80/photo.jpg']}, {'text': 'Kocok lemak (butter & margarine) dan gula halus dengan mixer sampai mengembang ringan', 'images': ['https://img-global.cpcdn.com/steps/f3757d91a980eb3d/400x400cq80/photo.jpg', 'https://img-global.cpcdn.com/steps/4196c9f3ae38246e/400x400cq80/photo.jpg']}, {'text': 'Tuang putih telur,kocok kembali sekitar 5 menit,turunkan ke speed rendah masukkan bubuk matcha, perisa matcha dan tepung terigu yg sudah di ayak sebelumnya. Matikan mixer, aduk rata adonan.', 'images': []}, {'text': 'Masukkan adonan dalam piping bag / plastik segitiga lalu gunting ujungnya. Semprotkan semua adonan di atas loyang lidah kucing yg sudah di oles pengoles loyang. Beri taburan almond dan panggang dalam suhu 130 darcel (tergantung kondisi masing oven)', 'images': []}, {'text': 'Setelah matang lalu pindahkan ke wadah kedap agar terjaga kerenyahannya, bisa juga langsung susun di dalam toples (sesuai selera)', 'images': ['https://img-global.cpcdn.com/steps/2349f64826e4dfbe/400x400cq80/photo.jpg', 'https://img-global.cpcdn.com/steps/c7327c8e9622e101/400x400cq80/photo.jpg', 'https://img-global.cpcdn.com/steps/47d5571103861cfe/400x400cq80/photo.jpg']}, {'text': 'Bisa juga sebagai isian hampers LEBARAN', 'images': ['https://img-global.cpcdn.com/steps/bf0ffa04371f3408/400x400cq80/photo.jpg', 'https://img-global.cpcdn.com/steps/d337ab094ef092d0/400x400cq80/photo.jpg']}]","Siapkan bahan2nya dan loyang Lidah Kucing, Kocok lemak (butter & margarine) dan gula halus dengan mixer sampai mengembang ringan, Tuang putih telur,kocok kembali sekitar 5 menit,turunkan ke speed rendah masukkan bubuk matcha, perisa matcha dan tepung terigu yg sudah di ayak sebelumnya. Matikan mixer, aduk rata adonan., Masukkan adonan dalam piping bag / plastik segitiga lalu gunting ujungnya. Semprotkan semua adonan di atas loyang lidah kucing yg sudah di oles pengoles loyang. Beri taburan almond dan panggang dalam suhu 130 darcel (tergantung kondisi masing oven), Setelah matang lalu pindahkan ke wadah kedap agar terjaga kerenyahannya, bisa juga langsung susun di dalam toples (sesuai selera), Bisa juga sebagai isian hampers LEBARAN","butter, margarine, gula, putih telur, tepung terigu protein rendah, bubuk matcha, perisa matcha, baking powder","lidah kucing Lidah Kucing Matcha Greentea Bahan butter, margarine, gula, putih telur, tepung terigu protein rendah, bubuk matcha, perisa matcha, baking powder Langkah-Langkah Siapkan bahan2nya dan loyang Lidah Kucing, Kocok lemak (butter & margarine) dan gula halus dengan mixer sampai mengembang ringan, Tuang putih telur,kocok kembali sekitar 5 menit,turunkan ke speed rendah masukkan bubuk matcha, perisa matcha dan tepung terigu yg sudah di ayak sebelumnya. Matikan mixer, aduk rata adonan., Masukkan adonan dalam piping bag / plastik segitiga lalu gunting ujungnya. Semprotkan semua adonan di atas loyang lidah kucing yg sudah di oles pengoles loyang. Beri taburan almond dan panggang dalam suhu 130 darcel (tergantung kondisi masing oven), Setelah matang lalu pindahkan ke wadah kedap agar terjaga kerenyahannya, bisa juga langsung susun di dalam toples (sesuai selera), Bisa juga sebagai isian hampers LEBARAN"
resep-24671146,lidah kucing,https://cookpad.com/id/resep/24671146,Cookies Lidah Kucing,https://img-global.cpcdn.com/recipes/5805ef98cb2eb4f5/1200x630cq80/photo.jpg,"['125 gr butter+ margarin', '70 gr gula diblender halus', '38 gr putih telur', '105 gr terigu', '7 gr susu bubuk (skip)', '30 gr maizena', 'Topping: almond slice atau keju parut']","[{'text': 'Mixer butter+margarin dan gula halus hingga mengembang pucat. Masukkan putih telur, Mixer hingga rata. Masukkan terigu+maizena yang sudah diayak, Mixer sebentar saja lanjutkan aduk sebentar dg spatula.', 'images': ['https://img-global.cpcdn.com/steps/7e574cfb1c82e8ba/400x400cq80/photo.jpg']}, {'text': 'Alasi loyang dg baking paper. Masukkan adonan ke pipping bag, semprotkan dg panjang, kurleb 5cm. Tambahkan almond slice diatasnya. Panggang 25 menit di oven suhu 140°C yng sudah dipanaskan. Angkat, dinginkan, lalu simpan di toples kedap udara. Rasanya enak bgt, tekstur renyah.', 'images': ['https://img-global.cpcdn.com/steps/19a548f4034b6baa/400x400cq80/photo.jpg', 'https://img-global.cpcdn.com/steps/51868399877bb67a/400x400cq80/photo.jpg', 'https://img-global.cpcdn.com/steps/ce7011fd21c4a43e/400x400cq80/photo.jpg']}]","Mixer butter+margarin dan gula halus hingga mengembang pucat. Masukkan putih telur, Mixer hingga rata. Masukkan terigu+maizena yang sudah diayak, Mixer sebentar saja lanjutkan aduk sebentar dg spatula., Alasi loyang dg baking paper. Masukkan adonan ke pipping bag, semprotkan dg panjang, kurleb 5cm. Tambahkan almond slice diatasnya. Panggang 25 menit di oven suhu 140°C yng sudah dipanaskan. Angkat, dinginkan, lalu simpan di toples kedap udara. Rasanya enak bgt, tekstur renyah.","butter margarin, gula, putih telur, terigu, susu bubuk skip, maizena, topping almond slice keju","lidah kucing Cookies Lidah Kucing Bahan butter margarin, gula, putih telur, terigu, susu bubuk skip, maizena, topping almond slice keju Langkah-Langkah Mixer butter+margarin dan gula halus hingga mengembang pucat. Masukkan putih telur, Mixer hingga rata. Masukkan terigu+maizena yang sudah diayak, Mixer sebentar saja lanjutkan aduk sebentar dg spatula., Alasi loyang dg baking paper. Masukkan adonan ke pipping bag, semprotkan dg panjang, kurleb 5cm. Tambahkan almond slice diatasnya. Panggang 25 menit di oven suhu 140°C yng sudah dipanaskan. Angkat, dinginkan, lalu simpan di toples kedap udara. Rasanya enak bgt, tekstur renyah."
resep-24669917,lidah kucing,https://cookpad.com/id/resep/24669917,Lidah Kucing Devina Hermawan,https://img-global.cpcdn.com/recipes/6541a810ce1600fe/1200x630cq80/photo.jpg,"['75 gr mentega tawar (suhu ruang)', '75 gr salted butter', '90 gr gula halus', '1/2 sdt garam', '1 sdt perisa vanila', '1 butir kuning telur', '15 gr susu bubuk', '120 gr tepung terigu protein sedang', '1/2 sdt baking powder', '60 gr keju cheddar', '50 gr putih telur']","[{'text': 'Parut keju dan sisihkan', 'images': ['https://img-global.cpcdn.com/steps/c5fb48e0536e84f8/400x400cq80/photo.jpg']}, {'text': 'Di dalam mangkuk kocok mentega tawar, salted butter dan gula halus hingga pucat dan mengembang', 'images': ['https://img-global.cpcdn.com/steps/18f96d74d0a19428/400x400cq80/photo.jpg', 'https://img-global.cpcdn.com/steps/589e439bc60db3d8/400x400cq80/photo.jpg']}, {'text': 'Masukkan kuning telur, garam dan perisa vanila, mixer hingga rata', 'images': ['https://img-global.cpcdn.com/steps/5a9682b68a1605e6/400x400cq80/photo.jpg', 'https://img-global.cpcdn.com/steps/a7f2ed50e1fde1ef/400x400cq80/photo.jpg']}, {'text': 'Masukkan tepung terigu, baking powder dan susu bubuk sambil di saring. Masukan keju parut, mixer kembali hingga rata', 'images': ['https://img-global.cpcdn.com/steps/06649617eeef8223/400x400cq80/photo.jpg', 'https://img-global.cpcdn.com/steps/fc2eff36a0e3e45f/400x400cq80/photo.jpg', 'https://img-global.cpcdn.com/steps/690735d8ce9c81bb/400x400cq80/photo.jpg']}, {'text': 'Masukkan putih telur, kocok sesaat kemudian pindahkan ke dalam piping bag', 'images': ['https://img-global.cpcdn.com/steps/9bf1131087643fed/400x400cq80/photo.jpg', 'https://img-global.cpcdn.com/steps/b42bad695730f7bb/400x400cq80/photo.jpg', 'https://img-global.cpcdn.com/steps/82aea4ae299d84e3/400x400cq80/photo.jpg']}, {'text': 'Siapkan baking paper seukuran loyang yang akan digunakan. Lipat menjadi 4 bagian lalu lipat lagi sekitar 1 cm untuk jarak', 'images': ['https://img-global.cpcdn.com/steps/6451a562d38dfc57/400x400cq80/photo.jpg', 'https://img-global.cpcdn.com/steps/9156afef9c961224/400x400cq80/photo.jpg']}, {'text': 'Semprotkan adonan lidah kucing lalu panggang di suhu 130 derajat celcius selama 25 menit', 'images': ['https://img-global.cpcdn.com/steps/801f8dad9ff2c03d/400x400cq80/photo.jpg', 'https://img-global.cpcdn.com/steps/be5d066b6ee59f20/400x400cq80/photo.jpg', 'https://img-global.cpcdn.com/steps/0cf3f3e47291dc55/400x400cq80/photo.jpg']}, {'text': 'Lidah kucing keju siap disajikan', 'images': ['https://img-global.cpcdn.com/steps/41ed2c12bea5a8bd/400x400cq80/photo.jpg']}]","Parut keju dan sisihkan, Di dalam mangkuk kocok mentega tawar, salted butter dan gula halus hingga pucat dan mengembang, Masukkan kuning telur, garam dan perisa vanila, mixer hingga rata, Masukkan tepung terigu, baking powder dan susu bubuk sambil di saring. Masukan keju parut, mixer kembali hingga rata, Masukkan putih telur, kocok sesaat kemudian pindahkan ke dalam piping bag, Siapkan baking paper seukuran loyang yang akan digunakan. Lipat menjadi 4 bagian lalu lipat lagi sekitar 1 cm untuk jarak, Semprotkan adonan lidah kucing lalu panggang di suhu 130 derajat celcius selama 25 menit, Lidah kucing keju siap disajikan","mentega, salted butter, gula, garam, perisa vanila, kuning telur, susu bubuk, tepung terigu protein seg, baking powder, keju cheddar, putih telur","lidah kucing Lidah Kucing Devina Hermawan Bahan mentega, salted butter, gula, garam, perisa vanila, kuning telur, susu bubuk, tepung terigu protein seg, baking powder, keju cheddar, putih telur Langkah-Langkah Parut keju dan sisihkan, Di dalam mangkuk kocok mentega tawar, salted butter dan gula halus hingga pucat dan mengembang, Masukkan kuning telur, garam dan perisa vanila, mixer hingga rata, Masukkan tepung terigu, baking powder dan susu bubuk sambil di saring. Masukan keju parut, mixer kembali hingga rata, Masukkan putih telur, kocok sesaat kemudian pindahkan ke dalam piping bag, Siapkan baking paper seukuran loyang yang akan digunakan. Lipat menjadi 4 bagian lalu lipat lagi sekitar 1 cm untuk jarak, Semprotkan adonan lidah kucing lalu panggang di suhu 130 derajat celcius selama 25 menit, Lidah kucing keju siap disajikan"
resep-24955613,sagu keju,https://cookpad.com/id/resep/24955613,Sagu keju,https://img-global.cpcdn.com/recipes/2e49c46989a09397/1200x630cq80/photo.jpg,"['250 gr margarin (50 gr blue band + 200 gr mahal)', '1 buah kuning telur', '30 gr maizena', '300 gr tepung protein rendah', '60 gr gula dihaluskan', '30 gr susu bubuk', '30 gr maizena', 'secukupnya Icing sugar', '60-80 gr keju parut', 'Plastik segitiga + mixer']","[{'text': 'Mixer semua kecuali tepung dengan kecepatan tinggi hingga berbuih', 'images': []}, {'text': 'Jika sudah homogen, lalu campurkan tepung. Mixer Dnegan kecepatan tinggi', 'images': ['https://img-global.cpcdn.com/steps/0e604e782119299f/400x400cq80/photo.jpg']}]","Mixer semua kecuali tepung dengan kecepatan tinggi hingga berbuih, Jika sudah homogen, lalu campurkan tepung. Mixer Dnegan kecepatan tinggi","margarin, kuning telur, maizena, tepung protein rendah, gula, susu bubuk, maizena, icing sugar, keju, plastik mixer","sagu keju Sagu keju Bahan margarin, kuning telur, maizena, tepung protein rendah, gula, susu bubuk, maizena, icing sugar, keju, plastik mixer Langkah-Langkah Mixer semua kecuali tepung dengan kecepatan tinggi hingga berbuih, Jika sudah homogen, lalu campurkan tepung. Mixer Dnegan kecepatan tinggi"
resep-24969867,sagu keju,https://cookpad.com/id/resep/24969867,Sagu Keju,https://img-global.cpcdn.com/recipes/eb60038d02597786/1200x630cq80/photo.jpg,"['300 gr tepung sagu', '140 gr gula halus', '100 gr margarin', '50 gr mentega', '1 kuning telur', '1 santan instan ukuran kecil', '100 gr keju cheddar parut', '2 lembar daun pandan']","[{'text': 'Sangrai sagu dan daun pandan sampai sagu terasa ringan dan pandan mengering. Lalu saring dan tunggu dingin', 'images': ['https://img-global.cpcdn.com/steps/0c8b0f5f13b78bff/400x400cq80/photo.jpg', 'https://img-global.cpcdn.com/steps/611f2678a1780fb3/400x400cq80/photo.jpg']}, {'text': 'Mixer margarin, mentega dan gula halus selama 2 menit. Masukkan kuning telur, mixer sampai rata. Masukkan santan, mixer kembali sampai rata. Matikan mixer.', 'images': ['https://img-global.cpcdn.com/steps/cf7a0584ff128f0b/400x400cq80/photo.jpg', 'https://img-global.cpcdn.com/steps/be0cbde323bb06ea/400x400cq80/photo.jpg', 'https://img-global.cpcdn.com/steps/2b1978644a026ef0/400x400cq80/photo.jpg']}, {'text': 'Tambahkan keju dan sagu, aduk rata dengan spatula. Masukkan ke plastik segitiga.', 'images': ['https://img-global.cpcdn.com/steps/78adde6a8be61eb6/400x400cq80/photo.jpg', 'https://img-global.cpcdn.com/steps/97b2e80dd0bd2e3e/400x400cq80/photo.jpg', 'https://img-global.cpcdn.com/steps/5376b1ec0b5f0913/400x400cq80/photo.jpg']}, {'text': 'Panaskan oven. Siapkan loyang lapisi dengan baking paper lalu semprotkan adonan di atasnya. Jika suka taburi keju. Panggang selama 40 menit suhu 140 derajat. Pada menit ke 20 tukar loyang atas kebawah. Angkat tunggu dingin lalu simpan di wadah tertutup.', 'images': ['https://img-global.cpcdn.com/steps/3299da94437c2ce2/400x400cq80/photo.jpg', 'https://img-global.cpcdn.com/steps/9343b5f17b7bf70d/400x400cq80/photo.jpg', 'https://img-global.cpcdn.com/steps/a407fcac52a8ec1a/400x400cq80/photo.jpg']}]","Sangrai sagu dan daun pandan sampai sagu terasa ringan dan pandan mengering. Lalu saring dan tunggu dingin, Mixer margarin, mentega dan gula halus selama 2 menit. Masukkan kuning telur, mixer sampai rata. Masukkan santan, mixer kembali sampai rata. Matikan mixer., Tambahkan keju dan sagu, aduk rata dengan spatula. Masukkan ke plastik segitiga., Panaskan oven. Siapkan loyang lapisi dengan baking paper lalu semprotkan adonan di atasnya. Jika suka taburi keju. Panggang selama 40 menit suhu 140 derajat. Pada menit ke 20 tukar loyang atas kebawah. Angkat tunggu dingin lalu simpan di wadah tertutup.","tepung sagu, gula, margarin, mentega, kuning telur, santan instan, keju cheddar, daun pan","sagu keju Sagu Keju Bahan tepung sagu, gula, margarin, mentega, kuning telur, santan instan, keju cheddar, daun pan Langkah-Langkah Sangrai sagu dan daun pandan sampai sagu terasa ringan dan pandan mengering. Lalu saring dan tunggu dingin, Mixer margarin, mentega dan gula halus selama 2 menit. Masukkan kuning telur, mixer sampai rata. Masukkan santan, mixer kembali sampai rata. Matikan mixer., Tambahkan keju dan sagu, aduk rata dengan spatula. Masukkan ke plastik segitiga., Panaskan oven. Siapkan loyang lapisi dengan baking paper lalu semprotkan adonan di atasnya. Jika suka taburi keju. Panggang selama 40 menit suhu 140 derajat. Pada menit ke 20 tukar loyang atas kebawah. Angkat tunggu dingin lalu simpan di wadah tertutup."
resep-24900629,sagu keju,https://cookpad.com/id/resep/24900629,Sagu keju,https://img-global.cpcdn.com/recipes/6d8d8cc0885d7539/1200x630cq80/photo.jpg,"['250 g BOLA Deli Tepung Tapioka', '80 g BOLA Deli Gula Halus', '120 g butter', '1 btr telur', '1 sdt vanilla essens', '150 g keju parut, keringkan', '30 g santan kental']","[{'text': 'Sangrai BOLA Deli Tepung Tapioka sampai ringan, ayak dan biarkan dingin.', 'images': []}, {'text': 'Campur butter, BOLA Deli Gula Halus dan vanilla essens mixer sampai tercampur rata, masukan santan kental dan BOLA Deli Tepung Tapioka yang sudah diayak campur rata.', 'images': []}, {'text': 'Masukan keju parut yang sudah dikeringkan, aduk rata kembali.', 'images': []}, {'text': 'Masukan adonan dalam paping bag, beri spuit bintang.', 'images': []}, {'text': 'Bentuk melingkar diatas loyang yang sudah dipoles margarin, beri keju parut diatasnya.', 'images': []}, {'text': 'Oven kue dengan suhu 15 derajat dengan api atas bawah selama 30 menit, angkat kue dan dinginkan.', 'images': []}, {'text': 'Simpan kue dalam toples kedap udara.', 'images': []}]","Sangrai BOLA Deli Tepung Tapioka sampai ringan, ayak dan biarkan dingin., Campur butter, BOLA Deli Gula Halus dan vanilla essens mixer sampai tercampur rata, masukan santan kental dan BOLA Deli Tepung Tapioka yang sudah diayak campur rata., Masukan keju parut yang sudah dikeringkan, aduk rata kembali., Masukan adonan dalam paping bag, beri spuit bintang., Bentuk melingkar diatas loyang yang sudah dipoles margarin, beri keju parut diatasnya., Oven kue dengan suhu 15 derajat dengan api atas bawah selama 30 menit, angkat kue dan dinginkan., Simpan kue dalam toples kedap udara.","bola deli tepung tapioka, bola deli gula, butter, telur, vanilla essens, keju, santan kental","sagu keju Sagu keju Bahan bola deli tepung tapioka, bola deli gula, butter, telur, vanilla essens, keju, santan kental Langkah-Langkah Sangrai BOLA Deli Tepung Tapioka sampai ringan, ayak dan biarkan dingin., Campur butter, BOLA Deli Gula Halus dan vanilla essens mixer sampai tercampur rata, masukan santan kental dan BOLA Deli Tepung Tapioka yang sudah diayak campur rata., Masukan keju parut yang sudah dikeringkan, aduk rata kembali., Masukan adonan dalam paping bag, beri spuit bintang., Bentuk melingkar diatas loyang yang sudah dipoles margarin, beri keju parut diatasnya., Oven kue dengan suhu 15 derajat dengan api atas bawah selama 30 menit, angkat kue dan dinginkan., Simpan kue dalam toples kedap udara."
resep-17312700,sagu keju,https://cookpad.com/id/resep/17312700,Sagu Keju Coklat dengan Santan,https://img-global.cpcdn.com/recipes/b7722f7c780d734e/1200x630cq80/photo.jpg,"['200 gram royal p@lmia', '100 gram gula halus (hasil kurang manis, silahkan ditambah sesuai selera)', '2 butir kuning telur', '160 gram keju (mix edam+cheddar), parut', '2 sachet santan instan(kara)', '80 gram coklat bubuk (bendorf), sangrai', '320 gram tepung sagu (saya pakai sapapua), timbang setelah disangrai', 'secukupnya Toping: keju parut']","[{'text': 'Campur coklat bubuk dan sagu yang sudah disangrai.', 'images': ['https://img-global.cpcdn.com/steps/336531a3ae15f06a/400x400cq80/photo.jpg']}, {'text': 'Campurkan di baskom,palmia royal dan gula halus dengan spatula hingga tercampur', 'images': ['https://img-global.cpcdn.com/steps/411b74b00bc6bd2a/400x400cq80/photo.jpg', 'https://img-global.cpcdn.com/steps/7a0dd99b167c611c/400x400cq80/photo.jpg']}, {'text': 'Tambahkan kuning telur, aduk rata lagi, masukkan santan dan keju yang sudah diparut, aduk rata', 'images': ['https://img-global.cpcdn.com/steps/c051ef63b575d394/400x400cq80/photo.jpg', 'https://img-global.cpcdn.com/steps/b8ec5fe8eabca09b/400x400cq80/photo.jpg', 'https://img-global.cpcdn.com/steps/072dbf3194f35b1c/400x400cq80/photo.jpg']}, {'text': 'Tambahkan campuran tepung+coklat yang sudah diayak, aduk hingga tercampur rata', 'images': ['https://img-global.cpcdn.com/steps/886df33aac82c339/400x400cq80/photo.jpg', 'https://img-global.cpcdn.com/steps/735ad5140a22efa3/400x400cq80/photo.jpg']}, {'text': 'Cetak dengan spuit di loyang yang sudah dialas kertas baking, toping dengan keju parut, oven hingga matang, keju atasnya kering,tunggu uap panas hilang kemas didalam toples', 'images': ['https://img-global.cpcdn.com/steps/19fab6f2e7426b9a/400x400cq80/photo.jpg', 'https://img-global.cpcdn.com/steps/0cba512600958107/400x400cq80/photo.jpg', 'https://img-global.cpcdn.com/steps/6156e319bc06d29a/400x400cq80/photo.jpg']}]","Campur coklat bubuk dan sagu yang sudah disangrai., Campurkan di baskom,palmia royal dan gula halus dengan spatula hingga tercampur, Tambahkan kuning telur, aduk rata lagi, masukkan santan dan keju yang sudah diparut, aduk rata, Tambahkan campuran tepung+coklat yang sudah diayak, aduk hingga tercampur rata, Cetak dengan spuit di loyang yang sudah dialas kertas baking, toping dengan keju parut, oven hingga matang, keju atasnya kering,tunggu uap panas hilang kemas didalam toples","royal p@lmia, gula, kuning telur, keju mix edamcheddar, santan instankara, coklat bubuk, tepung sagu, keju","sagu keju Sagu Keju Coklat dengan Santan Bahan royal p@lmia, gula, kuning telur, keju mix edamcheddar, santan instankara, coklat bubuk, tepung sagu, keju Langkah-Langkah Campur coklat bubuk dan sagu yang sudah disangrai., Campurkan di baskom,palmia royal dan gula halus dengan spatula hingga tercampur, Tambahkan kuning telur, aduk rata lagi, masukkan santan dan keju yang sudah diparut, aduk rata, Tambahkan campuran tepung+coklat yang sudah diayak, aduk hingga tercampur rata, Cetak dengan spuit di loyang yang sudah dialas kertas baking, toping dengan keju parut, oven hingga matang, keju atasnya kering,tunggu uap panas hilang kemas didalam toples"
resep-24782822,sagu keju,https://cookpad.com/id/resep/24782822,Kue sagu keju,https://img-global.cpcdn.com/recipes/9dfd299d75ce410a/1200x630cq80/photo.jpg,"['170 gr keju parut', '170 gr tepung terigu protein rendah', '130 gr gula halus', '2 butir kuning telur', '40 gr creamer bubuk (saya pakai susu bubuk)', '34 ml santan kental/cooking cream', '195 gr tepung tapioka sangrai', '170 gr margarin', 'Secukupnya keju parut untuk taburan keju dan']","[{'text': 'Kocok margarin dan gula halus sampai mengembang sedikit', 'images': []}, {'text': 'Tambahkan kuning telur dan santan, aduk kembali', 'images': []}, {'text': 'Masukkan tepung tapioka, susu bubuk, dan keju parut secara bertahap. Aduk rata dengan spatula hingga tercampur rata.', 'images': ['https://img-global.cpcdn.com/steps/f0a5c95a0ca023ce/400x400cq80/photo.jpg']}, {'text': 'Setelah adonan rata, cetak di atas loyang (di resep asli menggunakan piping bag)', 'images': ['https://img-global.cpcdn.com/steps/eaf108f6abba0942/400x400cq80/photo.jpg']}, {'text': 'Tambahkan parutan keju di atasnya', 'images': []}, {'text': 'Panggang dengan suhu 35 derajat selama 35 menit', 'images': []}, {'text': 'Setelah 35 menit dan kurang coklat bisa naikkan suhunya ke 150 derajat selama 50 menit', 'images': []}, {'text': 'Pastikan sagu keju sudah kering sebelum dimasukkan ke toples.', 'images': ['https://img-global.cpcdn.com/steps/6c4b6aef74081f43/400x400cq80/photo.jpg']}]","Kocok margarin dan gula halus sampai mengembang sedikit, Tambahkan kuning telur dan santan, aduk kembali, Masukkan tepung tapioka, susu bubuk, dan keju parut secara bertahap. Aduk rata dengan spatula hingga tercampur rata., Setelah adonan rata, cetak di atas loyang (di resep asli menggunakan piping bag), Tambahkan parutan keju di atasnya, Panggang dengan suhu 35 derajat selama 35 menit, Setelah 35 menit dan kurang coklat bisa naikkan suhunya ke 150 derajat selama 50 menit, Pastikan sagu keju sudah kering sebelum dimasukkan ke toples.","keju, tepung terigu protein rendah, gula, kuning telur, creamer bubuk, santan kentalcooking cream, tepung tapioka, margarin, keju keju","sagu keju Kue sagu keju Bahan keju, tepung terigu protein rendah, gula, kuning telur, creamer bubuk, santan kentalcooking cream, tepung tapioka, margarin, keju keju Langkah-Langkah Kocok margarin dan gula halus sampai mengembang sedikit, Tambahkan kuning telur dan santan, aduk kembali, Masukkan tepung tapioka, susu bubuk, dan keju parut secara bertahap. Aduk rata dengan spatula hingga tercampur rata., Setelah adonan rata, cetak di atas loyang (di resep asli menggunakan piping bag), Tambahkan parutan keju di atasnya, Panggang dengan suhu 35 derajat selama 35 menit, Setelah 35 menit dan kurang coklat bisa naikkan suhunya ke 150 derajat selama 50 menit, Pastikan sagu keju sudah kering sebelum dimasukkan ke toples."
